marca_temporal,confesion,imagen,sede
30/11/2024 16:29:23,Esta cuenta está vinculada de alguna forma a sansano.incognito o nada que ver?,,Sj
1/12/2024 13:56:32,"Soy de vita y me enamoré de una mujer de SJ, ayuda😓",,🏫 Vitacura
1/12/2024 15:53:22,"Alguien tiene alguna screenshot de la antigua formula esa del pene perfecto? Que tenia el radio de la cabeza, el angulo de inclinacion etc, que no se haga lost media XDDDDDD",,🏛️ San Joaquín
3/12/2024 11:48:19,Vuelve ATENEAAAAA te extrañamos 🥺🤧😭😭😭😭😭😭😭,,Todas las sedes
3/12/2024 13:13:27,Bombardeen al dfis,,印更多的钱
3/12/2024 16:53:28,Que libros me recomiendan para estudiar mate-022 y fis-130 en el verano?,,🏫 Vitacura
3/12/2024 20:24:45,"el próximo año entro a vespertino en sj y quería saber cómo era el ambiente en vespertino, pa ir cachando, soy de región y me voy con pega pa stgo, tengo dudas de qué tan cogoteable es la zona y si es mejor irme en auto o en micro y qué tal el ambiente de noche en la usm, qué cosas se pueden llegar a ver ",,🏛️ San Joaquín
3/12/2024 21:26:56,Volvio la cuenta Let's gooooooooo,,🚢 Casa Central
3/12/2024 23:47:28,"GRACIAS POR VOLVER, ¿quiénes son los nuevos admins aparte de la atenea?",,🚢 Casa Central
4/12/2024 0:22:24,">Finalmente aprueba 130 luego de tener VTR3
>Al rato siguiente se echa un ramo fácil de informática

Fml",,🏛️ San Joaquín
5/12/2024 17:35:00,Cómo es la vida de ser admin ,,🏛️ San Joaquín
5/12/2024 17:51:20,Agreguen al admin de confes.sansanas y al de confesiones.yerko.sansano como admins,,🏛️ San Joaquín
6/12/2024 12:21:19,"Alguien que haya tomado ""arte e ingeniería"" que me  pudiera decir que tal el ramo (de que trata, cuantas evaluaciones, etc)",,🏫 Vitacura
6/12/2024 12:23:49,"Alguien sabe de que trata ""artes visuales en chile""???",,🏫 Vitacura
6/12/2024 18:55:19,"Vengo a hacer promo 😈 
@pollochamba - Ayudo a entender Python si se les complica 🫂💖 (ya que ví mucha gente en la anterior página pidiendo ayuda pa Progra) cualquier cosita estamos para atenderle 💖🫂",,🏛️ San Joaquín
7/12/2024 0:58:53,"Me robaron una chaqueta negra con mis llaves y dinero el viernes 7, en el patio de las lámparas, como a las 18:45.
Y QUE ME DICE LA U: Lo sentimos, no podemos revisar las cámaras 
🤡🤡🤡🤡
Protocolos de mierda, en vez de ver al tiro quién fue y evitar que se vayan con mis cosas. Ridículo.
Y maldito sea el lacra de mi*rda que me robó, ojalá te eches todos los ramos y se quemé tu casa.",,🏛️ San Joaquín
7/12/2024 2:14:38,Confieso que me gusta una integrante del centro de estudiantes de mi carrera y no sé cómo decírselo :(,,🏛️ San Joaquín
7/12/2024 2:15:25,Al profe Viktor le falta madurez emocional,,🏛️ San Joaquín
7/12/2024 3:45:12,"y yo que pense que habia muerto, aun tengo el viejo correo y todo lo asociado pregunta por interno",,your old pal
7/12/2024 11:56:06,Les juro que esta wea fue un coincidencia AKANSKANAKAK 🥲,,🫥
8/12/2024 21:04:26,Que estudias Atenea :3? ,,🚢 Casa Central
9/12/2024 7:17:25,"Ya que comenzaron las vacaciones, a alguien le gustaría jugar minecraft o among us? XDDD",,🏛️ San Joaquín
9/12/2024 11:53:57,"Fome enviar confesiones ahora, esperare a que tengan 5 mil seguidores de nuevo 🥱",,🚢 Casa Central
9/12/2024 17:13:50,"Es increible lo mal que salio la ultima versión de FESTIGEEK. Ojala no solo se demande colectivamente a la universidad y a la municipalidad, sino también que se expongan a todos los agrandados del Staff, en especial tu Octavio Ramirez.",,🏛️ San Joaquín
9/12/2024 22:39:53,Soy yo o el Iván gallo de Fis está súper rico,,🏛️ San Joaquín
9/12/2024 23:47:55,"Soy mechon y sobrevivi mi primer año en la usm, perdí amigos y todo, soy un sobreviviente, hagan sus preguntas...
",,🏛️ San Joaquín
9/12/2024 23:52:24,"Aviso nomas, se vendrán cosas fuertes, y varias personas que les gusta abusar un ""poder"" qué no les pertenece caerán. Sabemos sobre sus abusos. ",,🏛️ San Joaquín
10/12/2024 12:43:39,"Mas weon que chantarse un vtr3 en el plan comun, chicos de primeros años como no entienden que el plan comun es lo facil de las carreras de la u ",,🏛️ San Joaquín
10/12/2024 16:09:15,"Atenea, te invito formalmente a comer completitos",,🏛️ San Joaquín
10/12/2024 19:46:22,recomienden humanisticos pls,,🏫 Vitacura
10/12/2024 19:57:05,"Debo admitir que me culie a un femboy
pero al momento de hacerlo descubrí que era mujer 🥲
Debería continuar con ella?",,🚢 Casa Central
10/12/2024 20:19:44,Que opinan del industrial ? 🫢,,🚢 Casa Central
12/12/2024 10:54:33,Cuando daban las fechas para la toma de ramos?,,🏫 Vitacura
14/12/2024 13:28:44,"Lo admito, me gusta un ingeco, soy una vergüenza para la especie humana 😔",,🚢 Casa Central
14/12/2024 21:13:08,hola yo soy mateo,,🏛️ San Joaquín
14/12/2024 21:52:43,SUBAN CONFESIONES🗣🗣,,🏛️ San Joaquín
15/12/2024 10:59:11,Guti ctm paga la plata ,,🏛️ San Joaquín
15/12/2024 22:52:43,"Alguien sabe porqué no sale contabilidad 1 en los horarios para el próximo semestre? 
[comercial]",,🚢 Casa Central
15/12/2024 22:53:56,Y si inauguramos la temporada de extraño a mi ex? ,,Vacaciones 
15/12/2024 23:18:14,Me comi una watona que parece monstruo,,🏛️ San Joaquín
15/12/2024 23:19:12,"Cata, ahora me bloqueaste y jamas me diste la pasa ni porsiacaso, pero juro por mi vida que algun dia vamos a terminar culiando",,🏛️ San Joaquín
16/12/2024 17:07:07,¿Mi mayor fetiche? Una matemática linda,,🏛️ San Joaquín
16/12/2024 23:03:38,Saben que es lo que piden para el cambio a eléctrica? Será muy masoquista querer el cambio?😃,,🏛️ San Joaquín
16/12/2024 23:29:32,Y si mejor iniciamos la temporada de extraño al que nunca me dio bola? ,,🏛️ San Joaquín
22/12/2024 16:14:28,Q chucha esas minas q se sacan privado y ponen privado a la cuenta de ig cada 2 dias wn? Q chucha se creen?,,🏛️ San Joaquín
23/12/2024 10:01:02,Alguien tendrá alguna. Movida en navidad y año nuevo aquí en santiago? Quiero ir a carretear ,,🏛️ San Joaquín
23/12/2024 17:17:14,Cuando son las matriculas usm y todas esas xosas de inscripción de ramo??,,🚢 Casa Central
23/12/2024 23:38:03,COMO ES LO DEL CAMBIO DE MALLA DONDE EE HACE AUXILIO ,,🏛️ San Joaquín
25/12/2024 14:32:25,"Fui víctima de acoso sexual por parte de Lucas Cortes. Me decía comentarios sexuales sobre mi cuerpo, junto con descripciones detalladas sobre mi cuerpo.
No me importa lo que digan en los comentarios, ya no lo puedo ocultar más. Mi familia no sabe de esto y espero nunca lo sepan.
Ese tipo de comentarios no se deben aceptar, y menos si te dejan asqueada o asqueado con tu propio cuerpo.",,🏫 Vitacura
27/12/2024 15:34:42,No tiene nada que ver con la u pero vengo a compartir mi felicidad!!!!!!!!! Al fin se murio mi primo (estaba internado) y ahora mis tios ME VAN A DAR LA PLAY 5 QUE ERA DE EL PARA MI Estoy re feliz en serio igual es medio triste pero voy a poder jugar todos los días<3,,Guayaquil
28/12/2024 22:41:39,Que pasa si no me matriculo?,,🚢 Casa Central
29/12/2024 15:45:40,que tal competitividad contra las instrucciones de alrededores? da lo mismo o hay beef? ,,🏛️ San Joaquín
29/12/2024 18:14:57,"Cuanto tiempo puedo congelar una carrera? Sin beneficios o becas, solo la carrera. ",,🚢 Casa Central
1/1/2025 22:57:20,Rajonas liceo buscar,,🚢 Casa Central
1/1/2025 22:58:05,Es normal chaquetearme con las fotos de mis amigas y conocidas? :(,,🏛️ San Joaquín
2/1/2025 9:45:58,"La gente racista es pobre, discriminar a los demás por su color de piel me parece tan similar a inflar el pecho por ser más alto que los demás xD

Aún por broma o humor grone, siguen sin dar gracia y no por el tópico, si no porque la gente no tiene gracia para hacer las bromas; ""fomes""",,🏛️ San Joaquín
2/1/2025 12:00:28,Me me quitaron la play por culiarme a mi prima :(,,Sansano anonimo
3/1/2025 9:53:12,Porque las minas son tan weonas pa la matematica? ,,🏛️ San Joaquín
3/1/2025 18:05:01,"Pase de año, ya puedo decir
Mechones qls",,🚢 Casa Central
7/1/2025 21:15:55,"A la 134: pucha sé que hablan de mí. Si bien, sé que hace tiempo hice bromas y comentarios subidos de tono que no debí, y con gente que tampoco debí. No justifico mis palabras inapropiadas que dije en el pasado, sólo espero entiendan que ha sido todo un proceso para mí reaprender a comportarme. Sepan que mis intenciones nunca fueron molestar ni mucho menos acosar a nadie y jamás le he puesto un solo dedo encima a nadie, razón por la cual he dejado atrás ese humor y varios otros malos hábitos. Lamentablemente también ha habido gente malintencionada que ha mentido acerca de mí, y muchos otros que se lo han creído. Le he pedido perdón a quienes supe haber molestado, y lo sigo haciendo a medida que me entero de alguien más. Agradezco a quienes me llamaron la atención y me ayudaron a ser mejor persona de lo que fui. Si alguna vez les hice daño, no saben cuánto me arrepiento. Quienes me conocen realmente saben que ya no soy esa persona. Muchas gracias :(",,‎ 
14/1/2025 15:33:28,"La quería (quiero) demasiado, pero hay que tomar distancia por mi bien",,Como se llamaba esta wea que estaba en Venezuela?
14/1/2025 15:58:51,La amo aunque se que ya no me quiere y quiza no lo vea ,,🚢 Casa Central
14/1/2025 16:06:42,"Wna, me dijistes que me amabas y ahora que eres lesbi. Odio las wnas que les gusta las tijeras 😡",,🏛️ San Joaquín
14/1/2025 16:07:21,vendere puestos mañana en la toma de ramos,,🚢 Casa Central
14/1/2025 16:08:02,"todas las otras kakarreras son wekitas
salu2
atte el ingeco",,🏫 Vitacura
14/1/2025 16:09:05,"Odio mechones
Quiero ser admin del 2025 para decirles a los wnes nuevos que se vayan de la U",,🚢 Casa Central
14/1/2025 16:12:44,inviten meshona,,🚢 Casa Central
14/1/2025 16:14:34,"desimpriman mechones, necesito tomar 120 y mate 3 D:<",,🏛️ San Joaquín
14/1/2025 16:15:15,"me gustaria ser como Rentaro, tener como 100 mechonas como novia durante mi vida de U",,🏖️ Viña del Mar
14/1/2025 16:24:57,"clonen al carlisho, que hace falta otro",,🏛️ San Joaquín
14/1/2025 21:52:42,Ohh weones de mierda que se ponen a vender número los voy fichar a todos perros qls ya verán hijos del pico,,🏛️ San Joaquín
15/1/2025 12:32:23,"Ooo que estresante el pinche sistema la universidad de miercale, creí que tomar ramos era mucho más fácil y bonito ¿porqué no se encargan de tener cupos para todos?, caleta quedamos sin cupo para mat021",,Xd
15/1/2025 12:43:37,No me aparece progra ni mate 2 ni física 1 ,,🚢 Casa Central
15/1/2025 14:50:38,"Kiero puro tirarme a toa las meshonas ricas de esta u qla y femboys, quedó como ayudante y una ayuda por otra ",,🚢 Casa Central
15/1/2025 14:55:59,"Lo quería en serio. Todavía lo quiero.
Me gusta que es inteligente y espontáneo, lolero jajsja (no quiso que lo viera jugando, quizás por qué xd), 0 rollo, cae bien en todos lados, le encontré unos videos bien de rarito en tik tok de cuando estaba en el colegio pero no me importa, lo quiero con todos sus defectos, aunque pueda ser desordenado jajja. Y medio alcohólico. Y comparta memes raros en ig.. en fin, lo amo, pero él no a mi.",,Prefiero no decir el campus
15/1/2025 15:08:14,"En el caso que haya congelado, ¿Qué debo hacer para este año, debo tomar ramos? quien ayuda pls.",,🚢 Casa Central
15/1/2025 16:18:03,"Las sansanas de la universidad no deberian de encontrarse estudiando en una universidad tan machista como lo es la Federico Santa María debido que según estudios, 2 de 3 de los estudiantes que ingresan son hombres y con ello crea un ambiente que no permita que las mujeres puedan sentirse a gusto, además que recordemos que la mayoría de estas carreras son de mucha matemáticas y cálculo, materias donde las mujeres no son muy habiles, pero si lo son en diseño y cuidado, razón por la cuál deberían de estar en la Andres Bello estudiando diseño de vestuario o en la Chile estudiando medicina.

Con todo eso dicho, espero que la USM vuelva a ser un centro de hombres y solo hombre, como siempre debió haber sido.

PD: Antes de hacer esta confesión, una chica me abandono, rompio conmigo, me piso mi corazón y por eso ahora soy apático con las mujeres.",,🏛️ San Joaquín
15/1/2025 16:20:30,"Desee ente tede expresser e mes conceededenes qe le estes treente enes de me leve les consegree exclesevemente el eltreesme y el efecete hece me premer testement en 1894, legende e le seceded ed Velpereese ene Uneverseded, pere en el trencerse del tempe, le experencene me demestré qe eqelle ere en erred y qe ere de empertence cepetel leveenter el preletere de me petre, cencebende en plen, per el qeel centrebeye, premeremente cen me ebelo e le enfence, ensegeede e le Escuele Premerie, de elle e le Escuele de Ertes y Efeces y per elteme el Celegee de Ingenieres, penende el elcenze del desvelede meretere lleger el mes elte grede del seber hemene.",,🚢 Casa Central
15/1/2025 16:21:05,"carlisho, invita meshona en los grupo nuevo",,🏫 Vitacura
15/1/2025 16:22:35,"para el ingeco wekito, nosotros somos la mejor carrera en ingenieria civil fisica

saludos",,🏛️ San Joaquín
15/1/2025 16:23:04,"Podrian explicar que eso de ""voley contra pasto"" del iceberg?",,🏛️ San Joaquín
15/1/2025 16:23:30,"Gente, no he cagado desde el año pasado",,🌳 Concepción
15/1/2025 16:33:08,"segun mi regla de medir, tengo una espada que mide 10.21 ± 0.05 [cm] de largo y puede producir lo suficiente para tres rondas de placer 

con eso dicho, estoy buscando una para pasarla bien y que sea pasiva y fasil",,🏛️ San Joaquín
16/1/2025 0:51:41,Busco amiga para hacer pillamadas ✂️👩‍❤️‍💋‍👩,,🏖️ Viña del Mar
16/1/2025 8:45:10,Pa los que quedamos sin cupos en nada😭nos dan solución?,,🏛️ San Joaquín
16/1/2025 10:37:43,"Quienes tomaron lectura y escritura especializada? Soy del paralelo 101, estaré pendiente a los comentarios ",,🏫 Vitacura
16/1/2025 21:21:52,Qnes son las otras 9 personas que entraron a industrial desde planco? Para amistar,,🏫 Vitacura
17/1/2025 14:18:09,"Ventajas de ser TDAH: Ser entretenido(a veces) 
Desventajas: AYUDA NO PUEDO SER UN ADULTO 100% FUNCIONAL PORQUE NO ME PUEDO CONCENTRAR AAAAAAAH ",,🚢 Casa Central
17/1/2025 14:38:12,"🎶 Ya quiero tener un hijo para nombrarlo Eloy y cuando salga de la casa le gritaré: ""Cuídate Eloyito"".

También podrías tener una hija que se llame Concha y cuando salga de la casa gritale ""Acuérdate Concha de tu madre"". 🎵",,🚢 Casa Central
17/1/2025 14:39:45,"Volvió Senku!

🎵 I will change my life like a magic
Shine on me, shine on me
Every guilty is singing about the night of rude
I want to stop my lonely imagine
Our graces still have a melody
Shine on me, shine on me
Save me, save me

Órale, órale
I won’t let you down
Órale, órale
Oh, vente conmigo 🎵",,🏛️ San Joaquín
17/1/2025 14:42:05,"me rio toa la noche fisico de mierda 
tu no teni pega pero nosotros si
grande ingeco!!!!",,🏫 Vitacura
17/1/2025 15:13:09,Nopo enpetenpedipi,,🚢 Casa Central
17/1/2025 15:19:32,"Me siento solo, tenia gente que me cai super bien, pero siendo como soy, llegue a alejarlos. Se que no es todo mi culpa, pero reconozco que hay partes de mi que debo mejorar y cambiar. Antes creia que habia mejorado esas partes de mi que alejaban a los que me agradaban, pero me hicieron notar, al hablarlo de frente, que aun me falta. Agradezco que haya al menos una persona que me lo diga a la cara (ya que no logro notarlo por mi mismo), y quiero decir que todo lo que hago o digo, lo he hecho con las mejores intenciones, sorry si no lo parece. 

Gracias por el desahogo",,🏛️ San Joaquín
17/1/2025 16:23:53,"pasen consejos para los nuevos q entramos este añooo, cmo se hacia amigos fuera del liceo😀",,🚢 Casa Central
17/1/2025 23:20:56,"Alguien en fis 130? Soy del paralelo con paola lazcano, me gustaría tratar de conocer a los demás de ese horario 👉👈",,🏫 Vitacura
18/1/2025 1:52:49,Yo opino que el #158 es wekito,,🏛️ San Joaquín
18/1/2025 1:55:29,Oigan y cuando las confes superen las 4 cifras cómo las van a enumerar en la hora?,,🏛️ San Joaquín
18/1/2025 10:26:47,"Quiero femboys, son las weas más ricas que hay, traiganlos a la de conce (hualpen)",,🌳 Concepción
18/1/2025 20:04:47,"Di todo, hasta lo que no tenía. Aunque ha sido difícil, al fin creo que dejé de amarte, pero siempre vas a ser especial para mi, aunque yo ya no para ti.

Ojalá no hubieran terminado así las cosas. Ojala no hubieras cambiado tanto ahora, pero en puros ojalá se nos van los días... no?

¿Esto era por mejor? Sí cierto? Sí... Al menos ahora él está mejor y yo también... Cierto?",,Out
18/1/2025 21:56:39,que vuelva horny usm ahora que habrá gente nueva😮‍💨,,🏛️ San Joaquín
19/1/2025 17:00:14,"la carrera es piola, lo que caga todo son los wekos que se juran el hoyo de queque que entran a ingeco. Quiero puro terminar esta carrera culia, poner un gym y no verlos nunca más.

atte.: un ingeco chato",,🏫 Vitacura
19/1/2025 19:30:05,¿Por qué la Atenea ya no se llama Atenea?,,🏛️ San Joaquín
20/1/2025 7:24:01,Congelan con la malla antigua y creen que con la nueva la van a lograr🤣,,🏛️ San Joaquín
21/1/2025 16:22:47,¿Tienen grupo de WhatsApp para mechones????,,🏛️ San Joaquín
24/1/2025 23:36:16,rivamika por el pico,,🚢 Casa Central
25/1/2025 23:09:11,"Estaba hablando con una mina y todo va súper bien, pero después de un tiempo me pregunta que dónde estudio le dije que le usm y ahora me dejó en visto hace dias que procede ",,🏛️ San Joaquín
26/1/2025 10:50:21,Algún femboy en la usm de huelpen ,,🌳 Concepción
26/1/2025 23:31:50,Diganle al Ricardo de Telematica que devuelva las chauchas o le cuento a todos tu secreto 👀👀👀💀💀💀💀,,🏛️ San Joaquín
29/1/2025 11:25:50,Hay mujeres en civ. informatica?? Tengo miedo de q solo haya hombres loleros,,🚢 Casa Central
30/1/2025 17:37:32,Alguien pa jugar stacraft? Pipipip,,🏛️ San Joaquín
15/2/2025 4:16:10,"Yo al enterarme que sansano incógnito volvieron (se que fue hace rato, pero me vengo enterando recién xd)",https://drive.google.com/open?id=1n8RN4PYx_vrc5cFjjs7GCiGes5NCROmi,🏖️ Viña del Mar
16/2/2025 1:54:45,"Genteeee, a alguien le gustaría hacer un rpg corto? Yo hago la música, digan en los comentarios que harían ",,🏛️ San Joaquín
16/2/2025 23:44:49,Me rumorean por interno que al profe Calzadillas del dmat le tuvieron que coser el hoyo otra vez de tanto que se lo meten porque se supone que secretamente es entero hueco 🫢,,🏛️ San Joaquín
17/2/2025 12:44:39,"Esas minaa que viven viajando y tienen “Dubai” “Milan” “Londres” en las destacadas, que se van del pais cuando termina la u y vuelven cuando empieza, son p*tas?",,🏛️ San Joaquín
17/2/2025 19:42:19,No puedo parar de pensar en orgia :(,,🏛️ San Joaquín
28/2/2025 16:51:16,donde estan los wekos de cc❗️❗️❗️,,🚢 Casa Central
28/2/2025 17:01:09,Murió el negro Piñera 😔,,🏛️ San Joaquín
28/2/2025 17:10:10,"Llevo tres dias de u, una chica me parece muy linda y hable con ella y todo, que procede???",,🚢 Casa Central
28/2/2025 17:29:05,"En los mechones hay puro wn mino, pero uno le habla y se creen el pico ",,🏛️ San Joaquín
28/2/2025 18:27:50,hay grupo de wsp de arquitectura en campus san joaquin?,,🏛️ San Joaquín
28/2/2025 18:29:55,Espero q la cuenta no se preste para acosar gente🫂,,🚢 Casa Central
28/2/2025 18:39:14,habrá otro torneo de smash ultimate?,,🏛️ San Joaquín
28/2/2025 19:07:27,donde están los minitos lindos de ing!??? ,,🚢 Casa Central
28/2/2025 19:13:02,SE NOS FUE EL NEGRO PIÑERA 😭🕊️🫰🏻✨,,🏖️ Viña del Mar
28/2/2025 19:33:25,Démosle csm,https://drive.google.com/open?id=1ioSiGqPlyM6yQwesPe2ystuup7T4_Xs1,🏖️ Viña del Mar
28/2/2025 19:38:26,"El de la confesión #187 (Estimado/a administrador/a, por favor, considere agregar la ""Música Triste de Bob Esponja"" a la publicación para crear un ambiente más emotivo y reflexivo.)",https://drive.google.com/open?id=1dsoPl2-ZTEEELJ_j8C-wrIPUUo0S2LmH,🏖️ Viña del Mar
28/2/2025 19:58:40,#172 Estudias una carrera inventada de la que se titulan como 20.000 wnes al año... Ten un poco de pudor.,,🚢 Casa Central
28/2/2025 20:22:37,Decían que la usm era la universidad sin minas. Sin embargo está lleno de mujeres bastante hermosas que no entiendo que hacen aquí. Estoy cagao de miedo ,https://drive.google.com/open?id=10pTovri0L_yw0bzSX5Frw1n6oMxWDo50,🏖️ Viña del Mar
28/2/2025 23:00:33,"yo aún no acepto haber pasado a segundo weon, hola yo sigo siendo mechón 😭😭😭 (mentira, mechones culiaos)",,🏛️ San Joaquín
28/2/2025 23:51:43,Soy mechón y he faltado a toda la inducción y diagnósticos. Me estoy farreando la carrera? 😭,,🚢 Casa Central
1/3/2025 12:00:55,"Alguna pega en la u que no se consiga a puro pituto ctm 🥲
Los de relaciones estudiantiles tendrán datos?",,🚢 Casa Central
1/3/2025 19:43:45,#190 así nomas en informatica:,https://drive.google.com/open?id=1E4WO53RBKDZLyOdS_GfdLIEFyO1eYlu4,🏛️ San Joaquín
3/3/2025 0:38:40,Rivamika autista qlia  ,,🚢 Casa Central
3/3/2025 0:57:36,"ayúdenmee mi ex está en la u, y jura que aun lo buscó, ayudenmee",,🌳 Concepción
3/3/2025 0:58:32,algún lindo porfiss,,🌳 Concepción
3/3/2025 0:58:54,ojalá hayan lindos de otras carrerass,,🌳 Concepción
3/3/2025 17:23:01,"Acá el Tomboy Connoisseur, deseándoles un muy buen inicio de semana, iniciamos con una recomendación que he estado muy emocionado de anunciar, se trata de ""Boku No Pico"" una franquicia muy mal hablada e infravalorada, porque si dejamos de un lado la disque ""ética"", el manga es muy bueno y tentador, ojalá vivir una experiencia así en la vida real ...",,Tomboy Connoisseur
3/3/2025 18:52:12,Pa cuando un tinder usm SJ? 🗣️🗣️🗣️,,🏛️ San Joaquín
3/3/2025 19:23:30,¿Alguien sabe el ig de la mechona que tiene pelo blanco? ,,🚢 Casa Central
3/3/2025 19:29:45,"Hay una mina que creo que es de mecanica con rulos , me enamoro",,🚢 Casa Central
3/3/2025 19:30:44,"Hay una mina chica de arquitectura que la vi durmiendo en el bis , en el patio del cañón. Y me pareció muy linda
",,🚢 Casa Central
3/3/2025 19:46:15,Está lleno de locas lindas y hay puro weon feo 😡😡😡😡 dónde están los lindos 🗣️🗣️!?!???,,🚢 Casa Central
3/3/2025 19:47:06,"La skin predeterminada es corte estudiante, lentes y piel pálida como si no salieran a tocar pasto",,🏛️ San Joaquín
3/3/2025 19:59:34,mechones qliaos,,🏛️ San Joaquín
3/3/2025 20:02:47,ingco no es una ingeniería ,,🏛️ San Joaquín
3/3/2025 20:21:19,Ya pero vio a la rulos siendo mechon o monitora de bis? CC,,🚢 Casa Central
3/3/2025 20:36:47,donde esta la mina del carrete mechon en patio central que tenia un parche en su nariz!!!,,🚢 Casa Central
3/3/2025 20:38:10,donde esta la mina del carrete mechon en patio central con el parche curita en la nariz!!!,,🚢 Casa Central
3/3/2025 21:09:58,"ayuda como se hacen amigos siendo mechón, son todos raros 😭",,🏛️ San Joaquín
3/3/2025 21:17:14,"Q vivan las mujeres d arqui, las más regias con el mejor estilo (me incluyo)😘😘",,🚢 Casa Central
3/3/2025 21:18:24,Juntemos firmas para construir un ascensor desde la avenida España hacia arriba profa ya no doy mas y recién estoy en la 1ra semana 😭😭,,🚢 Casa Central
3/3/2025 22:21:02,Que se reporte la chica con polera de brasil y rulos el día de la BIS!,,🏛️ San Joaquín
3/3/2025 23:19:38,Hay un mino de ing civil que es morenito y alto y esta entero bonito,,🏛️ San Joaquín
3/3/2025 23:21:46,Quiero el ig de Una de ingeniería civil matemática ,,🏖️ Viña del Mar
3/3/2025 23:23:54,hay un niño de ing civil mecánica que tiene los ojos azules y un tatuaje en el brazo se ve bien lindo,,🏛️ San Joaquín
4/3/2025 2:06:00,Yo soy weco,,🏛️ San Joaquín
4/3/2025 9:32:10,"Hay un niño de plan comun que se llama felipe y tiene lentes, esta ultra rico😍😍😍",,🚢 Casa Central
4/3/2025 10:00:55,Porque hay tantas mujeres en la U Ayuda me dan miedo yo kiero jugar LoL😢,,🏛️ San Joaquín
4/3/2025 11:13:58,When haces una página de confesiones de la U,https://drive.google.com/open?id=1SfYQr_Z4E9CoBR9C8TPe9mX_KeHeI1hH,🚢 Casa Central
4/3/2025 11:14:35,But la gente la usa como Tinder ,https://drive.google.com/open?id=136cSCHwEiNKcgpYmhGmBSlRGpU06O7Ng,🚢 Casa Central
4/3/2025 11:26:14,"El único veneco que me cae bien es canserbero, y no por su música si no porque está muerto",,🏫 Vitacura
4/3/2025 12:06:49,No se hacer amigos pasen protip,,🏛️ San Joaquín
4/3/2025 14:32:38,"alguien tiene el ig de un mechón de informática  de lentes y barba, usa como un bolso y tiene las uñas largas 🙏",,🚢 Casa Central
4/3/2025 17:20:49,Hay solo mechones ? Alguien que haya tomado mate 3 con cipriano que onda es bueno lo conocen ? ,,🏛️ San Joaquín
5/3/2025 0:48:42,quiero armar unas mesas de rol presenciales en la u (vampiro y cthulu mas que nada) quien le entra? ,,🏛️ San Joaquín
5/3/2025 1:53:53,PAE culiao me cagaste la vida entera me dejaste altiro con riesgo académico por un puto VTR3 EN UN RAMO DE PRIMER AÑO ,,🚢 Casa Central
5/3/2025 18:13:20,Hay una chica con mascarilla y pelo naranjo que me gustaría hablar con ella y conocerla pero me da pena (le tengo miedo a las mujeres) ,,🏖️ Viña del Mar
5/3/2025 18:15:21,"Hay una mina que sale a trotar de repente, está buena para qué negarlo",,🚢 Casa Central
5/3/2025 19:20:38,Mechones culiaos si ono? ,,🏛️ San Joaquín
5/3/2025 20:44:29,autistas de sj repórtense ,,🏛️ San Joaquín
5/3/2025 21:02:38,"Hoy vi a una chica muy bonita y después la perdí de vista, andaba con un top rosado y pelo negro andaba con una chica y un chico de arqui, me dio pena pedirle el ig ojalá alguien lo sepa 😫😫",,🚢 Casa Central
5/3/2025 21:09:59,"Acá el tomboy connoisseur, esta va para el de la 216. Ese no soy yo, pero está bien, yo dejaré el manto y el que quiera seguir con las recomendaciones es libre de tomarlo. Solo pido que quien sea que siga recomendando no caiga en el ntr y el cp. Una última recomendación antes de dejar el manto: Aquella Chica Del Campo en el tmo rojo. Bonita historia.
Ahora sí, cuídense",,Tomboy connoisseur
5/3/2025 21:30:06,"Hay una chica que creo que se llama Nicole, de pelo suave, largo, con chasquilla y lentes. Dejame decirte que te encontré muy linda, me encantaria conocerte e invitarte a salir. ",,🏛️ San Joaquín
5/3/2025 22:38:59,"Cabros, según ustedes cuál es la zona más bonita de la U?",,🏛️ San Joaquín
5/3/2025 22:39:54,Algn que juegue brawl? 😔 (pasen id),,🚢 Casa Central
5/3/2025 22:40:09,xfaplis reportense los que van a la wea de provi mañana en la noche 🙏,,🏛️ San Joaquín
5/3/2025 22:58:27,Pq hay tantas mujeres 😰,,🚢 Casa Central
5/3/2025 23:10:40,hace poco vi a la mimi y me dejo flechau ayuda q hago,,🚢 Casa Central
5/3/2025 23:22:22,"Si lo ven, cuidao que se pica a choro el gallo",https://drive.google.com/open?id=1vXx7TKOPgDaQahjgHSPLXiL-e7iUJJyA,🏛️ San Joaquín
6/3/2025 0:21:41,Chicas como hago para diferenciar a las lesbianas osea como ustedes las identifican? 😫😫,,🚢 Casa Central
6/3/2025 0:24:01,"Busco gente q le guste el easykid para amigar, no importa carrera 👉👈",,🚢 Casa Central
6/3/2025 0:56:39,"Wn, por favor, no suban esas confesiones genéricas de wnes pidiendo el insta. Gracias",,🚢 Casa Central
6/3/2025 1:51:17,"#226 hablale a los raros, cuando se sueltan son goat. si no, creo que rindete nomas",,🏛️ San Joaquín
6/3/2025 9:17:09,¿La que me gusta es 6 años mayor tengo esperanzas?,,🚢 Casa Central
6/3/2025 9:26:58,por qué hay un cabro que comenta todos los post con un gif? xd ,,general 
6/3/2025 9:41:00,"Hay un chiquillo lindo rico e inteligente , ( creo que se llama carlisho) ",,🏛️ San Joaquín
6/3/2025 9:52:47,"[Voz épica de narrador]
Arriba, el azote de la oscuridad y debajo su contraparte, el caos maullante. (Gatucio e Igorrr)",https://drive.google.com/open?id=1liYZQFbDqOYFhuSVfg29r_YH6pmb5C2c,🏛️ San Joaquín
6/3/2025 11:58:42,"Temática: ""Les encanta robarse los lápices para no dejar estudiar""",https://drive.google.com/open?id=1XETCkFqb0omp1hG79PKq1GIbshb90Guc,🚢 Casa Central
6/3/2025 12:15:56,Canela ,https://drive.google.com/open?id=1o-TKsoCMVG_XcWJOmpxxfATXpba50KEN,🏛️ San Joaquín
6/3/2025 12:44:33,Voy a dejar la caga.,,🏛️ San Joaquín
6/3/2025 12:46:09,Se me hace chistoso ver a los mechones enamorandose altiro xd y uno que aún ni entra (soy de 2do),,🏛️ San Joaquín
6/3/2025 13:29:34,"usm.incognito=pagina de citas con desconocidos que vieron una vez para weones que no saben socializar, pa eso mejor descarguen boo xD ",,🚢 Casa Central
6/3/2025 13:45:05,se puede ser buen alumno sansano teniendo dependencia al alcohol?,,🏛️ San Joaquín
6/3/2025 14:20:58,el peluche koda,https://drive.google.com/open?id=1aTY9QvoY2PtLPiFljH0hA3g4TgU-AUQi,🏛️ San Joaquín
6/3/2025 15:04:13,Es la más loca,https://drive.google.com/open?id=1Ut2Zh9GXuBW4fLNzgjQnE2EYwZWicFPh,🚢 Casa Central
6/3/2025 16:04:49,Hay una chica de ingeniería civil q me parece muy linda pero no me he atrevido a hablarle,,🏛️ San Joaquín
6/3/2025 16:10:01,Mish,,🚢 Casa Central
6/3/2025 19:40:01,hay una mina como gotica de electrónica que esta terrible mina,,🚢 Casa Central
6/3/2025 19:40:42,Mechones enamoraos y uno que lleva varios años aqui no pesca ni un resfriao 🥹 mi momento ya fue y me concentro en la carrera nomas (estudio hasta en verano xd) o aun puedo llegar a tener esperanza? :(,,🏛️ San Joaquín
6/3/2025 19:57:31,Hay unas gringas ufff,,🚢 Casa Central
6/3/2025 20:04:17,"Al wn de la #257 PROHIBIDO
PROHIBIDO SER FELIZ CONCHETUMARE ",,🚢 Casa Central
6/3/2025 20:21:35,SJ ta lleno de raritos 😓😓,,🏛️ San Joaquín
6/3/2025 20:42:16,Busco gente para jugar el juego de la galleta,,🏛️ San Joaquín
6/3/2025 20:45:20,Quiero saber como identificar lesbianas 😭,,🏛️ San Joaquín
6/3/2025 20:47:54,Como puedo identificar a los gays de sj???  Quiero puro hablar con un mino lindo ,,🏛️ San Joaquín
6/3/2025 21:29:49,Espero que este año haya una narrativa a la altura del volei contra pasto ,,🏛️ San Joaquín
6/3/2025 22:04:32,"Pasen link de horny usm, pa que se unan las mechonas",,🚢 Casa Central
6/3/2025 22:22:14,"tengo unas ganas tremendas de pegar cosas, memes y dibujos en los diarios murales de la universidad pero ns si se puede o no :'v (soy eterno mechón)",,🏖️ Viña del Mar
6/3/2025 22:33:41,Quiero tener mucho amigos pero nose como hacerlo 🥲🥲,,🏛️ San Joaquín
6/3/2025 22:34:57,Hay una estudiante que es chiquita que me atrae tiene los ojos verdesito🤩🙊🙊,,🏛️ San Joaquín
6/3/2025 22:38:33,Alguien fan de hatsune miku? No importa carrera 💔🙏,,🏛️ San Joaquín
6/3/2025 23:16:59,Los de arqui se la comen entera,,🚢 Casa Central
6/3/2025 23:37:02,recién entramos pero veo que ya todos tienen sus grupos y yo parezco rechazada social 😿😿,,🚢 Casa Central
6/3/2025 23:51:19,ola,,🏛️ San Joaquín
6/3/2025 23:58:23,No le deseo mal a nadie pero si veo a un weon este semestre cayendose del cañón  de nuevo me voy re cagar de la risa jajaja ,https://drive.google.com/open?id=1ZHuOiwYEH71QJ8p9f-YuG1gfftiqnj17,🚢 Casa Central
7/3/2025 0:52:12,"Pensé que no iban a haber mujeres en la U
Hay demasiadas y me dan miedo",,🚢 Casa Central
7/3/2025 2:18:25,Arriba electronica 🎉,,🚢 Casa Central
7/3/2025 5:18:57,Esta hermosa de aqui se llama Alaska,https://drive.google.com/open?id=15F9VKb9csnstyGQ9q6w9Cgd4dqILykjP,🚢 Casa Central
7/3/2025 11:46:31,"Ella es la Domi, le gusta ir a clases con su estilo, toda una fashion",https://drive.google.com/open?id=1W_1Ifn2wh2OOwBvKcJ4G4VPT7W33TSJ9,🚢 Casa Central
7/3/2025 13:13:17,"Hay alguien que encuentro muy mino que va en biotec, creo que le dicen canelo; solo quiero que sepa que quiero sentir su corneta",,🚢 Casa Central
7/3/2025 13:16:21,Los fans de one piece donde están? ,,🚢 Casa Central
7/3/2025 13:36:47,"Me fleche de una de ingeniería civil, la de converse de cuero ta entera rika si",,🚢 Casa Central
7/3/2025 13:53:19,"Porfa baneen de la biblioteca a los que van puro a comerse allá, uno buscando el libro de física y los otros apunto de sacarse la ropa.",,🏛️ San Joaquín
7/3/2025 14:19:11,"Ares  
Que alguien lo despierte cuando ya haya terminado la carrera",https://drive.google.com/open?id=1_DjH1y-DzedDnVA21sVGUmaKniT-YKmX,🏛️ San Joaquín
7/3/2025 15:07:11,Se llama paquito,https://drive.google.com/open?id=1xGQ8AamAnGvnKQoch5RflhYLDGLm7VKe,🚢 Casa Central
7/3/2025 16:20:34,"Cuanto creen que falta pa que quede la caga con la cuenta de confesiones?
O eso no pasa en la u?",,🚢 Casa Central
7/3/2025 19:10:57,"Hay un mechón que está entero lindo, se llama Sebas",,🚢 Casa Central
7/3/2025 22:30:48,quien apaña para abrir un only?,,🏫 Vitacura
7/3/2025 22:34:51,"Esto es para los de año superior: recuerden que no todos los mechones son mayores de edad, algunos entran con 17, degenerekes 👁️👁️",,🏛️ San Joaquín
7/3/2025 22:43:23,"hay demasiadas mujeres, me quiero ir de la u, me mintieron con que era la universidad sin minas, tengo miedo, no sé que hacer, entro en pánico cada vez que veo a una mujer, quiero quedarme en mi casa jugando lol sin bañarme en días
(soy de informática)",,🏛️ San Joaquín
7/3/2025 22:45:26,Una vez vi al benzo vestido de furro por la alameda,,🏛️ San Joaquín
7/3/2025 22:54:21,hago mamografias gratis interesados al dm,,🏛️ San Joaquín
7/3/2025 22:54:57,Oe hay puro wn weko adonde quedaron las minas,,🏛️ San Joaquín
7/3/2025 22:57:23,"jacinta gomez estai pasa a pico, la wna mas zorra. qn chucha es el cuico con 2 casas en lo barne y 1 en maite, cuico qloo te hacemo pico",,🏛️ San Joaquín
7/3/2025 22:59:44,Al Jake una vez lo vi maullando después de un certamen creo que es furro,,🏛️ San Joaquín
7/3/2025 23:00:58,"de verdad no sé que hacer, veo a una mujer y siento como el corazón se me acelera a medida que se acerca a mi, quiero correr pero me quedo en shock, sin saber que hacer, la adrenalina me llena, y yo me quedo como una estatua, quiero ir a mi casa, ver animé, jugar lol mientras abrazo a mis waifus, ellas son las únicas mujeres que no les tengo miedo, que me entienden, en las que puedo confiar, quienes me reconfortan después de que pierdo una partida de lol, me soportan como soy, no les importa que no me bañé en la semana, no les importa que tenga los dedos llenos de Cheetos, me aceptan tal como soy, un estudiante de informática sin vida social ",,🏛️ San Joaquín
7/3/2025 23:05:57,Perro qwea que no veo ni una rubia,,🏛️ San Joaquín
7/3/2025 23:09:36,Las minas con la concha peluda que no se depilen PORFA ,,🏛️ San Joaquín
7/3/2025 23:40:33,"Baneen de la biblioteca a los que van puro a comerse allí. Tienen todo el patio para hacer lo suyo, pero tienen que ir a incomodar al que quiere estudiar los wns.",,🏛️ San Joaquín
8/3/2025 1:49:02,"#276 Enfermo de mierda, ojalá se te caiga el pico",,🚢 Casa Central
8/3/2025 3:27:55,"hola qn se va pa linea 6 a la salida¿
",,🏛️ San Joaquín
8/3/2025 9:43:46,Creen un tinder usm pero por wsp o telegram,,🏛️ San Joaquín
8/3/2025 9:44:21,"Mechones, amachense conchetumare",,🏛️ San Joaquín
8/3/2025 9:50:42,Alguien más aquí escucha Stuck in the sound? ,,🚢 Casa Central
8/3/2025 10:45:08,Me acabo de dar cuenta que hay una cuenta de tinder usm ¿Por que no publican ahi los enamorados? jsksk,,🚢 Casa Central
8/3/2025 10:55:48,"Entiendo que sea tu día, mujer.
Pero hay gente que trabaja también los fines carajo, todos los años la misma ******",,🏛️ San Joaquín
8/3/2025 13:48:30,"no tengo ni idea de cómo estoy en esta u, no entiendo nada, ni se cómo se factoriza bien y me pierdo haciendo fracciones básicas (ayuda esto no es un meme)",,🏛️ San Joaquín
8/3/2025 14:29:28,"Necesito saber moteles o habitaciones baratas para ir a coger, en SJ",,🏛️ San Joaquín
8/3/2025 18:30:32,sáquense un carrete para hoy,,🚢 Casa Central
9/3/2025 1:27:05,Es verdad que carlinsho ya no está estudiando en la u ?,,🏛️ San Joaquín
9/3/2025 9:42:16,Pish pish,,🏖️ Viña del Mar
9/3/2025 23:37:30,QUE PASO EN LA K101 ,,🏛️ San Joaquín
10/3/2025 10:46:28,Lucas suelta a las mechonas,https://drive.google.com/open?id=1Gx9gByP51l_hniZDwGpGdSK72-T-s3Up,🏫 Vitacura
10/3/2025 18:24:28,Duda: cuando se pone buena la U?? Porque está más fome que la mierda tbh,,🏖️ Viña del Mar
10/3/2025 20:17:14,"Wons, recién vine por primera vez hoy (10 de marzo) y me siento como autista porque no hablo con nadie, si veen gente sola háblenle, pipipi.",,🏛️ San Joaquín
10/3/2025 22:46:07,"Como shusha uno le pido el ig a una mina, necesito tips ",,🚢 Casa Central
11/3/2025 0:24:00,Ig del weon q se dió un backflip en la bienvenida mechona plis 🙏🙏,,🌳 Concepción
11/3/2025 20:49:36,Me metí acá puro pq decían q estaba lleno de femboys no decepcionan,,🏛️ San Joaquín
11/3/2025 22:16:45,Propongo hacer su batallas de free en el cañón. Y que paaa,,🚢 Casa Central
11/3/2025 22:32:55,"A partir de ahora venderé en la sala pasta 💜
@onigiris.del.pulpo ",https://drive.google.com/open?id=1rfAPydzmdufBUFiIAWewSrVogEUJScpM,🏛️ San Joaquín
11/3/2025 22:52:20,Me dijeron q en su vieron al Carlisho llevándose al woody,,🚢 Casa Central
12/3/2025 10:10:51,Donde estan los del tcg de pokemon en san joaquin???,,🏛️ San Joaquín
12/3/2025 15:14:04,"Hoy en el paralelo 202 de intro al cálculo quede terrible flechado de una mina q llego tarde con poleron de gato, ojalá algún día poder hablarle xD",,🏛️ San Joaquín
12/3/2025 15:30:32,Hermano hay un Homero en uno de los ramos en aula XDDDDD,https://drive.google.com/open?id=1ur-OD3_7QP7i41Ez14HZBeH5nueU8jWy,🏛️ San Joaquín
12/3/2025 16:14:27,"Hola buenas, acá el Tomboy Connoisseur, normalmente haría una nueva recomendación, pero me molesto mucho el recibimiento de la confe 219, ustedes no aprecian NI UN POCO la dedicaciòn y esfuerzo que hago al escribir estas confesiones, y por cierto, Boku no Pico NO ES CP, cp es cuando es ilegal, cuando hay consentimiento NO ES ILEGAL, quizas la pròxima confe serà una recomindaciòn, pero me darè un tiempo para reflexionar si es rentable seguir escribiendo este arte, les deseo una muy buena semana ....",,Tomboy Connoisseur
12/3/2025 16:59:07,Quien cresta es Diego Hernández y porque manda puros gif con foto de perfil de Teto en Mesmerizer ,,🚢 Casa Central
12/3/2025 18:04:24,me llamo Jesus y busco una lela que me pase el marisco!!!,,🚢 Casa Central
12/3/2025 20:02:38,"casi todas las mujeres son de arqui, y esas están cagas de la cabeza xdd",,🏛️ San Joaquín
12/3/2025 20:10:09,Ctm me ha dao mas diarrea q la chucha en la U q wea,,🏛️ San Joaquín
12/3/2025 20:19:08,Ni han empezado las ayudantías y los ayudantes ya andan weandonos de más ,,🏛️ San Joaquín
12/3/2025 20:20:14,"Los wnes q putean a los mechones porque si:
Denme pene porfavor quiero pene 🥵🥵🫦🔥",,🏛️ San Joaquín
12/3/2025 20:20:21,El ayudante de astrofísica ya me cae mal y ni ha empezado la ayudantía ,,🏛️ San Joaquín
12/3/2025 20:28:11,"Alguna mina que quiers tirar en las ventanas de la u, no la u, la llevo a un motel ",,🏛️ San Joaquín
12/3/2025 20:28:59,vicente peralta hace masajes de próstata gratis,,🏛️ San Joaquín
12/3/2025 20:37:39,bombardeen las salas B 🗣️🗣️🗣️,,🏛️ San Joaquín
12/3/2025 20:42:16,"Mechones, afemeninense conchetumadree",,🏛️ San Joaquín
12/3/2025 20:42:44,El mino de ing civil fisica que es alto es muy lindooo 🥺,,🏛️ San Joaquín
12/3/2025 21:00:35,"Cometí primer error de mechona :( , adivinen quién se metió con alguien de su carrera y se confundieron las cosas, me quedo tranquila q siempre le dije q no era nd serio, igual mínimo no es de mi gen ",,🚢 Casa Central
12/3/2025 21:23:12,"para 304
yo ",,🏛️ San Joaquín
12/3/2025 21:23:48,"no sé cómo hacer amigos en la u, como que en mi liceo eran todos así de ""tu mamá es maraca"" y aquí son todos muy decentes y perfectos",,🏛️ San Joaquín
12/3/2025 21:28:13,Que miedo estár en la misma sede que el 179 🧍‍♂️,,🌳 Concepción
12/3/2025 21:38:14,"Cabros estaba pensando en algo
Hacer un Tinder usm sj pero presencial ya que he visto que mucha gente o busca pareja o amistades y no sabe cómo, o incluso gente de la comunidad LGBTQ+ y no saben si alguien pertenece a la comunidad por ello se me ocurrió hacer esto 
La idea sería tipo juntarse en el patio un día y que los que buscan amistad lleven una polera o vayan de amarillo, amor de rojo o rosa, algo casual de negro y LGBTQ+ pensaba en qué traigan un accesorio de color específico por ej polera roja buscan amor y traigan un gorro pulsera de algún color en específico, pero eso aún lo pienso 
Si hay apoyo se podría hacer o si tienen ideas las podrían dejar 
Si hay arto apoyo podría incluso hacer un ig para esto ",,🏛️ San Joaquín
12/3/2025 21:48:54,"Hay un cabro que anda regalando chicle de la nada, kl buena onda",,🚢 Casa Central
12/3/2025 22:13:04,"Mechonas qls ricas, me ayudan a distenderme en este periodo mientras hago la tesis",,🏛️ San Joaquín
12/3/2025 22:48:57,Que manera de hablar weas...,,🚢 Casa Central
12/3/2025 23:03:30,Hrmno no entiendo cmo hay tantos wns pasaos a raja o ala a las 8 de la mñna cmo no se bañan o minimo hechense desodorante wn ns ta asquerosa la sala kla por esa wea no los peskan,,🏛️ San Joaquín
12/3/2025 23:17:01,Gente de ingeco pa amigar plisss 😞😞,,🚢 Casa Central
12/3/2025 23:22:04,Jefferson prada me cagaste el semestre,,🚢 Casa Central
12/3/2025 23:43:47,YO SOY EL GATA ONLY ,,🏛️ San Joaquín
13/3/2025 0:08:33,algun mechon de mecanica q me banque unas balticas en las ventanas?,,🏛️ San Joaquín
13/3/2025 0:51:08,Los de vitacumbia ponganse vios con las confesiones k kiero chismesito ,,🏫 Vitacura
13/3/2025 1:28:34,"No hay nada más que me cargue que una compañera la vea creyéndose superior solo porque está estudiando ing en la USM, lleva hartos años y la ctm le quedan como 300 años más todavía ",,antonimus 
13/3/2025 1:37:45,"#314 Enfermo de mierda, degenerado asqueroso.",,🚢 Casa Central
13/3/2025 7:18:27,hola admin como estás,,🏛️ San Joaquín
13/3/2025 8:58:06,"Entero weon el 327, háganle un homero",https://drive.google.com/open?id=1J83TDRix4mUHHqeCLdlhS5ma8cxDE5Z1,🏛️ San Joaquín
13/3/2025 9:03:14,"Carlisho, tu, yo , juntos en la k101, Que dices?",https://drive.google.com/open?id=1PKz-vS4DRGsMeePcbpgwLOWxo_NBsE6J,🏛️ San Joaquín
13/3/2025 9:23:30,Ayer miércoles 12 vi a un wn escupiendo en el pasillo de las B. Wn asqueroso.,,🏛️ San Joaquín
13/3/2025 11:26:43,y que se supone que se hace en proyecto inicial,,🚢 Casa Central
13/3/2025 11:55:38,Que paso en la k101😿,,🏛️ San Joaquín
13/3/2025 11:59:39,gaston qlio pagame las 10 lukas,,🚢 Casa Central
13/3/2025 12:01:04,Hola alguien sabe si hay actividades de musica clasica y si hay un piano/teclado en la casa central? Gracias,,🚢 Casa Central
13/3/2025 12:06:59,Top lugares para hacer el delicioso en la u? Ademas del top #1 los baños K ,,🏛️ San Joaquín
13/3/2025 12:45:30,Esta pasada a mierda la biblioteca ,,🏖️ Viña del Mar
13/3/2025 14:41:49,Necesito dato de Motel barato pero tampoco tan rasca en Viña. 🥵🥵,,🚢 Casa Central
13/3/2025 15:45:54,Extingan a los de civil matemática,https://drive.google.com/open?id=11VrOGamBxykuWnu_tiKpAsaQwN9AR-XY,🚢 Casa Central
13/3/2025 15:48:47,Ya no aguanto más conchetumare ayuda por fsvor ql no quiero hacer el control ql explicaron como si uno ya supiera la wea conchemimaire no entiendo weon NO ENTIENDO LÓGICA ,,🚢 Casa Central
13/3/2025 16:30:37,Mi maldición soy adicto a los femboys no puedo evitar verlos en sus lindas falditas y sus piernas me matan cada vez que veo uno no se que hacer en especial los de esta u tienen algo ,,🏛️ San Joaquín
13/3/2025 16:49:21,🥺,https://drive.google.com/open?id=171mP-XW_ApZKW4gvO8tadQcmNftrT_0-,🚢 Casa Central
13/3/2025 17:45:41,Alejandro Aguilera es mi trauma ,,🚢 Casa Central
13/3/2025 17:46:24,"Pta me está gustando una mina, tips?",,🚢 Casa Central
13/3/2025 20:42:58,Pense que en el concurso de mascotas por alguna razón tenia que sacarle foto a mi perrito afuera de la U y se me olvido llevarlo esta semana entonces no saque foto :( ,,🚢 Casa Central
13/3/2025 21:12:19,Cuando nos estamos burlando de los de Comercial y el que estudia informática se ríe de mas fuerte 😐,,🏛️ San Joaquín
13/3/2025 22:07:09,Momazos piassex fome de mierda ,,🏛️ San Joaquín
13/3/2025 22:53:55,baltica o gatito,,🏛️ San Joaquín
13/3/2025 22:59:59,"Entero weón el de la 301, le va a pasar lo mismo que a un amigo que en su viaje a Brasil (que siempre presume) siempre molestaba con la canción 🎶 con una rubia en el avión directo a brasil con una rubia en el avión dispuesto a morir 🎶 para que no haya encontrado ni una rucia en el avión y termine cantando 🎶me cagaron en el avión directo a brasil, no habían rubias en el avión🎶",,🏛️ San Joaquín
13/3/2025 23:01:42,"Vayan a ver las novedades en Tinder usm sj, el admin está de vuelta ",,🏛️ San Joaquín
14/3/2025 9:22:02,Recuerdo cuando shippeaban al Diego de los Gifs con la Jota Avalos. Qué buenos tiempos!,,Su imaginación
14/3/2025 9:22:38,Abro debate: el profe Yoslandy Lazo es venezolano? (Yo creo que sí porque con ese nombre...),,🏛️ San Joaquín
14/3/2025 18:54:52,"Oe, diganle a los zanganos culiaos cochinos asquerosos de mierda (HOMBRES)que no usen los baños q son PA MUJERES en el primer piso de las K.
",,🏛️ San Joaquín
14/3/2025 20:11:38,"yaaaa poooo su orgía masiva en vitacuraaaa, le dan cualquier colof",,🏫 Vitacura
15/3/2025 17:49:16,"Los csm que andan pidiendo tinder, paguense una dama de compañía y listo, pa que andar dando pena en la pagina",,🏖️ Viña del Mar
15/3/2025 19:16:13,deberían hacer una página para mechonas alterknativas he visto a una mechona con el pelo rosa y una con el mechón blanco xd,,🚢 Casa Central
15/3/2025 19:26:44,"Hrm que manera de no cerrar la boca unos wnes en Mate10, claramente no entendían la clase y por eso se preguntaban entre ellos, pero era como ver a un ciego ayudando al otro. Mejor dejen de cotorrear y si tienen dudas preguntele al profe que pa algo se paga la U",,🚢 Casa Central
15/3/2025 20:27:11,lógica proposicional wea mala,,🏛️ San Joaquín
16/3/2025 22:02:44,"hay un weon tan lindo en industrial, la primera vez q lo vi me quedé como weona mirándolo pero ahora cache q tiene polola mequieromatar",,🏫 Vitacura
17/3/2025 15:48:28,Hay fans de blue lock en esta u?,,🚢 Casa Central
17/3/2025 20:36:15,Los de mecánica parecieran enteros desesperados por las minas ,,🏛️ San Joaquín
17/3/2025 20:44:55,Q tal es carlos eugenio finat,,🏛️ San Joaquín
17/3/2025 21:06:25,"Tengo ganas de un pete en las ventanas 
Alguna mechona que se anime 
Le pago bien ",,🏛️ San Joaquín
17/3/2025 21:29:27,"Donde hay gente ""bien autista"" para la cuestion???? Necesito compartir con gente de mi especie 🗣️🔥",,🏖️ Viña del Mar
17/3/2025 21:30:29,"oye tdos los q suben weas asi cmo de ""hay una mina linda o un mino lindo pero no le he hablado o q ya tiene polola/pololo 😭😭"" wn llevamos menos de 1 mes y ya andan enamorandose e hinchando cn la wea del amor 💀",,🏛️ San Joaquín
17/3/2025 21:33:13,Jefferson prada quédate en brasil no más no te necesitamos 🤗🤗🤗,,🚢 Casa Central
17/3/2025 21:35:57,"El loco q tenia una polera del don federico CONVERTIDO EN SANTO, hermano pasa el dato",,🚢 Casa Central
17/3/2025 21:45:04,Puros vírgenes los sansanos,,🏫 Vitacura
17/3/2025 21:56:51,Todavía no me llega uno del compa de los chicles😭,,🚢 Casa Central
17/3/2025 22:10:47,"Yoslandy estamos claro q no es nombre de chileno, yapo admin pongase vio cmo no va a tener q ver, se q no es chileno el profe, pero ns de donde",,🏛️ San Joaquín
17/3/2025 22:30:18,Donde estan los geis NO femboys d sj!?,,🏛️ San Joaquín
17/3/2025 22:35:05,Suban weas chistosas po suben puras weas fomes,,🚢 Casa Central
17/3/2025 23:10:19,"Hele e tede chiquilles, en geste selederles, me gusteríe seber se se puede empleer pelebres que seen segures pere les persenes que ne nes identificemes ceme hembres y mujeres pereque siente que ne me identificen. Per ese, me gusteríe seber se puede hebler cen elguen pere que eñeden unes cleses inclusives. Grecies",,🏛️ San Joaquín
17/3/2025 23:12:16,"me vine en los baños de electrica despues de estar frotando mi lapiz pasta desde el fondo de la sala

tava rico",,🏛️ San Joaquín
17/3/2025 23:42:11,Sáquense un carrete pa conocer a los mechones,,🏫 Vitacura
17/3/2025 23:54:35,ATENCION TELEMÁTICOS!,,🚢 Casa Central
18/3/2025 3:19:28,"Siempre recuerdo cuando vimos cyberpunk, solo espero estés bien ❤️‍🩹",,🏛️ San Joaquín
18/3/2025 8:52:44,hay un niño en mi paralelo de edu. física los lunes q viene de olmue q esta reee lindo q avise si tiene polola o noo🙏🏻🙏🏻🙏🏻,,🚢 Casa Central
18/3/2025 8:57:49,"Porque todos los sansanos son tan califa weon, me metí a esta u pa no ver a ni una mina y cuelarme o ser culeado por calculo ",,🏫 Vitacura
18/3/2025 11:03:10,Que wea hacia la pdi en la u,,🏛️ San Joaquín
18/3/2025 13:08:10,Comunidad de Pokémon/Yu-Gi-Oh? Dónde está para jugar sus carticas en las ventanas,,🏖️ Viña del Mar
18/3/2025 16:25:26,"Llevo recién dos semanas en san Joaquín y hay muchas mujeres con el pelo ROJOOOO, amigas quien les hizo tanto dañooooo",,🏛️ San Joaquín
18/3/2025 20:20:01,"Ay un wn entero rico en industrial, creo que se llama benja, me tiene loca 🤭",,🏫 Vitacura
18/3/2025 23:42:06,"Hermanito hay una de ingenieria civil que es mas hermosa, la mina que andaba del 23.",,🚢 Casa Central
19/3/2025 9:58:14,"Vayan a comer los completos de al frente del inacap kbros, salvan harto y están re wenos. También si quieren sopaipillas, el puesto que esta hacia el inacap en el metro es la wena, probé los dos carros y ese es el mejor. ",https://drive.google.com/open?id=1LXaFlnYj2GgN1P9BZdd4vEij8iuhdgWP,🏛️ San Joaquín
19/3/2025 10:51:53,"A quien sea que tuviera la mochila con un peluche del knight y otro de Pou, soy fan",,🏛️ San Joaquín
19/3/2025 18:11:32,me gustaria ver a la psicologa pero no se que tengo que hacer y me da verguenza preguntar (no soy de primer año),,🏛️ San Joaquín
19/3/2025 19:23:34,Pa cuando su carreteee,,🏛️ San Joaquín
19/3/2025 21:18:02,impriman más baños de mujeres o eliminen mujeres de la u 😔😔😔 una quiere kgar tranquila en las K pero ya está lleno ,,🏛️ San Joaquín
19/3/2025 22:44:12,Qn mas participa en el sorteo de horny usm? Yo quiero el vibrador 😏,,🚢 Casa Central
20/3/2025 11:24:08,Por que chucha los wnes de informática son tan ediondos ,,🏖️ Viña del Mar
20/3/2025 15:50:38,"Wn ya 3 veces me ha pasado que le digo a una mina que estudio aquí en la usm y me dejan de hablar 
que u podría decir que estudio, ya estoy chato ",,🏛️ San Joaquín
20/3/2025 16:56:38,"hay un cabro de TUMA que me llamada la atención pero no sé nada de él, es tipo 1,70, usa lentes, moreno, si alguien lo caxa 😔 ",,🏛️ San Joaquín
20/3/2025 17:23:32,Alguien tiene el Insta de la Delegada de Generación (Informática) 2023?,,🏛️ San Joaquín
21/3/2025 7:48:24,Todos los que juegan voley son muito bonitos,,🏛️ San Joaquín
21/3/2025 10:23:21,diganle a los mechones de informatica q se bañem porfa no pueden ser las 10 de la mañana y q tengan la sala pasa a axila weon,,🚢 Casa Central
21/3/2025 18:32:26,Hay alguien que le guste el BDSM en casa central??  quiero experimentar con una dom,,🚢 Casa Central
21/3/2025 19:13:49,Benjamin te faltan manos para pelarme la vrg,,🏫 Vitacura
23/3/2025 1:03:09,"Tengo que confesar que me quedó gustando el niño que anda siempre cerca de la Cote de ing en minas (la del movistar) la que tenía el pelo rosado antes, den el ig del mino o por último qué estudia es uno súper alto que andaba de negro, no lo había visto antess ojalá no sean pololos  ",,🏛️ San Joaquín
23/3/2025 1:32:26,hay un mino q encuentro muy bonito pero ns si tiene polola porque el otro día lo vi con un colet en la muñeca entonces nose como saber😫 q creen ustedes?,,🏫 Vitacura
23/3/2025 13:15:47,"Al siguiente mechón que vea que se cola en la fila del bus, le voy a hacer el cruzando el desierto, el ojo que no parpadea, el desastre de hesperus y la nalgada en el trasero hinchado con paletas 🖕",,🏫 Vitacura
23/3/2025 13:17:09,Mechonsitas ricas tienen que puro entregarse a los de cuarto 😍,,🏛️ San Joaquín
23/3/2025 13:19:11,"Estoy entero rico solo quería decir eso 

Ya que andan muchos buscándose a si mismos ",,🏛️ San Joaquín
23/3/2025 13:39:18,"había un mino de informática de segundo o tercer año q siempre q lo veía estaba solo o con una pelirroja y siempre pensé q eran algo, pero el otro día lo vi saliendo solo y a la salida lo esperaba otra mina, quedé pa la caga",,🏛️ San Joaquín
23/3/2025 13:53:26,Q loco q uno hable a veces con alguien y dsp nunca más lo vea o hablen 😞,,🚢 Casa Central
23/3/2025 14:00:58,Janger,,🚢 Casa Central
23/3/2025 14:02:46,"Creo que con estás confesiones los sansanos están superando el nivel de pedo que la u de chile, sobretodo los de sj y buenos los raros de casa central ☠️",,🏛️ San Joaquín
23/3/2025 14:08:26,(pa los de la 4:22) Y POR QUÉ CHUCHA MECHONAS WN POR QUÉ WN ctm por culpa de ustedes pasa lo que dijo el de la 4:11 enfermos qlios,,🏛️ San Joaquín
23/3/2025 14:23:45,Hagan más horas para el taller de voley,,🚢 Casa Central
23/3/2025 14:32:30,"Soy la de la confe 119, el sentido común me persigue pero yo soy más rápida jkskks",,🚢 Casa Central
23/3/2025 14:39:57,hay un wn que hace en vivos de npc en tiktok ajajajajaj,,🏫 Vitacura
23/3/2025 14:47:47,Simplemente quiero darle un saludo al Diego Hernández y que tenga un bonito día ,,🚢 Casa Central
23/3/2025 15:11:46,Soy mechona y me decepcionó no tener simps para pedir ayuda en las pruebas 😩,,🏛️ San Joaquín
23/3/2025 15:32:21,"Si se van a postular pa las ayudantias por lo menos que sepan explicar las cosas porque nuestro ayudante nos dejó pal pico, aun mas enredados con mate 👎😔",,🏛️ San Joaquín
23/3/2025 16:15:26,tanto que webean con los informáticos porque no arreglan el siga ,,🏛️ San Joaquín
23/3/2025 16:36:30,"Los puentes del 4to piso son la lesera peor ejecutada que he visto, uno con vértigo y pensamientos intrusivos, es demasiado fácil matarse con esa barandilla a la altura de la cintura. Por no mencionar que en los extremos hay huecos en los que una persona lo suficientemente delgada pasa caminando.",,🏛️ San Joaquín
23/3/2025 17:17:35,En la BIS vi a una mechona con unas pechugas tan grandes que hasta a mi me dolia la espalda con solo mirarla,,🚢 Casa Central
23/3/2025 17:29:09,Donde estan los metaleros,,🏛️ San Joaquín
23/3/2025 18:28:24,"soy mechona y quiero salir a distraerme y disfrutar, busco algun mechon lindo q se ofrezaca a salir ",,🚢 Casa Central
23/3/2025 19:14:28,"Holaa, voy en tercero de civil electronica, y llevo 2 años con mi pololo, pero la cosa es que este año llego un mechon super lindo me encanta pero me da verguenza hablarle :( viene de atacama tiene un piercing en la ceja y otro en la boca y se viste super lindo me tiene loquita q se reporte xfii :( hagan lo suyo chikess",,🚢 Casa Central
23/3/2025 19:17:01,hay un mechonsito de comercial q juega a la pelota siempre lo veo jugar me encanta se llama martin creo reportese xfaa,,🚢 Casa Central
23/3/2025 19:50:04,"Se buscar pega, ya sea en la U o fuera, nada sexual, se necesita plata porfavor 😮‍💨",,🏛️ San Joaquín
23/3/2025 22:09:08,"Mando un feliz cumpleaños atrasado a mi amigo Manuel Cáceres, que me bloqueo el kl pero igual lo quero",https://drive.google.com/open?id=1jG6bj2tdo9yBvOnERA_0U_CbcEVVmkr8,🏛️ San Joaquín
23/3/2025 22:32:20,QUE VUELVA EL TABAKONG QUE ANDO ANGURRI,,🏛️ San Joaquín
23/3/2025 23:14:42,Algún fan de dr.stone aquí en sj? ,,🏛️ San Joaquín
24/3/2025 2:39:12,"Cuando iba en el colegio me enamore a cagar de una wna y me entere que tambien le gustaba pero paso la pandemia y me fui a otra region antes de que pasara algo, de eso a 3 años app vuelvo a la region, luego en san valentin sali con unos amigos al cine, y la encontre a ella junto su pareja, un amigo que tuve en el colegio, resulta que me di cuenta que nunca la olvide, quede para la caga, incluso despues de despedirnos mis amigos se dieron cuenta de la situacion, porque se me nota harto cuando estoy enamorado, y aqui estoy acordandome de ella un lunes a las 2 am, como csm se supone que la olvide?, encima me siento culpable por gustarme la pareja de un amigo. ",,🚢 Casa Central
24/3/2025 5:04:51,"Hace tiempo tengo ganas de hecerlo pero mi pololx no quiere, con quien mas se supone que lo haga si no es con esa persona? No quiero terminar la relacion por algo asi, entonces no sé qué hacer, me mato a pajas para siempre y ya?",,🏛️ San Joaquín
24/3/2025 8:09:39,MECHONES QLOS DEJEN DE COLARSE EN EL BUS >:[ no alcancé a subirme como por 5 puestos y se colaron como 10 wnes los ctm,,🏫 Vitacura
24/3/2025 9:56:55,no suben ni una wea en ccp wnnn,,🌳 Concepción
24/3/2025 13:11:12,"La niña del celular que sacó la foto con don Elias como para 6 personas, se puso al lado de él y luego se fue, quiero la foto",,🚢 Casa Central
24/3/2025 18:10:15,¿Se puede pagar motel con la JUNAEB?,,🚢 Casa Central
24/3/2025 19:00:38,what would you do if when u ok so he said yes would go 😍,,🚢 Casa Central
24/3/2025 19:59:14,"Amo tanto a mi pololo 🥰 me hace muy feliz, quiero que todo le salga bien. Él es por lejos la mejor persona que conozco, lo admiro y estoy muy orgullosa de él y de todos los logros que ha tenido a lo largo de su vida.
Quieran bonito, no dañen a la gente que quieren, sean felices sin importar qué ❤️",,🚢 Casa Central
24/3/2025 23:19:59,"Acaso en san joaquin no tienen clases los weones?, pq puta que estan buenos para mandar confesiones sobre todas las cosas, increible como tienen tanto tiempo",,🌳 Concepción
25/3/2025 1:09:52,"Por cosas de la vida, termine teniendo 150mil de mi ex, el nunca se dio cuenta que esa plata desapareció de su cuenta de ahorro y la aposte todo en el casino, termine ganando dos milloncitos $$$ ",,🏫 Vitacura
25/3/2025 8:41:58,"tobar weon, me gustai y ya no te veo. me da pena preguntar que wea, manden el ig de la blanquita 😔 toy terrible arrepentio tuve que hablarte el año pasado

cabros no dejen pasar las oportunidades, se dan una vez en la vida 🦇",,🏫 Vitacura
25/3/2025 10:08:02,"Es increíble el olor a ala que hay en la sala de ocio wn, bañense ctm, haciendo frío y siendo medio día ya tienen insufrible el olor",,🚢 Casa Central
25/3/2025 10:31:37,"como dejan un calcetín
andamo relajao",https://drive.google.com/open?id=1wKg8TU2wGvnKEZ42Gs-h98Fwl-M69LbU,🏛️ San Joaquín
25/3/2025 10:39:31,Hay un wn terrible mino cn el pelo rubio teñido y lentes puras ganas de tirarmelo,,🏛️ San Joaquín
25/3/2025 10:52:34,ese cabro q tiene el pelo rubio en informática me encanta ojalá me pescara 😭,,🏛️ San Joaquín
25/3/2025 10:54:08,"hay un mechon, medio rubio de info que me tiene vuelta loca, le haria de todo✨",,🏛️ San Joaquín
25/3/2025 17:16:27,Los de informática se limpiaran el smegma?,,🏖️ Viña del Mar
25/3/2025 18:42:52,Aghhh wn en la clase la profe era muy suma y restas tipo 6to basico y el control fue uy verda q estamos en la u,,🏫 Vitacura
25/3/2025 18:43:41,Control ql,,🚢 Casa Central
25/3/2025 18:44:13,Puta la wea malo que estudie para mat 60 y igual me fue del piko,,🏛️ San Joaquín
25/3/2025 18:44:40,"como chucha nos hicieron esa wea weon, me  esperaba cualquier cosa menos eso wn ",,🚢 Casa Central
25/3/2025 18:50:23,Control klo me kuliaste ,,🏛️ San Joaquín
25/3/2025 18:51:44,Golpe de realidad 😞,,🏛️ San Joaquín
25/3/2025 18:57:34,"MAT060 VALE 3 HECTAREAS DE CALLAMPA 🗣🔥🔥🔥
(c viene round 2 el 1 de abril)",,🚢 Casa Central
25/3/2025 19:00:51,control y la conchetumare me lo paseo por el chico yiaa,,🚢 Casa Central
25/3/2025 19:00:55,Leí al revés el enunciado del control 1 y lo tengo malo por eso🖕😭,,🏛️ San Joaquín
25/3/2025 19:01:21,AAAAA TENÍA TODA LA CABEZA HIRVIENDO POR CULPA DE ESTOS CTM MATÁNDOSE ESTUDIANDO PA NADA AAAA,,🚢 Casa Central
25/3/2025 19:03:32,Preguntan la wea q quieren en el control de mate,,🏛️ San Joaquín
25/3/2025 19:07:42,"Control MAT060 Ejercicio 2, socavaste partes de mi ser que hasta el momento desconocía, no fue un placer 😞",,🚢 Casa Central
25/3/2025 19:14:05,"Alguien apaña a quemar el dmat? Es 3ra vez k doy el ramo de mier y cada vez me sorprende de una forma distinta, vayanse a la....",,🚢 Casa Central
25/3/2025 19:16:01,Control hijo de perra me cagaste la vida ,,🚢 Casa Central
25/3/2025 19:16:42,Simpático el control. No lo haría de nuevo. Pero se hizo lo que se pudo. ¡Qué jolgorio!,https://drive.google.com/open?id=1jS1DWA85AgbEQ1UgQJpvWg2daa40I1NL,🏛️ San Joaquín
25/3/2025 19:26:44,"Todos dicen q la primera pregunta, del control de mat60 estaba regalada... Y yo omití un signo 🦫 tengo todo malo xd",,🏛️ San Joaquín
25/3/2025 19:36:35,Fakin inecuaciones de doble incognita,,🚢 Casa Central
25/3/2025 19:37:03,ni el desarrollo voy a tener bueno en el control culi ao,,🚢 Casa Central
25/3/2025 20:00:37,"Control de Mat060 hizo más ortito que de intro al cálculo 😃, no tengo pruebas, pero tampoco dudas. ",,🏛️ San Joaquín
25/3/2025 20:09:35,"55 es nota, lo demas es avaricia",,🏛️ San Joaquín
25/3/2025 20:29:27,"Le tengo envidia a los mechones... tienen todo tan facil ahora, y se quejan y preguntan puras....",,🚢 Casa Central
25/3/2025 20:30:15,"era real, jamás en la vida se metan con mecánicos porfavor, incluso un comercial antes que esas cagás sin corazón ",,🏫 Vitacura
25/3/2025 20:30:21,Inecuación qlia anormal del control de mat021,,🚢 Casa Central
25/3/2025 20:56:47,"No sé, lo tengo todo malo pero revisaba y veía que estaba todo bien no se si soy imbécil o ciego o las dos.",,🏛️ San Joaquín
26/3/2025 1:53:21,Dejen dejen de combinar demostraciones con inecuaciones😿,,🚢 Casa Central
26/3/2025 9:40:14,"hay una mina en mi paralelo de fisica que encuentro super linda wn, una de lentes y que se deja el pelo con un tomate, la que vende alfajores
estamos en 130 con castillo, si me ayudan, gracias",,🚢 Casa Central
26/3/2025 10:38:37,Algún consejo de cómo preguntarle a una mina si está soltera o de saber si está soltera sin ser muy desubicado?,,🏛️ San Joaquín
26/3/2025 11:07:57,"Hay una wna, que anda con un poleron azul y tiene el pelo medio rubio, es mechona de ing. civil en minas, y no se calla nunca la cotorra qla. CALLATE",,🏛️ San Joaquín
26/3/2025 13:29:33,no soy mechona pero hago altos petes 😋,,🏛️ San Joaquín
26/3/2025 13:59:43,"Tengo un grupo de amigos de mi carrera, y pta cuando pido alguna ayuda con los ramos, no hacen niuna wea, paleteense un poco po wn, uno que ayuda siempre que le piden, esperaría lo mismo del resto si se supone somos amigos, sé que no están obligados pero algo de voluntad estaría bueno.",,🏛️ San Joaquín
26/3/2025 14:06:28,"¿Qué pasó con atenea? 🤨 soy su fan, la extraño",,🚢 Casa Central
26/3/2025 14:38:17,"Oe siempre que entró al M está hediondo malditos telewecos, los informáticos también andan pasado a raja bañense porfa un poco de higiene personal, pa los mechones qls cumas de Elo también bañense ctm los labs pasado a raja, mechones kls",,🏖️ Viña del Mar
26/3/2025 14:41:36,"Soy de la confe 459 y dejo en claro al tiro que la otra no soy yo, que rabia que no sea la única. SJ",,🏛️ San Joaquín
26/3/2025 14:48:15,quien mrd es leni y porque todos los electronicos quieren saber quien es,,🚢 Casa Central
26/3/2025 14:51:33,Llego un mechon re bueno al taller de ajedrez q siempre anda con un poleron gris me lo quiero puro tirarrr manden info,,🚢 Casa Central
26/3/2025 15:11:18,Aonde tan los fans de kendrick en sj !!!!!,,🏛️ San Joaquín
26/3/2025 15:31:09,"Hay una mina de inge matemática muy linda, tiene un piercing en la nariz y su pelo se parece al de sunmmer de 500 with summer",,🏛️ San Joaquín
26/3/2025 15:32:07,Mas mechón que callar en el noac kahskajs si queri estudiar piola andate a la biblio,,🏛️ San Joaquín
26/3/2025 15:33:02,"todos mis amigos andan con polola o están hablando con gente y ya me siento abandonado, ¿debería hacer lo mismo? ",,🏖️ Viña del Mar
26/3/2025 15:57:50,"Será que aquí en Conce somos muy estudiosos o no tenemos ninguna wea interesante en nuestras vidas, quiero chismeee, toi más aburrido",,🌳 Concepción
26/3/2025 16:08:00,Ayer en la biblioteca habia una mina con calzas moradas y poleron beich la encontre super liinda si la cachan pasen ig pliss,,🏖️ Viña del Mar
26/3/2025 16:22:01,Aquí a lo serio por q tanto odio a los mechones?,,🏛️ San Joaquín
26/3/2025 16:49:48,porque los wnes de ingeco de la cc estan tan rikoss😍🤭,,🚢 Casa Central
26/3/2025 17:16:21,"Por favor universidad suelten a tuma , el hombre propone 6 ejercicios y solo resuelve 2 durante la clase (si hay suerte ) entiendo que se pueda equivocar y que sea una eminencia ,pero no sé aprende si cada ejercicio que hace no lo termina",,🚢 Casa Central
26/3/2025 17:40:48,El Diego Hernández está terrible rico,,🚢 Casa Central
26/3/2025 18:09:44,"Holiiii, hay un niño muy lindo, no se de que carrera será, y creo que tampoco es mechón nunca lo he visto en clases:( el otro día por suerte me se sentó con sus amigos al lado de nuestra mesa en el almuerzo y hablaban de materia raras si que creo que no es mechón sus amigos le llamaban sestor o Sextor no se si sea así su nombre pero lo encuentro lindo y tierno me gusta>.<",,🏛️ San Joaquín
26/3/2025 18:15:27,"Mechones qlos que se ponen en lugares donde uno se pone a estudiar, lugares tranquilos en la u, ellos se ponen a jugar gritar y todo, cabros se que están felices por nuevas amistades pero hay gente sufriendo en la u xd así que jueguen y griten en lugares donde no haya gente estudiando, la u es gigante.",,🏛️ San Joaquín
26/3/2025 18:16:31,"Wn, juro que lo que menos me estresa en la u es que entren al baño de mujeres si es que no lo son. Pero una wea qué no aguanto es que dejen los baños todos meados y sucios. Las tías del aseo no se parten la espalda todo el día para que venga gente completamente inconsciente y deje todo cochino. Compañero no le cuesta nada levantar la tapa y achuntarle ADENTRO de la taza y si salpica, limpie su propia mugre. No sea indecente y tenga conciencia con el resto para que así nadie lo webee y pueda usar el baño que quiera. ",,🏛️ San Joaquín
26/3/2025 18:23:32,"Para la confe 446, ¿le has preguntado a tu pareja si le gusta tener relaciones de la forma que crees? En vola' no le gusta el rol sexual que le das, ya que por lo que veo al ser tu pololx es trans no binario, ¿o le has preguntado si le gusta tener relaciones siquiera? la asexualidad existe, digo nomás, no sé hermano, pregúntale y cuéntale tus inquietudes, al final de cuentas es tu pareja, uno debe ser honesto con su pareja ¿o no? 🗿",,🏛️ San Joaquín
26/3/2025 18:55:07,te amo dcma ,,🚢 Casa Central
26/3/2025 18:58:04,"oye esta pal wekito de conce, cmo si tomara mucho tiempo mandar una caga de confesión o mensaje x acá, ma encima bien q andai pendiente",,🏛️ San Joaquín
26/3/2025 19:00:31,"Pq administración de empresas es tan difícil?, estudie caleta y me fue como el pico (48%), no quiero reprobar 😭😭",,🏫 Vitacura
26/3/2025 19:06:26,Donde están las minas con arsmate 🗣️​,,🚢 Casa Central
26/3/2025 19:11:05,"Yo pensé que la universidad era secso y fiestas, resultó ser estrés y no entender nada.",,🏛️ San Joaquín
26/3/2025 20:11:59,"los de cc se pegan la cabeza del porque las minas no los pescan, Y COMO CTM QUIEREN QUE LOS PESQUÉN SI SON MAS DEGENERADOS QUE LA CHUCHA, demás que la mayoría de esos comentarios son de INFORMÁTICA. Bueno, me da miedo hablarle. Aún hombre por miedo a que que quiera tener SEXO, enfermos mentales los de cc MEDIQUENSE y lo mismo pa los de sj MEDIQUENSE, pongan atención en clases mejor que andan de degenerados tontos weones ",,🚢 Casa Central
26/3/2025 20:20:32,Cagar en los baños del segundo piso de el edificio k es una experiencia magnifica y me dan aun mas ganas de vivir,,🏛️ San Joaquín
26/3/2025 20:51:19,"Que onda los mechones este año, andan super detonados, haciendo callar en el ciac y mirando feo a la gente, pa que decir de colarse o invadir espacio (sentarse al lado muy cerca de una forma muy random),relajense un poco porfa👍",,🚢 Casa Central
26/3/2025 21:01:26,"oigan ustedes nunca se ha imaginado saltar del 4to piso del patio de las lámparas y justo cuando estés cayendo agarrarte de la cuerda que sostiene aquella lámpara y después balancearte y llegar al 2do piso saltando desde la cuerda… Y en el caso que se cayera justo pisar la lámpara para evitar el daño de caída, porque yo si.",,🏛️ San Joaquín
26/3/2025 21:26:51,"Para la confe 119, Tranquila amiga, a mí me gustó un informático, te entiendo perfectamente. ",,🚢 Casa Central
26/3/2025 22:17:44,"hay una mina mechona de teleco q es blanquita, pelo negro y como gotica q me trae loco pero no me se ni su nombre 😔",,🏛️ San Joaquín
27/3/2025 0:25:35,Dónde estás las zorras?,,🏛️ San Joaquín
27/3/2025 0:51:19,"
hno nuestro campus esta ke revienta manden a los comerciales a sj porfa me tienen hasta el pico",,🏫 Vitacura
27/3/2025 8:23:52,"Respecto a lo del smegma, no, no lo limpiamos. Lo que hacemos es: Fideos al smegma  
Cocina los fideos, prepara una salsa con smegma, crema, ajo y mezcla. Sirve con parmesano. 🍝",,🏖️ Viña del Mar
27/3/2025 8:35:06,Ojito con las mechonsitas de TUB e IFDI❤️‍🔥,,🏖️ Viña del Mar
27/3/2025 8:43:09,"Donde chucha se esconden los de informática, solo se vieron el primer dia ",https://drive.google.com/open?id=1NJw35JoMUvVSu4kiIjXAa0dqVBzIYKmi,🏛️ San Joaquín
27/3/2025 11:23:35," hay algún grupo que se junte a leer de manera más ""casual""?",,🚢 Casa Central
27/3/2025 13:14:33,"me gsta uno de mis amigos y noc como decirle, como k me pesca y como k no, k hago? k me diga si me kiere o no🥲",,🚢 Casa Central
27/3/2025 13:29:13,"Iba pasando por el edificio C, más específicamente por los casilleros cerca de la sala de innovaciones roboticas. Va el caso que mientras disociaba con un esticker de mona china tetona pegado en uno de los casilleros noto ,entremedio de una rejilla, una papel cuyo contenido era más ni nada menos que ""Oe Paulina querí ser mi máquina armoniosa de metal, para que te engrase con mi WD-40""... Debo confesar que me guarde el papel para mi... Me masturbo cada día pensando en como me lubricaria este cochino CTM... Me exita pensar en lo lijero y enérgico que me puede dejar con su juguito (Soy hombre).
Cómo aviso aparte, si me pillan agarrándome el mangaco en los baños cerca de rectoría plis me funen. 

Pst... Tengo polola pero no sabía cómo explicarle lo que empecé a sentir por los hombres luego de que su mejor amigo me haya metido el dedo en el culo esa ves que hicimos un trío.
Ahora siento que puedo dormir en paz con esta confecion. 

ATT// estudiante de Ing. Civil industrial.
",https://drive.google.com/open?id=18TjowkUYN3qkV2C4FzNug1G0neI1fBvt,🚢 Casa Central
27/3/2025 13:32:09,A pasado un año y aun me Sigue gustando mi ayudante de grafica😔,,🚢 Casa Central
27/3/2025 14:32:30,Si paso el semestre sera milagro. Don fedesito en ti confio.,,🏛️ San Joaquín
27/3/2025 14:50:27,oye wn los sansanos qls son mas ladrones hermano se me han perdido 2 botellas y ninguna estaba en objetos perdidos DEVUELVANME MI BOTELLA KEEP NEGRA CTM SE ME PERDIÓ HOY EN LA F408,,🏛️ San Joaquín
27/3/2025 17:22:45,Paga electronight Paga,,🚢 Casa Central
27/3/2025 19:24:17,A las de la 432 debe ser por qué eri entera fea amigue,,🚢 Casa Central
27/3/2025 20:11:24,Donde estan los hombres gays y bi de Vitaaa?!!!!! Para conocerse que algunos son piolas 🥺. Dejen su like o comenten ☺️,,🏫 Vitacura
27/3/2025 20:28:26,"Todas chicas del taller de fútbol son super bonitas, es como ver jugar a unas modelos ",,🚢 Casa Central
27/3/2025 22:13:31,"Hay un mino que juega ping pong y siempre esta con 3 wnes. Es alto y creo que es TUMA. 
Hoy iba con poleron morado  REPORTATEEE ",,🏛️ San Joaquín
28/3/2025 1:03:10,Termino más cansado de subir escaleras todo el día q de las clases,,🚢 Casa Central
28/3/2025 13:46:26,"Ayudante qlio de cálculo wn, quita la mitad del putaje por qué no lo resuelven como quiere 🖕🏻🖕🏻",,🏛️ San Joaquín
28/3/2025 16:52:18,"Ya que nadie lo dice, vengo a decir que la cajera del Xiro sushi (la que se ve un poco gótica) es re linda. ",,🚢 Casa Central
28/3/2025 17:45:50,"Pq si estaba haciendo las cosas bien con ella y me sentía tan bien me deja de hablar de la nada sin explicación, pta wn por último di que ya no quieres nada conmigo o que no te sientes bien pero no me dejes con dudas, no quiero sonar tan weon pero me ilusioné con una muestra de cariño (que triste es la vida culia ya nadie quiere sentir nada)",,🚢 Casa Central
28/3/2025 19:54:21,"To mechon tiene un amor que no pudo ser en region, se tenia que decir y se dijo",,🚢 Casa Central
28/3/2025 19:56:45,todos los minos q he encontrado lindos tienen polola por la ctm no puedo tener mas mala cuea,,🏫 Vitacura
28/3/2025 20:35:58,"QUÉ ASCOO 😭
UN MECHÓN SE CAGÓ EN LA DUCHA DEL CAMARÍN 🤮🤮",,🏫 Vitacura
28/3/2025 20:36:41,"N. R. Se cago en los baños del camarin hoy viernes 28, te veo y te rompo las piernas csm",,🏫 Vitacura
28/3/2025 23:10:04,"el viernes en el almuerzo vi a un grupito que creo que son mecánicos y había un mino muy lindo, tiene el pelo liso castaño, labios gruesos y estaba con poleron azul y jeans negros, necesito su ig ya!!!",,🏛️ San Joaquín
29/3/2025 4:17:44,Busco amiga hormonal CC,,🚢 Casa Central
29/3/2025 13:36:49,"Un agüeonado se hizo caca en los camarines de los hombres en el gimnasio... 
¿A este nivel llegamos?
Me parece insólita esta wea",,🏫 Vitacura
29/3/2025 13:56:28,Creo que me gusta mi amigo 😳,,🏫 Vitacura
29/3/2025 17:43:00,"Sigue en la U el Dios de las matematicas, Hirsh?",,🏛️ San Joaquín
29/3/2025 18:28:57,Los mechones piensan que el break entre clases se llama recreo 🤣🤣 poco más y van a jugar a las escondidas 😂😂😂😂,,🏛️ San Joaquín
30/3/2025 13:21:16,chicas trans chilenas,,🏛️ San Joaquín
30/3/2025 14:58:59,"Soy la niña que tiene la foto con don elias, para el que pregunto, haz los tuyo usm incognito.",,🚢 Casa Central
30/3/2025 15:15:14,"me metí a sapear la wea de horny usm y es muy rara la wea, estoy convencido que la admin es un waton informático.",,🏛️ San Joaquín
30/3/2025 18:20:22,Pasen el ig de la mechona con polera roja en el mapadrinamiento ,,🚢 Casa Central
30/3/2025 18:55:46, el medio color q le dan a los controles de 060 y fis100 no estaban tan difíciles lol,,🏫 Vitacura
30/3/2025 18:56:51,Aún no publicas mi confesión de amor ./.,,🚢 Casa Central
30/3/2025 18:57:03,Goticas en cc? Pense que no existian…,,🚢 Casa Central
30/3/2025 18:57:09,"Hace poco vi a una mina en una ayudantía, le hablé, me dio el Instagram yo todo bien, pero no me pesca los mensajes? Aún tengo chance o cagué?",,🏛️ San Joaquín
30/3/2025 19:01:49,"Mechones que se quejan por 060, donde se puede ver el control que hicieron ? ",,🏛️ San Joaquín
30/3/2025 19:03:51,"Dejen a los mechones quejarse del control tranquilos, es el evento canónico cagarla pa iniciar en la U y ponerse vio",,🚢 Casa Central
30/3/2025 19:11:36,"siendo mechon, ahora entiendo pq nos webean tanto, amigo recién vamos en el primer control, en lugar de quejarnos mejor esforzarse para la próxima, si se sabe que la usm tiene una exigencia alta",,🚢 Casa Central
30/3/2025 19:22:25,"A los de civil química, ojito con el mechón gringo, esta todo mazeteado pero el wn es ultra raro y jamás en su vida le ha hablado a una mujer q no sabe ni como saludar a una",,🚢 Casa Central
30/3/2025 19:27:39,"Ayuda, saque puntaje nacional y para mantener la gratuidad tengo que sacar arriba de 67, más encima se me olvidó entregar el pagaré ficticio( al parecer hay que hacerlo aunque tengas beneficio) , por lo que si me echo un ramo o saco de 66 para abajo, el próximo año cagué.",,🏛️ San Joaquín
30/3/2025 19:48:47,Prometo que no todos los mechones somos asi de weones😔,,🚢 Casa Central
30/3/2025 19:50:41,"Cabros, creo que sere el unico que les dira esto en buena onda pero porfa mantengan limpios los baños weon, weas minimas como levantar la tapa o no andar tirando chicles en los urinales(por esta wea ya se pitearon los baños del c), vez que he ido esta semana, la wea huele peor que vertedero.

Minimo un poco de higene cabros.",,🏫 Vitacura
30/3/2025 19:55:55,El Sebas tiene la media corneta,,🚢 Casa Central
30/3/2025 19:59:56,"mi amigo mecaNICO busca femboy, dicen x ahi que hay uno en teleco 😳",,🏛️ San Joaquín
30/3/2025 20:06:52,hola soy un comercial que no actúa como comercial promedio hagan sus preguntas,,🚢 Casa Central
30/3/2025 20:11:48,Si no eri mujer en la u no te habla ni el más perkin ,,🏛️ San Joaquín
30/3/2025 20:13:42,Un montón de gente se me a acercando para decirme que visto bonito꒰˵ˊᯅˋ˵꒱♡ gracias vivo x ustedes ,,🚢 Casa Central
30/3/2025 20:41:20,mimi pq eri tan desagradable hermano no cuesta nada ser respetuosa xddd,,🚢 Casa Central
30/3/2025 20:58:29,Usm para el abuso con los controles de mat60 🙏🏻,,🚢 Casa Central
30/3/2025 21:07:49,Ya no tener más sábados de Solo leveling me deja vacío (usm ql que explote por favor 🙏),,🏛️ San Joaquín
30/3/2025 21:13:16,"weon dicen que los mechones hablan mucho y que se callen en lugares de estudio, siendo que lit en el post siguiente webean con que hacen callar ahi mismo, decidanse lol, dejen a los mechones tranquilos, buscan cualquier razon para tirar mierda, cmo si nunca hubieran sido esos",,🚢 Casa Central
30/3/2025 21:25:19,Adivinen quién tuvo que deshacer las heces del mechón en la ducha para que se fueran por el drenaje 🙄🙄,,🏫 Vitacura
30/3/2025 21:26:36,"Si veo a algun wn caminando por la orilla de la piscina, aunque sea lunes a las 9 de la mañana lo voy a tirar (EL QUE AVISA NO TRACIONA 👺👺)",,🚢 Casa Central
30/3/2025 21:27:10,"Si es verdad lo que dicen del wn que se hizo caca en las duchas, creo que sé quien es XD",,🏫 Vitacura
30/3/2025 21:39:48,oe y en la usm se carretea ono ,,🏛️ San Joaquín
30/3/2025 21:42:41,Falta su buen certámen de mate 1 para hacer una limpieza de gente levantada de raja 🙏🏻,,🚢 Casa Central
30/3/2025 21:43:18,Haba una guatona pero tan guatona que pasó por el puente y se cayó el puente,,🏛️ San Joaquín
30/3/2025 21:44:06,Yo siempre hago del 3 en las duchas no sé que se quejan ,,🏫 Vitacura
30/3/2025 21:46:19,"Pasen el ig del ayudante d fis120 d sj, no m se el paralelo pero tiene rulos y hace ayudantia  en la A002 >.<",,🏛️ San Joaquín
30/3/2025 21:53:11,"Piden puras weas en arquitectura, a este paso el otro mes no lo paso de tanta plata que hacen gastar.",,🏛️ San Joaquín
30/3/2025 22:03:05,"No se que wea pero algunos ctm no tienen higiene personal o que , horrible hablar con las personas en la u porque tiene el osico podrido, algunos emanan un edor a mierda.
Esa es mi pequeña queja🥺",https://drive.google.com/open?id=1bgLWdpcaBafibrjmjOwoeIPthyX1Vz56,🏛️ San Joaquín
30/3/2025 22:26:51,"Los de segundo año diciendo ""mechones qlos"" be like:",https://drive.google.com/open?id=1e2ba4o7S1alw3zequ-V3NwUPvIX5fUvl,🚢 Casa Central
30/3/2025 22:27:35,"Wn castroso del admin jsjs, weando a los mechones por adaptarse a la u, mientras hay wnes de años superiores carroñeandose a las mechonas. Hrmno si administras una cuenta de confesiones tienes que limitarte a publicar las confesiones y quedarte piola, no puedes andar peleando solo jajsjs. Recuerda q no naciste con titulo universitario, alguna vez fuiste mechon. Dedicate a publicar noma q estan wenos los post jsjs, tq bendiciones.
🎀",,🚢 Casa Central
30/3/2025 22:33:35,"ay un mechon de ingcivil matematica q parece ser 🏳️‍🌈🏳️‍🌈 pero nse si es, y mda pena preguntar",,🚢 Casa Central
30/3/2025 22:37:13,"Sebastian, porfavor callate un rato callate callate dejame escuchar y entender la clase de vdd porfavor callate me tienes harto wn callate basta callate",,🏛️ San Joaquín
30/3/2025 22:41:39,"Ahora que el baño del primer piso de las k es unisex, podrian dejar la wea limpias, es impresionante lo ASQUEROSO que está desde que lo empezaron a usar más los hombres, porfa weon no están na en 1ro básico tienen harto pelo en el hoyo como para saber como limpiar.",,🏛️ San Joaquín
30/3/2025 22:49:10,"Oye los wnes ridículos que webean a los mechones por decir q les fue mal en un control, tan frustrados están con su vida qlia universitaria Pa echarle odio a los demás como si no hubieran pasado por lo mismo",,🏛️ San Joaquín
30/3/2025 22:50:07,Me hacen falta unas arquitetas y unas icomlabios,,🏫 Vitacura
30/3/2025 23:01:20,"Casi 2k de seguidores tiene la cuenta y comenta un puro wn 
Uno quiere sapear q dice la gente 😡",,🚢 Casa Central
30/3/2025 23:17:28,Princesos qls,,🚢 Casa Central
30/3/2025 23:36:47,"Puro wn arrogante se burla de los mechones por quejarse, todos estuvieron ahí en algún punto, y que sientan que es difícil recién salidos del colegio es normal, si por algo están aquí, para aprender, no nacimos sabiendo todo, aaí que igual desagradable webear tanto a los mechones que recién les está cambiando la vida",,🚢 Casa Central
31/3/2025 0:11:24,Para la 490 ver para creer ,,🏛️ San Joaquín
31/3/2025 0:21:01,Hola cleme ,,🚢 Casa Central
31/3/2025 0:27:50,Busco a alguien que le encanten los gatos tanto como yo y podamos conocernos 🥺🥺🥺,,🚢 Casa Central
31/3/2025 2:14:31,"Cada vez que cruzo miradas con una mina de mi carrera, me queda mirando súper feo.
Opiniones?",,🚢 Casa Central
31/3/2025 6:49:27,"cabros, no se angustien por no tener pareja o weas asi, lo único que van a obtener al pararse en la esquina buscando amor, son decepciones y ansiedad. En vez de perseguir mariposas, ¿por qué no dejas lindo tu jardín para que lleguen por si solas?. ",,🚢 Casa Central
31/3/2025 8:15:24,soy mechon de info y siempre en los talleres de cálculo me tiene que tocar con los dos weones más inútiles del mundo ctm ni que fuese tan difícil termino haciendo el 90% yo,,🚢 Casa Central
31/3/2025 9:26:11,¿Me siguen? (Los de m70 entenderán),,🚢 Casa Central
31/3/2025 10:37:24,admin qliao,,🏛️ San Joaquín
31/3/2025 10:38:34,admin xupalooo,,🏛️ San Joaquín
31/3/2025 10:43:01,"funa publica al admin de las confesiones, baneen al admin",,🏛️ San Joaquín
31/3/2025 14:00:29,porq hay un tipo q siempre viene de Sonic? sin ánimos de ofender ,,🏛️ San Joaquín
31/3/2025 14:07:30,"Los weones de 2 a 3er año tanto q reclaman x los mechones y estoy seguro de q estos qlios cuando entraron post pandemia andaban peor q nosotros, imagina entrar después de tener pura clase online, pura callampa valían ",,🏛️ San Joaquín
31/3/2025 15:05:51,Soy un chico de mecánica y estoy profundamente enamorado del Julian de ahí 😞 alguien ayudeme xfaa,,🏛️ San Joaquín
31/3/2025 18:21:07,"PREGUNTA SERIAAA Q porcentaje creen de las confesiones ""busco a tal minitx"" se las escriban ellos mismos??? Yo creo que facil un 80% JDOSFO0WKFPSKD",,🏛️ San Joaquín
31/3/2025 19:15:17,"Encuentro tan saco wea webiar al cabro q se viste como sonic xd esta wea va pa los q le sacan fotos y lo suben a redes sociales pa puro hacer bullying, ah y porsia se fueron sapeaos por sus propios mejores amigos XD",https://drive.google.com/open?id=1kJ5ncCSkd2-NZrQYwR9bBgijx5RZSX0r,🏛️ San Joaquín
31/3/2025 22:58:22,"Le dije tía a una profe, menos mal pasé piola🙃🙃🙃
",,🚢 Casa Central
31/3/2025 23:39:09,"Que les da más miedo el dmat o el dfis





O las mujeres ⚠️☠️☠️☢️",,🚢 Casa Central
1/4/2025 7:18:51,Murio el futbol,,🚢 Casa Central
1/4/2025 8:22:56,Donde estan los goticxs de sj pa amigar,,🏛️ San Joaquín
1/4/2025 10:42:46,Cagar en el baño del aula magna wn>>>>>>>>>>,,🚢 Casa Central
1/4/2025 10:52:06,Pasen el ig del que se viste de sonic de san joaquin❤️👅👅💦💦,,🏛️ San Joaquín
1/4/2025 12:23:23,Que insoportable estar con el sonic en clases,,🏛️ San Joaquín
1/4/2025 13:53:14,"Que onda el comedor del central, del año pasado que esta en decadencia y ahora con los videos de la poca sanidad que hay da un miedo ir",,🚢 Casa Central
1/4/2025 14:36:52,hay un chaskon  de ing civil que me encanta como se viste es mi ap reportate uwu ,,🏛️ San Joaquín
1/4/2025 14:37:30,X EL PICO LOS TUMA,,🏛️ San Joaquín
1/4/2025 14:42:12,"Pal 551
Hay puros hombres y femboys, gay paradise 🏳️‍🌈",,🏛️ San Joaquín
1/4/2025 14:53:13,Todas las minas lindas tienen pololo ctm no hay chance,https://drive.google.com/open?id=1XcAN9rxGKebD6uSN-yMYk6NVmO-gp5Qg,🚢 Casa Central
1/4/2025 15:10:32,"Mechon y la reconchetumaree, no saben las ganas que tengo de golpear a este mono qliao con un palo con clavos. Contexto; hoy tengo control de QUI026 y estuve estudiando bastante, como todo buen estudiante estaba cagá de sueño llegué temprano y tengo una ventana como de 4 horas antes del control. SOLO QUERIA DORMIR UN RATO, esas típicas siestas de 20 minutos para recuperar fuerzas, estaba posicionada en el lado de las sillas que dan a la pared, les juro que no molestaba a nadie durmiendo, me preocupo de eso, y sé que en el noac es totalmente normal. Finalmente logré dormir en esa incómoda posición sentada, cuando a los 3 minutos casi se me cae la silla, porque un mononeuronal estaba acomodando sillas atrás de mí para sentarse con su grupito. AMIGO, TENIAS DEMASIADO ESPACIO COMO PARA JUSTO GOLPEAR MI SILLA Y REIRTE COMO MACACO CON TU MANADA. Y peor, caché que se dió cuenta porque me desperté paniqueada y ni un ""uy, sorry"" NADA. [Aclaro que no sé si era mechón, pero tenía una cara de perkin]

No soy de desearle mal a nadie, pero ojalá haya una falla y no se te recargue la juna, hijo de siete picos.

Lamento la biblia, pero gente ctm, extinganla.

Estoy enojada, sorry.",,🏛️ San Joaquín
1/4/2025 15:22:46,"Hay un loco que en todas las publicaciones está respondiendo con gifs, silencienlo por favor 🙏🏻",,🚢 Casa Central
1/4/2025 15:22:55,1 2 3 católica ❤️‍🩹😍,,🏛️ San Joaquín
1/4/2025 15:40:08,Como chucha se renueva la tne,,🏫 Vitacura
1/4/2025 17:31:32,Control de 060 qué wea más fácil 🥱🥱🥱,,🏫 Vitacura
1/4/2025 17:43:17,"Me había gustado caleta una cabra, era justo el tipo de persona que buscaba: atenta, gentil, amable, comprensiva, un rostro jodidamente hermoso.
Lamentablemente, mis sentimientos no fueron correspondidos, nunca hubo una cita. Tuve que terminar la amistad porque realmente no toleraba sentirme así.
He intentado hacer de todo para seguir con la cabeza ocupada, pero ni así dejo de pensar en lo que pudo ser.",,Anónimo
1/4/2025 18:38:21,me cago de la risa del perkin que anda en vita con una guitarra kajsjdks ta bien podi tocar guitarra pero en la u?? que necesidad hay de andar con la wea bdkcnkfcn farolito,,🏫 Vitacura
1/4/2025 18:39:12,"Soy mechon y estoy chato de los mechones, dejen de quejarse y mejoremos, que no nos metimos a esta u porque sea fácil.",,🚢 Casa Central
1/4/2025 19:04:48,"como es posible que no haya toallas nova en niun puto baño y con cuea hay jabon, encima los baños de los A los lunes en la mañana estan pasado a meao, insoportable ",,🏛️ San Joaquín
1/4/2025 19:10:08,Me acabo de enterar que se podian mandar fotos de las mascotas :'r,,🚢 Casa Central
1/4/2025 19:28:45," solo quería decir q porfa dejen de tirar tanta mierda a los mechones, pq wn ahora no nos podemos quejar de nd pq sino empiezan q somos princesitas o cualquier cosa para wearnos, wn ustedes también fueron mechones pasaron por lo mismo, dejen que vivamos nuestro primer año tranquilos sin preocuparnos de que si nos quejamos de algo nos empiezan a wear.
todos venimos de escuelas distintas quizás para ustedes sus primeros controles estaban súper faciles pero que pasa con los q no tenían ese conocimiento? No sé pueden quejar? Tenemos q callarnos lo q nos molesta para q ustedes no jodan? ",,🚢 Casa Central
1/4/2025 19:34:06,"Toy cada vez más al borde del colapso me siento como un inútil de mierda cada vez que me bloqueo, aunque le meta más ganas cada vez me siento más tonto",,🏛️ San Joaquín
1/4/2025 20:05:37,El de la 565 debe explicaciones,,🚢 Casa Central
1/4/2025 21:20:56,Puras mamis en industrial,,🚢 Casa Central
1/4/2025 21:22:54,"tengo el corazón roto por un weon que no me llegaba ni a los talones, aun así lo extraño muchisimo; más que a el, lo que pudimos haber sido:c. y espero que le este yendo super bien aun que el haya pasado pagina mucho antes que yo:( ... no se metan con alguien que no sabe lo que quiere o tiene problemas de salud mental, se desgastaran muy rápido:c",,🏫 Vitacura
1/4/2025 21:24:04,"hay un chico en civil no se si es mechon o de segundo pero uf, siempre anda con su grupo",,🚢 Casa Central
1/4/2025 21:24:23,"amaba ser parte del equipo de admisión, pero no valoran niuna wea la pega reculia que uno hace. Ahora me dan ganas de decirle a los cabros culiaos que no se metan a la u. Mas encima todos los weones de admision son unos pelaos culiaos inservibles buenos pa hacer cualquier wea con tal de meterla ",,🏫 Vitacura
1/4/2025 21:48:15,¿ USM = Universidad Sin Mish ?,,🏛️ San Joaquín
1/4/2025 21:53:23,"Me gusta una persona pero no entiendo el pq, no es muy lindo, tampoco habla mucho y es medio tontito pero me gusta q horrible 🧑🏿",,🏫 Vitacura
1/4/2025 21:56:40,"Para el de la confe 599, no tiene por qué significar algo xd, yo creo que tengo mirada de enojada por default por ejemplo, siento que miro feo a medio mundo pero no puedo hacer mucho al respecto.",,🚢 Casa Central
1/4/2025 22:23:00,"Wn como puede haber profes con tan poca higiene corporal el otro día tuve clases con un profe y le pregunte algo y olía a mierda, porfa profes bañense  ",,🏛️ San Joaquín
1/4/2025 22:30:08,"Mi amigo Fabian busca femboys, cualquier wea en donde estamos los de civil mecanica lo encuentran",,🚢 Casa Central
1/4/2025 22:39:14,"puta que me cargan los wnes que se van al último piso de abajo en la biblioteca, y se ponen en esos sillones con mesas para puro webiar qlo, hermano si queri ponerte a será con tus amigos hazlo en cualquier otro lado, pero no en un lugar que está destinado a estudiar o al menos ver cosas de la u, he visto gente literalmente duermiendo o jugando en el pc, un poco de sentido común hermano si no vas a estudiar mueve tu raja a otra parte y déjale el espacio a alguien que si va a hacer lo que se supone que debes hacer en la biblioteca. ",,🚢 Casa Central
1/4/2025 22:40:13,"Para la persona de la confe 541, no te preocupes, me ha pasado lo mismo, pero con el sexo opuesto. O sea, ya de por sí hay pocas mujeres en esta U, pero pareciera que la mayoría están pololeando (ojo, que esto no tiene nada de malo, pero igual XD).",,🏛️ San Joaquín
1/4/2025 23:02:35,Ni tratando bonito; siendo atento; preocupado; cariñoso ni nada sirve wn. Todo pa que después jueguen contigo y te dejen como si se hubieran olvidado de ti al día siguiente sin siquiera saber qué hiciste mal,,🚢 Casa Central
1/4/2025 23:47:03,"Soy El de la 528, me dijeron que la mejor forma de olvidar es con El gym, asi que ire a uno cerca de mi casa, deseenme suerte.",,🚢 Casa Central
1/4/2025 23:54:06,#581 Que feo que hables así de tu mamá,,🚢 Casa Central
2/4/2025 2:04:57,"Hola, me presento soy la polola del QL del post del WD-40. Vengo a pedir disculpas por el post, que sin duda alguna fue una desfachatez de parte de mi ex por andar compartiendo nuestra intimidad y sus ""nuevos sentimientos"" por redes... Espero CTM que te desmayes de tantas pajas que te haces. Ojalá algún día aprendas a cerrar ese osico de asno pedazo de weon. Por ahora voy a dejar tu identidad en secreto Diego, pero estoy segura de que más de alguien te va a pillar haciendo sus mierdas en los baños de rectoría.
Para información del público y para no desgastar post, soy estudiante de Ing. Ambiental y me encanta un chico de ingeco que ví en la biblioteca con sus amigos. Tenía el pelo medio castaño y con rulos. Para que me pasen el datotito. Adjunto foto. ",https://drive.google.com/open?id=1kGfTZ_rVReOVBGwZPipuC91aHOmPHP7m,🚢 Casa Central
2/4/2025 5:10:16,"Al parecer, en este tiempos las cabras solo quieren pico, los cabros solo quiere cogerse a cualquiera que se le cruce que encuentre linda, ¿dónde quedó el querer tener una relación linda con alguien?, yo creo que es por la ultra sexualizacion que se ha hecho en los medios. Pero cogerte a cualquiera no llenará el vacío dentro que ti que te intensiosa a coger más= sentirse mejor. Está mal.",,🏫 Vitacura
2/4/2025 8:38:58,"Hablemos de la cantidad de baños que no tienen jabón wn durante DIAS.
Hay veces que durante todo un dia uno no pilla pa ir a cagar pq tampoco hay confort. Yo que soy un cagador frecuente te juro que mas de una vez he terminado recorriendo 3 baños distintos hasta pillar uno con confort y encima dsp existe la posibilidad de que no haya jabón por la puta wn.

Aparte de que en estos dispensadores de alcohol gel están todos vacios wn, puta madre.

Voy en tercer año y es primera vez que pasa esta wea, antes como mucho habia un baño sin confort durante el dia y al sgte ya estaba todo renovado.",,🏛️ San Joaquín
2/4/2025 8:59:35,"nada personal mechones, el proximo año lo entenderan ",,🚢 Casa Central
2/4/2025 9:32:59,"la semana pasada había terminado con mi pololo por una broma que le hice y que salió mal, pensé que a lo mejor todo se había acabado para siempre así que me metí con 3 weones en un carrete, vivía la vida loca y estaba conociendo a alguien, pero hace unos días mi pololo me pidió volver y acepté. el me ha estado preguntando acerca de que hice en ese tiempo separados, le he dicho que nada pero, ¿que pasa si se entera? uno de los del carrete era su mejor amigo y no se si él le ha contado o si en algún momento le contará. esto de ser mujer es tan difícil...",,🚢 Casa Central
2/4/2025 10:17:13,"para el 596 yapo, sin atao",,🏛️ San Joaquín
2/4/2025 11:14:49,"Aviso de utilidad pública:

CIERREN EL CIRCO, SILKSONG 2025",,🏛️ San Joaquín
2/4/2025 11:46:54,"@gotenusm.store LOS MEJORES FINOS DE LA USM CASA CENTRAL

próximamente clears, para que esten atento👀👀",,🚢 Casa Central
2/4/2025 13:52:55,"ESTA VA PARA LOS HEDIONDOS QLS QUE DEJAN HEDIONDO A EXCREMENTO CADA PERRO BAÑO DE LA U 🖕🖕🖕 
CAGUEN EN SUS CASAS MIERDAS HUMANAS",,🏫 Vitacura
2/4/2025 14:11:25,"A la confe 549 te pasó por to mi pico con quesillo no soy mechón e igual digo recreo, y aveces en ves de decir la u digo en la escuela y q wea, me he pasado todos los ramos culiaos me paso por el ñakson a la u también y a los que dicen que somos exigencia, por el pico, es fácil pasar en la usm con un estudio bien pensado, mechones qlos créanme no se asusten, aparte de las clases vean las clases grabadas hagan buenos apuntes y después a resolver controles antiguos adelanten materia siempre y que no les metan miedo los que van en otros años, si ténganle miedo a química básica ahí si que violan, a y un saludo a todos los telewecos que andan pasaos a rajas los hijos de la masturba burros.",,🏛️ San Joaquín
2/4/2025 14:17:26,"El mechón de informática con bota está entero hediondo a pichi, regalenle un desodorante o algo para que se saque el olor",,🚢 Casa Central
2/4/2025 15:01:25,"oe ya po cabros, empecemos a tomarnos el pirulin pa mear, parece que mean sin manos los cochinos klaos que dejan las tapas de los baños con meao y ma encima con pelos wn. Si son cochinos en la u quizás como serán en sus casas ",,🏫 Vitacura
2/4/2025 15:48:57,"hay un kbro q es metalero y m encantaa 😭😭, va en mat021 yy lo vi cn su grupito en las A hoy, ayudaa cn el ig xfi 🙂‍↔️🫣",,🏛️ San Joaquín
2/4/2025 15:49:46,"Existen informáticas? de ser así, cómo le hacen",,🏛️ San Joaquín
2/4/2025 17:10:08,"Bajo de un boton-ton-ton 
Que pillo martin-tin-tin
Había un raton-ton-ton
Ay que chiquitin-tin-tin",,🏫 Vitacura
2/4/2025 18:06:53,"Holi, solo queria saber si hay alguien que quiera ir a nadar a la piscina en la semana es que soy mechona y me da wiwi ir sola wn :(",https://drive.google.com/open?id=18TKcP9-X0WIzX14ikhfxJFNIJlBvmooX,🚢 Casa Central
2/4/2025 18:56:58,Quien tendrá el ig de la ayudante de fis100??? 🙏🏻🙏🏻🙏🏻,,🚢 Casa Central
2/4/2025 21:29:59,el bingo terrible mal organizado si 🥸 y gente culia la q se demoraba tres dias habiles en devolver los cartones,,🚢 Casa Central
2/4/2025 21:43:13,"El clase de mate una mina le estaba sonando el pico al pololo, entiendo que quieran follar pero en clases?, por suerte solo fue sobre el pantalón ",,🏛️ San Joaquín
2/4/2025 21:52:18,Alguna vez alguien se ha caído o tirado desde el puente del 4to piso? es que me da vergüenza ser la primera 👉🏼👈🏼,,🏛️ San Joaquín
2/4/2025 22:18:58,hay una niña tan linda en artes visuales wn...,,🚢 Casa Central
3/4/2025 9:17:23,"Hoy viernes 3 vi a una niña de arquitectura con dos papeles enrollados cuando salí del metro, vestía un poleron blanco y Dios que era linda. Te iba a hablar porque me llamaste mucho la atención, pero te veías apurada y antes de decir algo ya te habías ido. ",,🏛️ San Joaquín
3/4/2025 10:33:55,Alguna Sansana de san joaquin interesada en conocer un arquitecto de segundo año? ,,🏛️ San Joaquín
3/4/2025 15:51:23,"En el juego de quitar la cola habia una niña muy bonita del equipo rojo...
Llevaba un gorro negro y pantalones cafes.
Ayudenme a encontrarla.",,🚢 Casa Central
3/4/2025 16:20:42,pasen el ig de la mechona cn polera roja q se pego el show en el si se la sabe cante ,,🏫 Vitacura
3/4/2025 16:46:51,OK haciendo trampa igual que en la pelicula malos klos jsjdks,,🚢 Casa Central
3/4/2025 17:18:52,¿Que fué de ese culiao que ponía los numeros en los comentarios?,,🚢 Casa Central
3/4/2025 17:22:47,La wea de la cola super robado ,,🚢 Casa Central
3/4/2025 17:51:29,"Ojalá suban esta confesión lo antes posible. Hoy, en la feria de iniciativas, vi una iniciativa que tenía un dron-avión y lo encontré super interesante, porque además puede ir gente de otras U, pero me aweoné brijido, y no anoté el ig y ya no me acuerdo cuál era 😭 (sé que parece publicidad, pero les juro que es real) ojalá alguien me de el ig de esa iniciativa 🙏",,🏛️ San Joaquín
3/4/2025 17:54:30,Hagan mas ferias de las pulgas uwu,,🚢 Casa Central
3/4/2025 17:58:14,Como persona que estudia informática me ofende muchísimo la confe 520 xD (Soy la de la confe 119) ,,🚢 Casa Central
3/4/2025 19:02:40,Está va para mi primer grupo de amigos de la u 🖕🖕🖕🖕,,🏛️ San Joaquín
3/4/2025 21:56:11,Fui al karaoke y hubo caleta de gente que podría tener una carrera músical de lo más bien wn. Si tuviera que destacar a algunos menciono a un chico que cantó de los primeros y llevaba un sweater beige creo junto a un chico que llevaba gafas y canto una canción bien grave con risas en medio de la letra. Les salió muy piola cabros.,,🚢 Casa Central
4/4/2025 9:25:03,"Al profe pelao de mates que se parece a Pierluigi Collina no le entiendo nada hermano, está bien que yo sea meo weon pero siento que enseña mal, soy al único al que le pasa?",,🏛️ San Joaquín
4/4/2025 10:23:39,Un wn de los que jugo el torneo de smash dejó la caga en el baño del P ,https://drive.google.com/open?id=1qnlC8eXIuKBQd6Jbq0ndr__RjS13WELn,🚢 Casa Central
4/4/2025 13:10:41,Donde están los mamados chichones? :((,,🏛️ San Joaquín
4/4/2025 13:33:36,Hay un niño con un snoopy en la mochila consíganme el ig xfavor AÑKXLS nunca lo había visto pero lo encuentro muy LINDOOO juega volley 👉👈🥺 Me lo quiero puro comer 🫦,,🏛️ San Joaquín
4/4/2025 14:42:32,"Deberían dejar de prohibir el alcohol 🥺, hacer carta de compromiso y así al menos los viernes este habilitado, estilo usach con el foro, pero en cerrito",,🏛️ San Joaquín
4/4/2025 16:12:11,ig de la mechona q quedo tercera en la sillita musical hdia dijo k se llamaba Javiera o Gabriela nse ,,🏫 Vitacura
4/4/2025 17:18:36,Oye que fome como celebran la semana mechona en sj,,🏛️ San Joaquín
4/4/2025 19:44:48,La wna de pelo rojo puro se va a la biblio a gritar,,🏫 Vitacura
4/4/2025 20:06:56,Este post es para expresar mi cariño hacia Joaquin Elmes tqm mi gordito <3,https://drive.google.com/open?id=1FnbP_gDJiOUVLxf9XUdCIkv-XmGIcUJI,🌳 Concepción
4/4/2025 21:47:57,El depa de comercial y humanistico son expansiones del duoc,,🚢 Casa Central
5/4/2025 15:06:32,"Canté demasiado mal en el karaoke, q vergüenza",,🚢 Casa Central
5/4/2025 15:54:25,"admin limpiese la boca, cmo un admin va a estar tan cargado pa un lado y no ser neutroo?? Lo digo x tanto hate contra los mechones, o esa vez tmb q un loco t dijo: ""ayudante ql me puso malo el ejercicio xq no lo hice como el quería"" y tu le dices: ""hazlo como el quiere entonces?"" No podi po hrmano jdkskdlsk",,🏛️ San Joaquín
5/4/2025 15:57:09,Hay un mechon d inf q siempre esta pasao a pichi 😭,,🚢 Casa Central
5/4/2025 16:12:09,"Hay una chica rubia que me topo todos los días en la u, me parece linda pero me da wiwi hablarle alguien me da un consejo de como hablarle ",,🏛️ San Joaquín
5/4/2025 16:16:52,Crafteen más micros 604 porfa 🙏 ,,🚢 Casa Central
5/4/2025 16:20:57,"Alguien sabrá el lore del pendejo del xiro sushi??? Vez q compro esta jugando como roblox en una tablet, ese niño ira al colegio???? La mamá o papá quien es??? La cajera gótica???",,🚢 Casa Central
5/4/2025 16:26:50,Los que se quejan de los mechones tienen pura cara de raro ql JDNFBFB,,🏛️ San Joaquín
5/4/2025 17:36:30,"Que pase el ig la mascota del HISS, pal oyó la presentación pero de veía entero mino",,🚢 Casa Central
5/4/2025 18:03:41,Alguien sabe donde venden los completos q vendieron en el caffe concert ,,🚢 Casa Central
5/4/2025 18:05:34,Qe wa le tienen al admin ?? Contexto.,,🏖️ Viña del Mar
5/4/2025 18:37:53,"la ""semana"" mechona estuvo ma fome k la ctm",,🚢 Casa Central
5/4/2025 18:51:29,"Hay una niña muy linda que siempre esta en el noac con sus amigas, se viste de negro es bajita y usa lentes, aveces anda con capucha",,🏛️ San Joaquín
5/4/2025 18:58:58,Liberen la tne por favor 🗣️,,🏫 Vitacura
5/4/2025 19:11:15,"Sansanos rekls me robaron un alto del Carmen de litro y medio en el bautizo, espero te haga muy feliz la botella, infeliz rekl",,🚢 Casa Central
5/4/2025 20:05:16,"Soy mechón y vengo de un colegio ql que enseñaba como las weas, a pesar de estudiar por mi cuenta igual quedé con una base de mates y física(no tuve física después de 2do medio porq el colegio ql quiso poner artes en el electivo tecnológico..) media mala por falta de tiempo, ya que nos mandaban a hacer puros proyectos más en el sentido práctico que teorico. Yo sé que los mechones(e incluyendo me) podemos parecer saco weas pero pido favor de que tengan paciencia, estoy dándolo todo para no ser tan weon y no molestar a la gente mas grande 🙏. ",,🏛️ San Joaquín
5/4/2025 23:57:58,"Ya pero, tu eres más de Bombardino crocodilo o Tralalero tralala? 🤨",,🏛️ San Joaquín
6/4/2025 15:18:15,Tanto mino rico en la sede de viña y una inculiable wn más encima me gustan puros pinta de nerd que con cuea saben lo que es una mujer y estoy segura que se fijan en las minas aestetik corte mona china y una corte watona guaren con cigarro 😔 ,,🏖️ Viña del Mar
6/4/2025 15:35:54,"When haces tus momazos en confesiones
El futuro es hoy oiste viejo :vvvvvvvv
But te terminan baniando
Ohhhh mi l'hopital de contacto 
Xdxdxdxdxd :v:v:v :'v ohhhh no papu",,Campus caracas
6/4/2025 15:47:49,"la evi me flecho desde el primer día que la vi, pero na que pesca",,🚢 Casa Central
6/4/2025 15:56:16,"Diganle a los mechones que Mat70 y Mat060 son probablemente los 2 ramos mas faciles que existen en la U junto con Fis100. Asi que no le tengan miedo a esos ramos, si estudian todos los dias pasaran sin problema y ademas generaran habitos para cuando sea necesario",,🏛️ San Joaquín
6/4/2025 16:01:28,"Wn yo entiendo que recién sales de 4to medio, pero no puedes ser tan simio, En que momento una sala de descanso como es la sala pasta paso a ser una wea donde vas a gritar ctm, la semana pasada estuve enferma, con dolores pero uno responsable igual va a clases, despierto 5 de la mañana para llegar a las 8 a la U, llego terrible tarde a mi casa, algunos días necesito 30 min dormir, y a veces menos para funcionar, Para que estos MECHONES CTM vayan a cagarse de la risa, gritar como enfermos y hablar de como te estas intentando culear a una mina, virgo qlo, chupala.

DEJEN DE IR A LA SALA PASTA A GRITAR WN, LA MAYORIA DE PERSONAS ESTAN CALLADAS O DURMIENDO, NO TE DAS CUENTA AWEONAOOO

Sala pasta = descansar/dormir",,🏛️ San Joaquín
6/4/2025 16:06:07,"no soy gay pero soy peruano y tengo una fantasia donde Perú invade chile y chile tiene que exportar esclavos femboys para satisfacer oficiales peruanos de alto rango. me imagino que soy un comandante poderoso alto, con una mandibula cuadrada y con musculos masivos. mi femboy es un pequeño chileno timido con piel palida que viene a mi habitacion. lo agarro con mis poderosos brazos y lo beso a la fuerza, presionando su pecho contra el mio. lo tiro contra la cama con mis grandes brazos quitandole sus pequeños calzones vírgenes. le muestro mi masivo mastodonte peruano, y despues se la meto con todo, follandolo con una fuerza inhumana. cada movimiento lo hace gemir, y finalrnente me corro en su pequeño culito chileno, dejando el semen corriendole por sus pequeñas nalgas, y despues lo abrazo con mis grandes y fuertes brazos peruanos haciendolo dormir en mi pecho. algun otro hetero tiene este tipo de fantasias? ",,🏛️ San Joaquín
6/4/2025 16:31:34,"pero admin, el del puntaje nacional estaba solo preguntando y suponiendo sin mala intención, xq le tiran tanto la pela?",,🏛️ San Joaquín
6/4/2025 16:34:12,"hay una niña en electronica que es demasiado castrosa, me da rabia escucharla😡",,🚢 Casa Central
6/4/2025 16:40:24,Hola hay alguna chance q mi padrino me pesque? Es que es demasiado mino 🥺,,🏛️ San Joaquín
6/4/2025 16:43:07,"Hola, el de la 565, contexto: un agilao que tmb fue puntaje me dijo esa wea y el al parecer si hizo eso igual, pero nunca fue necesario, perdón por preocuparlos. En otro tema, 632,  porque el admin se espera 67 confesiones para tirarme la pelada , lo hubieras aclarado altiro en la primera confe. Posdata : igual se te quiere admin, cuando la continuación del wd 40?",,🏛️ San Joaquín
6/4/2025 16:44:47,"

A veces en la U pareciera que ser pesado es parte del currículum.
Todos hablamos de individualismo como si eso justificara ser hirientes.
Pero ¿realmente hace falta humillar al que recién entra? ¿O al que no es seco en matemáticas? Porqué, eso no es exigencia, es ego. Como si destruir al otro arreglara lo que les rompieron a ellos, o minimizara las humillaciones que recibieron, creo que es algo que nadie ve, mucha gente no se va por la presión de la carrera, sino por el entorno deshonesto e injusto que existe aquí.

¿Vale a pena ser así? ¿Ser la frustración inicial por la cual la gente decide irse? 
 ",,🏛️ San Joaquín
6/4/2025 17:31:27,no pesco a ninguno de los weones q me ha hablado porq me encanta uno q no me pesca😞,,🏫 Vitacura
6/4/2025 17:40:17,"Para la 653, yapo veamonos un día en el testamento di fecha y hora 
",,🏛️ San Joaquín
6/4/2025 17:46:32,Llevo un bebe en mi vientre y su nombre es Maximilano Navarrete ,,🚢 Casa Central
6/4/2025 18:13:58,"Pa los mechones que lloran del hate y que ""ponganse en nuestro lugar cuando fueron mechones"" si hermano, nos ponemos en tu lugar, y tmb fuimos awnaos, tmb nos quejabamos de mate, tmb lloramos por un control, y tmb sufrimos el 'mechones qls siono' y por eso mismo lo hacemos, cndo pasen a segundo van a mirar a los nuevos mechones y van a decir las mismas weas, banquense la wea si nadie le esta llamando por nombre y apellido, es la masa completa que probablemente justo los que la hacen ser odiada se vayan despues del primer año, si ustedes no sienten que ellos los representan, dejen de psicosearse, si al fin y al cabo siempre son los mas que pagan por los menos, y cndo pasen primer año y vean que la patota de weones ya no sigue en la U se van a dar cuenta cuales eran los verdaderos mechones qls, dicho esto, mechones qls siono",,🚢 Casa Central
6/4/2025 18:36:07,"Habia un weon (o weona, idk) con un casillero lleno de monas chinas BDSM...",https://drive.google.com/open?id=1oaw3CFgvJ6D1jv-MfQRFD5l19Bzp6U_S,🏖️ Viña del Mar
6/4/2025 18:43:08,Preparen las manos para el torneo de smash el 22 mira que 1.200 horas en el juego y mainear a metaknight no son pa nada (si me baño y me pongo desodorante todos los dias),,🏛️ San Joaquín
6/4/2025 18:47:56,Hay una mina (creo) mechona cn el pelo rojo q me seduceeeeeee andan siempre 2 porfa los ig pa un trio ,,🏛️ San Joaquín
6/4/2025 19:09:36,Alguien cacha el contexto del Sonic de san Joaquín?,,🏛️ San Joaquín
6/4/2025 19:18:02,"Impriman más gays en sj, no que usm: universidad sin minas?",,🏛️ San Joaquín
6/4/2025 19:36:51,"Necesito algún dato donde pueda hacerme un test rápido de VIH y/o sífilis. ¿La universidad hace test? ¿Hay algún lugar donde pueda hacerlo rápido? Los Cesfam lo hacen gratis pero demoran como un mes entero en entregar los resultados y las clínicas son más rápidas pero cobran como 70 lucas por un chequeo general. Necesito algo donde hacerme un examen rápido y no tan caro, si hay algo gratis mejor porfa.",https://drive.google.com/open?id=1xoB9a9lAn3DSAUy0UzPvTyXqp7J1fQ3e,🏖️ Viña del Mar
6/4/2025 19:42:51,joaquin elmes t kiero min chanchito,https://drive.google.com/open?id=1WTb2wlO5Bf6vVapRFPJgfxri0rz35_K-,🌳 Concepción
6/4/2025 19:54:24,Orgulloso de tener una foto y saludo con el Llon de Huerfanos producciones y del QuickLagll (y el civer) 🗣️🔥,,🏖️ Viña del Mar
6/4/2025 19:56:07,"Esta complicado ser sociable en Vita siendo mechon. Me gustaria socializar con varios pero leyendo como pelan a gente o weas que uno escucha en clases uno no sabe como encajar. sera

toco quedarse en un grupo pequeño ",,🏫 Vitacura
6/4/2025 20:50:18,Soy de TI y profe de elementos de la matemáticas me tiene loca 😔 es tan simpático y eso me tiene enamorá ,,🏖️ Viña del Mar
6/4/2025 21:00:05,"no les funcionan sus relaciones pq se fijan en pura gente de mierda wn, se enamoran al mes de conocerse y enaltecen demasiado a personas por motivos charchas como su belleza física o gustos de min@s básicos, pa los cabros y las cabras, tengan un proyecto de vida, una meta, trabajen en ustedes mismos y si alguien quiere ser su compañero de vida, si alguien les complementa y no es un wn o wna pa comerse y ya, ahí recién tendrán una relación de verdad, lo otro son weas de cabros chicos, búsquense un hombre, una mujer, no pendejos. chao grupo pichula ",,🚢 Casa Central
6/4/2025 21:11:20,"el de la confe 650 tiene razón. El otro día me contaron que había un loco pidiendo ayuda en el baño porque cagó sin tener confort

pareciera que hay que hacer caca en el B para lavarse las manos en el K y secarselas en el B

(P.D: perdón admin por hacerte bajar tanto)",,🏛️ San Joaquín
6/4/2025 22:14:43,el minito de comercial que hace clases 😍😍,,🚢 Casa Central
6/4/2025 22:45:12,Cada dia más weon,,🏫 Vitacura
6/4/2025 22:46:07,"Porq esta generación de mechones son tan cristales y amaneraos? Si a todos nos tocó bancarnos los webeos cuando éramos mechones, si se ponen a llorar por una wea tan chica, no me quiero imaginar cuando les toque empezar los certámenes ",,🏛️ San Joaquín
6/4/2025 22:50:29,#680 en el gimnasio ,,🏛️ San Joaquín
6/4/2025 22:56:27,"la de la confe 616, especifícate un pokito ma po xfa 😞😞",,🏛️ San Joaquín
6/4/2025 23:52:24,"soy de civil física y siento que nunca hice amigos de mi generación. no creo que les caiga mal, simplemente no logré conectar con ninguno y ahora siento que no encajo en la carrera. algún consejo?",,🏛️ San Joaquín
7/4/2025 0:16:20,"necesito el ig de una chica de O.K andaba en quemados era muy simpática se llevaba con mucha gente q no era de su alianza dudo q fuera mechona pq era jefa de alianza por lo q escuche, le pregunté algo y fue súper amable y linda al responderme es lo único q me hace pensar q la U todavía no la destruye, y tenía unas tts q me dejaron pensando en ella todo el fin de semana, la busque el viernes para hablarle y no la encontré ",,🚢 Casa Central
7/4/2025 0:21:36,"universidad qlia, van a estar toda la  caga de semestre en obras por la chucha.",,🌳 Concepción
7/4/2025 1:35:50,Como se ve el mechon de info que anda ediondo a pichi? que tambien soy de info y uso botas pero si me baño jdsjdb,,🚢 Casa Central
7/4/2025 5:51:13,"El que se queda a la de la Confesión 652, Lo siento por ti amigo",,🏫 Vitacura
7/4/2025 8:37:01,si yo fuera una gallina te comerías mis huevos?,,🏖️ Viña del Mar
7/4/2025 8:54:40,"oohhhh wn, me meti a un humanista y el profe pasa diciendo ""ustedes cuando sean ingenieros"" weonn yo soy de licenciatura, me carga q me digan ingeniero, siento q me rebajan caleta 💀💀💀 prefiero matarme honestamente",,🏛️ San Joaquín
7/4/2025 9:58:00,"Alguien que le diga a Ricardo Salas que sus actividades en clase son terrible pajeras y no sirven pá ni una wea. Ah, y sus clases también son terrible inútiles.",,🏛️ San Joaquín
7/4/2025 14:03:22,Vuela alto Albert Andrés 🕊️🕊️🕊️,,🏛️ San Joaquín
7/4/2025 15:18:17,OE QUE ES FOME EL MOMAZOS PIAZZEX LA CAGO,,🚢 Casa Central
7/4/2025 15:54:13,Pq chucha hay gente q vapea en la sala o en la biblioteca alo,,🏫 Vitacura
7/4/2025 16:50:54,El gabrieln de informatica esta verde por unos femboys sumisos. Cualquier dato tiren cv,,🏖️ Viña del Mar
7/4/2025 20:00:10,Como le hablo a alguien que no conozco de nada,,🏛️ San Joaquín
7/4/2025 20:12:49,"Extrañar no es malo, significa
que hubo algo que realmente valió la pena, que dejó huella en ti
Pero la vida sigue, y quedarte atrapado en lo que fue solo te impide ver todo lo que aún puede ser.
No se trata de fingir que no duele, sino de aprender a vivir con ese vacío sin permitir que te consuma.
Soltar no es olvidar, es aceptar que algunas personas solo estuvieron de paso, pero su impacto en ti no desaparece.
En lugar de aferrarte al dolor de su ausencia, honra su recuerdo viviendo plenamente, porque al final, lo que se va deja espacio para lo nuevo que está por venir.",,🚢 Casa Central
7/4/2025 21:29:03,"hoy día vi a una niña de la u llorando en la micro con los ojitos super hinchados y me dio mucha pena pero no me atreví a preguntarle si estaba bien o no, si ves esto ojalá estés bien💗",,🏫 Vitacura
8/4/2025 1:05:20,"En clses estoy mayormente solo todo el dia, y en ventanas me voy a mi casa, igual estoy comodo pero noc si será bueno estar siempre ""solo""😔",,🚢 Casa Central
8/4/2025 1:40:34,"Alguien sabe si la chica de lentes, que lleva frenillos y vende gomitas en el C, está con alguien?",,🚢 Casa Central
8/4/2025 5:57:35,"Que no ves que estoy coqueteando contigo martín, tan ciego eres dios mio",,🏫 Vitacura
8/4/2025 11:44:38,Podrían dejar de tirarse tantos peos en clase weon? Hay un aire denso a gas mostaza en la sala qlia parece invernadero tropical,,🏛️ San Joaquín
8/4/2025 13:29:47,Cómo chucheta me conecto al eduroam,,🚢 Casa Central
8/4/2025 13:48:39,"Lo único penca es q CUALQUIER MICRO Q PASA VIENE LLENA WN, HAGAN MAS MICROS PORFAVOR, HAY Q REZAR PARA QUE HAYA 1 ESPACIO",,🏖️ Viña del Mar
8/4/2025 14:25:08,"Hoy 08/04 hay una niña muy linda sentada en las bancas, rubia con vestido negro y unas botas color crema, que me llamó mucho la atención pero no me atreví a acercarme jaja, netamente porque se ve ocupada y tampoco quiero incomodar. Agradecería que pusieran el ig en los comentarios o algo jajsja, es q si m llamó la atención waa",,🏛️ San Joaquín
8/4/2025 16:41:39,"Estoy buscando a una chica que tiene clase con el Young en 021, es blanca, castaña, se viste pinky y tiene lentes😭😭",,🏛️ San Joaquín
8/4/2025 17:32:10,"Hrmno como puede ser posible que cada pareja que me topo en la biblioteca esten a nada de culear en medio de las mesas, es que minimo bajen la voz de los gemi2",,🚢 Casa Central
8/4/2025 19:01:28,"Oe los mechone d ahora le dan cualquier color con las confesiones cuando yo era mechon tambien agarraba pal webeo a los mechones. 
",,🏛️ San Joaquín
8/4/2025 20:01:17,"Al de la 645
Tal vez eres tú quien no sabe elegir bien",,🏛️ San Joaquín
8/4/2025 20:32:03,"Hoy(martes 8 de abril) en el puesto del proyecto para modernizar el área cinematográfica la cabra que comentaba el proyecto es muy linda, no le alcance a pedir el insta porque estaba apurado 😔, si ves esto estaba muy interesante el proyecto y eres muy linda 🫶",,🏛️ San Joaquín
8/4/2025 20:40:20,"ay una loca que va al ciac o a la biblioteca a puro cagarse de risa, más encima parece megáfono la wna, hasta su grupo la calla, deja piola y ponte a estudiar bocina.",,🏛️ San Joaquín
8/4/2025 23:07:47,"crisis de papel y jabón weoooon, donde mierda hay un baño utilizable en estos días, don fede haga algo !!! fdw la semana pasada en niun baño había papel, los k siguen sin papel 😭 que pasaaa, dónde quedó el prestigio ???? ",,🏛️ San Joaquín
9/4/2025 12:02:15,"Necesito que las niñas digan cuál es el baño más piola para ir a cagar, por favor, el otro día me dió tremenda diarrea y casi entro en desesperación por no saber a dónde ir.",,🚢 Casa Central
9/4/2025 12:42:03,¿Por que tenias que ser tú? :(,,🏛️ San Joaquín
9/4/2025 13:53:10,"Que wea el wn que viste de azul en sj, un día lo ví con un gorro de Sonic, un peluche de Miku y empezó a correr como Naruto xd",,🏛️ San Joaquín
9/4/2025 14:13:48,A los de segundo que se quejan de los mechones pero bien que se comen a las mechonas,,🏛️ San Joaquín
9/4/2025 17:21:29,"Vi por Tinder qué una chica llamada Eliza de la U estaba interesada en probar si sale algo. Como no pago esa app, prefiero preguntar por acá: soy un chico de 19, de segundo año, trigueño. Me gusta hacer ejercicio, componer música, ver series y animes, y leer de todo (libros, mangas, las instrucciones del shampoo). Si te interesa, hagamos trabajar al admin y mandale un mensaje con tu perfil del Tinder, y cuando el busque a quien hizo este post, yo le mandare captura del forms. ",,🏛️ San Joaquín
9/4/2025 19:33:42,Viva el tio victor wn,,🚢 Casa Central
9/4/2025 19:55:08,"QUE CHUCHA LES PASA WEON???
Son todos unos cristalitos de mierda que no quieren que les tiren un poquito de humo? Yo pasaba todo el rato en el cerrito fumandome unos cuantos cigarros sin problema y ahora no nos dejan hacer eso.
MECHONES CULIADOS DE CRISTAL, NO NOS DEJAN HACER NADA EN ESTA U DE MIERDA EN DECADENCIA.
Nos quitaron los sale cerritos, a Carlisho y ahora los cigarros.",,🏛️ San Joaquín
9/4/2025 19:58:32,"USM lo pierde todo.
No tenemos Carlisho, tampoco donde fumar ni carretes ni ventas en el NOAC.
Lo que si tenemos es la WEA A REBENTAR DE MECHONES CULIAOS QUE NO SE CALLAN!!!",,🏛️ San Joaquín
9/4/2025 20:10:15,Ya saben gente. No les puede faltar esto en la vida (ver foto),https://drive.google.com/open?id=1g7yFg7D544b4BJNG-LEL-j5MMUff7cZC,🚢 Casa Central
9/4/2025 20:42:52,"Soy muy wn, me ilusioné caleta con alguien que conocí y pensé que podría formar una buena amistad (si, ni siquiera una ilusión amorosa).
Pero da lo mismo, ahora que tengo su atención:¿Que ayudantes de MAT60 recomiendan?",,🚢 Casa Central
10/4/2025 0:51:17,La U me está volando la raja y ya no es chistoso :(,,🚢 Casa Central
10/4/2025 14:51:48,"Me agradaba una chica (para amistad), pero creo que se confundieron las cosas y creo que cree que me gusta, pero en realidad me gusta su amiga... No sé cómo hablar con la chica ahora, porque va a parecer que quiero estar con todas, pero solo me interesa ella.. (He tenido mucho choque de miradas con ella pero ns como hacerlo) Help",,🏫 Vitacura
10/4/2025 21:44:28,"estaba cagando en los camarines de las k y veo de reojo por la sombra al weon de al lado que se estaba moviendo mucho su mano, se estaba pajeando……",,🏛️ San Joaquín
11/4/2025 14:12:18,"La watona qlia pasa bigmac que atiende en el casino del segundo piso, responde como el pico, si uno le hace una pregunta o le dices algo en buena te va a responder como la callampa, deben puro echarlaaaaaa",,🏛️ San Joaquín
11/4/2025 15:58:48,"La cantidad de pulgas que hay aqui es horrible…
Consejos para deshacerse de las pulgas",,🚢 Casa Central
11/4/2025 23:21:21,esta va pa los que se quedan conversando en el casino,https://drive.google.com/open?id=1xt_ME1mk6NEfiBUzrUnvlkZFVTZLsjac,🚢 Casa Central
11/4/2025 23:25:31,"Mientras más bonito sean sus apuntes, menos entienden la wea de materia",,🏛️ San Joaquín
12/4/2025 0:37:58,"Me gusta un loko y senti q íbamos super bien, y ahora ni me pesca, no se quizo sentar al lado mio en ninguna clase y antes si, me ha ignorado brigido, ya ni nos vamos juntos en micro, yo creí q habíamos hecho click😔😭",,🏫 Vitacura
12/4/2025 1:05:08,Jueguen cs!!! Entré a la U pensando q iba a encontrar gente con la cuál jugar... Pero nadie juega! Es increíble.,,🏛️ San Joaquín
12/4/2025 1:10:18,El cabro de los chicles 🫦,,🚢 Casa Central
12/4/2025 1:12:04,Me pasan el ig de este bon bon💘💘,https://drive.google.com/open?id=1C9knVPN77MpkT2JIhOK7LKX0hwkrHz6O,🚢 Casa Central
12/4/2025 1:15:06,Si lo ven es mio no me lo toquen q me pongo celosa ,https://drive.google.com/open?id=1xSJP9bn20Az-nIwFFVQrVJL5BJrbO87o,🚢 Casa Central
12/4/2025 1:29:53,"Que hablamos donov de andar pajeandose en los baños culiao, basta por favor.",,🚢 Casa Central
12/4/2025 11:40:04,"hay una mechona de idp, muy linda que estaba en un stand rosado el jueves, tenia pantalones grises pelo cafe y blanquita, parecia muñeca, se busca",,🚢 Casa Central
12/4/2025 11:45:45,Violación no está ni cerca describir al crimen de guerra que le acabo de hacer al certamen ql,,🏛️ San Joaquín
12/4/2025 12:22:06,"Hola, alguien egresado de técnico en electrónica, me gustaría saber cuánto ganan y si encontraron pega ",,🏖️ Viña del Mar
12/4/2025 13:17:26,"Hay una mechona creo que de ing física QUE UFFFF tiene un tattoo medio como tribal en el muslo, unos rulos locos, un delineado ke te deja en el psicólogo y lentes rojos. Pasen el ig luegoooooo siok, grax🥵",,🚢 Casa Central
12/4/2025 14:52:09,Me gusta mi mejor amigo ,,🚢 Casa Central
13/4/2025 12:47:44,Fabian mira los reels que te mando😡,,🏛️ San Joaquín
13/4/2025 14:36:08,Hoy es mi cumpleaños,,🏛️ San Joaquín
13/4/2025 17:34:46,"Hay un compa que casi siempre anda con una polera de The Cure... Todo bien con los gustos musicales, pero hermano báñate o lava la polera, tai juerteh de ala 🫠",,🏛️ San Joaquín
13/4/2025 17:41:11,No hay grupo donde vendan hongitos? 🥺,,🏛️ San Joaquín
13/4/2025 17:42:42,Saquense un clan de Clash Royal,,🚢 Casa Central
13/4/2025 17:46:10,"Soy mechón y en la U todos me han tratado super, me parece increíble ver tantos comentarios diciendo lo contrario.... Pero en mi caso no he experimentado nada negativo.",,🏛️ San Joaquín
13/4/2025 17:52:45,Por que nadie habla de Mat050?,,🏛️ San Joaquín
13/4/2025 18:10:42,"Por que el sansanito NO PUEDE DAR FARMACOS???, ni q estuviéramos en el colegio wn, el otro día me tuve q aguantar un dolor de guata todo el puto día hasta llegar a mi casa pq no me podían dar nada q no fuera un TE CTM (no me gusta el te y por motivos de salud tampoco puedo tomar xd). Somos todos mayores de edad o por ultimo q nos hagan firmar alguna wea para q puedan darnos remedios ",,🚢 Casa Central
13/4/2025 18:15:42,"Tanto q invierten en los baños pero los del P están hechos mierda (desde el -1 hasta el 4to piso), mas encima uno ni cabe wn tiene q pasar como de lado y con la mochila en la mano. Incluso en el de hombres hay uno en no me acuerdo q piso q tiene un hoyo como hacia las cañerías y llega una brisa de no se donde",,🚢 Casa Central
13/4/2025 18:37:19,Soy mechón y tengo un amigo que está en último año de industrial. Me explico por qué odian tanto a los mechones y cuando me cuenta la historia de los simios q tienen en su campus gritando en la biblioteca hasta a mi me enoja XD,,🏛️ San Joaquín
13/4/2025 19:09:49,El admin piano que nombre griego tenía en la cuenta anterior?,,🚢 Casa Central
13/4/2025 19:12:39,"yo sé que no estamos absurdamente mal en la u, pero cómo es posible que nosotrxs como estudiantes solo acatemos lo que digan las autoridades sin dudar ni en lo más mínimo. weon ahora los baños están sucios, sin confort, sin jabón, me he pillado más de uno roto, y la única consecuencia de esto es nuestro silencio, porque nunca nos quejamos. podemos hablar de la maravillosa semana sansana, que no tiene nada de semana, porque fueron dos días y solo después de las 12. podemos hablar de lo miradores en menos que son a veces los profes porque hay compañerxs que van más atrás. podemos hablar del plan usm+, que se implementó mientras lxs estudiantes estaban de vacaciones y cuando llegamos nos tocó bancar nomás, porque el/la sansanx no alega. salas absurdamente llenas, poco espacio en los comedores, pero recuerden que el perfil del/de la sansana es alguien calladito. cabrxs, esta wea no es un llamado a paro ni weas, pero hay que hacerse ver, el silencio y el caso omiso a los alegatos no nos van a llevar lejos. podemos quedarnos calladxs y conformarnos, pero vale la pena intentar hablar y llegar a acuerdos formalmente, porque no solo estamos aquí para ejercitar y ser los y las weonxs más secxs de nuestras especialidades, también merecemos pertenecer a una casa de estudios amena. ",,🏛️ San Joaquín
13/4/2025 20:10:58,Ni siquiera soy de esta U vine de sapa alooo,,Udd
13/4/2025 20:39:19,"Me sentir mal porque me bloqueador en ig "" por qué no encajó en ningún lado "" :(",,🏛️ San Joaquín
13/4/2025 21:32:04,"Cabros Definitivamente hay que votar Parisi 🇨🇱  :

Eliminar el IVA a los medicamentos 
Eliminar el IVA a los alimentos 
Eliminar contribuciones 
Subir la pgu a 280.000 

Voten por las propuestas. A mí no me importa si el Ni comunistas Ni fascistas.",,🚢 Casa Central
13/4/2025 21:49:06,"Que rabia que una persona crea que puede tratarte como quiera, jugar contigo y tus emociones, sin que haya consecuencias y que se va a salir siempre con la suya, y se lo van a perdonar todo, respeta un poco al otro y valora que está dando de su tiempo y esfuerzo en contentarte. Valora el vínculo que tienes y que la otra persona ha tratado de crear abriendose contigo, no es para que menosprecies sus sentimientos así.",,🏛️ San Joaquín
13/4/2025 22:02:36,"Las confesiones que uno manda, los admins pueden ver el correo de quien mando? Porque he mandado unos baits terrible funables y feos   Y no quiero que la admin moñito y el admin piano piensen q soy un enfermito 🥲",,🏛️ San Joaquín
13/4/2025 22:08:34,"Para la del 768 creo?? Que preguntaba lugares para hacer del dos, voy a opinar de los baños.Con los del E tuve una mala experiencia aunque sí son poco transitados así que esa parte es buena, pero una niña de limpieza estaba actuando medio raro (tipo murmurando sola todo el rato y en una me habló feo) así que no pienso volver a ellos. A los del A no voy nunca, podrían ser buena opción ya que igual hay hartos baños. Los baños del F (los que están bajando la escalera) son relativamente buenos ya que son cerrados entonces quedas con un lavamanos personal y todo, pero a veces esperando a que desocupen se escucha a la gente mear así que no es buena opción para un episodio de diarrea. Los baños del T no los conozco ya que siempre que me tocaba ir estaban malos :p. El baño de la biblioteca no me gustaba mucho, generalmente tiene harto tránsito de gente. Los baños del patio central no son buena opción, va harta gente a arreglarse, lavarse los dientes, conversar, a veces igual se llena. Los baños del C que están bajando la escalera no me gustan, los odio, he sufrido mucho ahora que están arreglando los de más arriba. Mucha gente, poco espacio, siempre que entro huelen mal. Los del C de arriba eran buenos, siento que no se escucha mucho aunque apenas termina un bloque se llenan (por favor termínenlos pronto). Los baños del P son una muy buena opción ya que hay en cada piso, sólo tienes que irte a un piso que te acomode, podría ser el subterráneo o el 4to piso porque en esos podría haber menos gente, son muy buenos baños. Los del M son buenos, pero me gustan más los que están en el 4to piso, va muy poca gente, aunque los del 2do piso salvan harto, e igual son hartos baños, yo ahí cago tranquila pk no tienen cómo saber que soy yo la que está detonando el baño. En resumen, el M y el P podrían ser las mejores alternativas que conozco. No conozco más baños que esos, pero soy capaz de probarlos todos y hacer un ranking oficial. Por cierto, no se anden aguantando, no se enfermen por weas, si todo el mundo caga, he oído de mucha gente que se anda esperando hasta su casa y tal, yo antes era igual pero decidí ser feliz y hacerle caso a las llamadas de la naturaleza. ",,🚢 Casa Central
13/4/2025 22:16:36,"Para el de la 771,Tu mamá es tan guatona que cuando la cremaron quedó cruda",,🏖️ Viña del Mar
13/4/2025 22:18:20,Alguien me explica porque extraño a alguien que al final fue una mierda de persona,,🏫 Vitacura
13/4/2025 22:25:43,"corny asses quejándose de los mechones, no soy ni de la u y me parecen tan chatos busquen laburo ya están grandecitos 😭💀🙏🏻🙏🏻🙏🏻",,🚢 Casa Central
13/4/2025 22:31:54,"Fideo, ¿Quieres ser mi amigo?.
Porque yo quiero ser tu amigo.",https://drive.google.com/open?id=1PILSGdG8Tk3KFlXQzTF23IDCEfWapzti,🏫 Vitacura
13/4/2025 22:36:39,espero q la gente que defiende y dice k dejen tranquilo al sonic sepa que es medio funeke x básicamente acosar/hostigar en menor grado a muchas d sus compañeras xd pero bueno tiene tea asi k se le perdona😎,,🏛️ San Joaquín
13/4/2025 22:37:01,#792 sal de ahí ,,🏛️ San Joaquín
13/4/2025 22:40:55,Algun wn vio pal valo que me ayude a salir de bronce 2? 👺👍🏻,,🏛️ San Joaquín
13/4/2025 22:41:34,"Pal 717, voy el martes a la u todo el día, dame señales jajajaja",,🏛️ San Joaquín
13/4/2025 22:49:28,Para la confe 766 déjame decirte que me he pegado las medias paj4s a 2 manos pensando en ese entrenador pokemon puta que se me pone dura la callampa. A los telewekos están pasaos a raja los klos. Y los de ing civil física son pro pero no más que los ingecos ,,🏛️ San Joaquín
13/4/2025 22:59:47,Hola admins soy el laburo 🗣️,,🏖️ Viña del Mar
13/4/2025 23:06:01,Por qué mis amigas son infinitamente mas maduras en relaciones que justo con la que estoy teniendo una relación 💀,,🏛️ San Joaquín
14/4/2025 0:00:04,Qué pasó con Carlisho? 😦,,🚢 Casa Central
14/4/2025 0:06:57,APUESTO TODO AL MISH 🃏​♣️​🐷​,,🏛️ San Joaquín
14/4/2025 0:10:33,"weon cmo es posible que la u cada vez este mas en decadencia; no hay confort en los baños, hay que llegar a las 7 de la mañana para tener estacionamiento, siendo que en el espacio de profesores hay cualker espacio, para fumar ahora hay que meterse a una wea entera chica, una caja de zapatos prácticamente, siendo que teniamos espacios libres destinados solo a fumar y que eran bastante razonables, nos prohibieron vender en el noac valiendoles pico que para varios este era un gran sustento y realmente no le hacia daño a nadie. qué podemos hacer para alzar la voz? ya bastaa",,🏛️ San Joaquín
14/4/2025 0:21:51,Cabrxs es posible compatibilizar una relación de pareja con la universidad? Abro debate ,,🏛️ San Joaquín
14/4/2025 0:23:32,Para mí la Atenea seguirá llamándose Atenea,,🚢 Casa Central
14/4/2025 0:30:14,"Oigan que pasa con los buses de acercamiento, el de las 7.45 sale a las 7.30 y después de eso no hay nada. Por favor hagan algoooo",,🏫 Vitacura
14/4/2025 0:32:54,Pa la 816 entonces el martes voy andar en la mañana por los sillones del testamento ,,🏛️ San Joaquín
14/4/2025 1:08:40,"Si se van a poner a subir tantas confes, suban las que son de verdad, no ven que se pierde la mia entre tanta wea",,🚢 Casa Central
14/4/2025 1:18:55,"voy en tercer año y cada amigo/grupo q hago dura 1 semestre💀, volvi a estar solo y ya me chate con tratar de socializar, pero me da lata tener q andar solo todo el dia y no juntarme con nadie, algun consejo?",,🏛️ San Joaquín
14/4/2025 1:58:27,"Para las (o la mina) que funan al Sonic admitan que no nunca intentaron hablar las cosas, siendo que le cuesta n expresarse imaginate con mujeres wn, su autismo no justifica nada si es que hubo acoso, pero hay que tener un poco de empatia wn nisiquiera se pudo expresar o explicarse lo fueron a denunciar de una con los pacos, te pudiste sentir incomoda es valido pero no era para denuncias a tal grado y para intentar expulsarlo de la U",,🏛️ San Joaquín
14/4/2025 2:42:04,"paja q weones universitarios ya ""adultos"" andan tan cuentiaos sacando la ropa sucia de los demas  al publico, ya tienen la zorra y/o el pico con harto pelo pa andar exponiendo a personas que estan pasando por weas que pueden ser brigidas o no a nivel personal, cómo la vida de tanto sansano qlo es tan miserable para andar fijandose en la vida de los demas, deje piola a la gente que le gusta mostrar sus propios colores esos van a ser alguien en esta vida qla, no como los weones q exponen a alguien para hacer reir a los demas hijos de la perra",,🏛️ San Joaquín
14/4/2025 7:44:57,"Dejen en paz al sonic wn. Si hay 100 fans del tipo de sonic yo soy uno de ellos, si hay 10 fans yo soy uno, si hay 1 yo soy ese. Y si ya no tiene fans es porque yo ya no  estoy en usm (me eliminaron)",,🏛️ San Joaquín
14/4/2025 7:46:45,El profe Renato de fundamentos de matemáticas es mi idolo 🙌,,🏖️ Viña del Mar
14/4/2025 8:10:07,"Pa la confe 772, porque dices q ya no se puede fumar, yo aun fumo donde se me cante el pico",,🏛️ San Joaquín
14/4/2025 8:30:06,"Hay una mechona de quimica que está toda bonita
Florencia, esperame sentada pk ire a detonarte todo el culooooo",,🏛️ San Joaquín
14/4/2025 8:56:31,"Estoy aburrido de ustedes sansanos klos pasaos a raja, yo lo único que necesito es eyacularle en la cara al maestro Pokémon mientra me recita los teoremas de mate 023, tanto les cuesta entender eso ? Insensibles de mierda, siempre con un amigo de civil física andamos eyaculando y dejando esperma en la taza de los baños ( lo esparcimos cosa que el que se siente no se de cuenta) pero nadie agradece eso.",,🏛️ San Joaquín
14/4/2025 8:59:33,"Para la confe 817, si, soy teleweko, y pienso lo mismo, soy de rulos y voy en 2do año, y no, no me he pajeado pensando en el pero si me he echado un par de dedos al potos por el maestro pokemon >.<",,🏛️ San Joaquín
14/4/2025 9:13:07,"estoy enamorada del profe nelis, esq es tan lindo y su forma de explicar me deja🫦",,🏛️ San Joaquín
14/4/2025 9:50:01,"Para la persona del 815, soy oroII, no se si te sirve",,🏛️ San Joaquín
14/4/2025 10:50:16,"Para la confe 728 hermano no esperes mucho de los de Vita, piensa que los más weones están allá los ingecos, y se creen la muérete al igual que los pilotos, cuando con cuea resuelven una integral. ",,🏛️ San Joaquín
14/4/2025 10:50:32,"leo que pasan diciendo que dejen ser feliz al Sonic pero poco se habla de que siguio, acosó e intento manipular a varias compañeras y de otras carreras, hasta las mechonas saben q deben alejarse de él",,🏛️ San Joaquín
14/4/2025 11:07:14,"Alguien sabe cómo sacar otra credencial? La mía está entera rota y se está rompiendo el qr fhjd (se que también se puede entrar con carnet, pero prefiero la credencial se me pierda a qué se me pierda el carnet 💀)",,🏛️ San Joaquín
14/4/2025 11:31:03,"Para todas las sansanas, tiren la puta cadena, que es eso de no ver qué todos los water tienen cadena? O se tira o se presiona el botón, todos están buenos, acaso tienen un fetiche de que tenga que ver su mrd o pis? 🙄 ",,🏖️ Viña del Mar
14/4/2025 11:39:09,Pal de la 771 tu mamá es tan watona que cuando hizo un trio los 2 wnes ni se conocieron 🗣🗣,,🚢 Casa Central
14/4/2025 11:40:29,"yapo pa cuando su 5 stack en el valo, manden ids pa agregar",,🏛️ San Joaquín
14/4/2025 11:51:24,Reclamen la situación de los baños a: brigida.arias@usm.cl,,🏛️ San Joaquín
14/4/2025 11:55:55,Corrección: reclamen la situación de los baños al correo servicios.sj@usm.cl,,🏛️ San Joaquín
14/4/2025 13:06:09,"Compa de la 797, eso pasa porque todo el hate es exclusivo por redes sociales xd nadie va a hacerle nada o decirle nada a un mechon en persona, lo mas probable es que te traten bien. Las redes sirven como descargo de uno, pero por ej si alguien no tiene redes jamas sabra que casi todos odian a los mechones xd mas redes valen kk",,🏛️ San Joaquín
14/4/2025 14:21:00,"Me gusta el Bastian de Astrofis, pero creo q tiene polola 😔",,🏛️ San Joaquín
14/4/2025 14:26:23,"Díganle al que vende los galletas (crumbel cokikes según el) que le baje el precio, o que haga una de chocolate y chispas de chocolate blanco que se ponga vio pa la wea o pa la próxima lo funo 💆🏽‍♀️💆🏽‍♀️ enfasis",https://drive.google.com/open?id=1q3A7skqPCEXfWk2uzpl6mZUw1Ampf22A,🚢 Casa Central
14/4/2025 14:39:08,"Sé que andar haciendo powerscaling es tremenda weá, pero igual voy a tirar la idea
Que alguien se haga una tier list de dificultad de los ramos de la USM",,🚢 Casa Central
14/4/2025 15:13:14,en el paralelo 203 de fisica hay un hombre muy atractivo pero parece que está weando con alguien de su mismo paralelo asiq no se que hacer necesito ayuda,,🏛️ San Joaquín
14/4/2025 17:04:00,"Hrmno estoy harto de ver tantos mensajes de apoyo pal sonic wn, el ql es un acosador de minas, a una amiga la sigió hasta su casa y intentó darle plata para recibir fotos a cambio(7lks) y mi amiga fue a hablar con la u para que se hiciese algo y le dijeron q no pueden hacer nada pq tiene TEA, pero la wea no justifica lo q hace",,🏛️ San Joaquín
14/4/2025 17:20:16,"Hace rato que ando con ganas de tirar o algo pero no sale nada, alguien en la u quiere algo piola, en preferencia busco mujeres y sino alguna página pa conocerse o app que recomienden ?",,🏛️ San Joaquín
14/4/2025 19:18:49,"El otro día fui a la sala de ocio y me senté a jugar en la switch con unos jóvencitos que creo son mechones. La cuestión es que mientras jugábamos una partida de smash quede asombrada con la forma en que movía los dedos un chiquillo y quedé flechada. Ahora no puedo parar de tocarme cada vez que estoy sola porque no me puedo sacar de la cabeza esas manos poderosas y tan habilidosas del chiquillo. Sueño todo el día con qué me harían esas manos si el cabro fuera mío, al punto de que despierto, me toco, voy a la u, me toco antes de entrar a clases, me voy al baño en medio de la clase para tocarme y así. Debería hablarle o buscar ayuda?? Atte. Una informática cualquiera.",,🚢 Casa Central
14/4/2025 19:27:25,"ohhh mechones qls🤬🤬, había unos enfermitos que andaban actuando como monos haciendo sonidos y moviendo los brazos, cada día me sorprende mas el nivel de esquizofrenia de la usm",,🏛️ San Joaquín
14/4/2025 19:50:39,"Nose si hablar con la gente o no :/ yaq de un momento a otro se me van las ganas de hablar y actuo un poco pesado y pocas veces me doy cuenta y x eso no e hablado mucho con la gente.
Ademas q creo q tengo cara d pesado",,🚢 Casa Central
14/4/2025 19:52:27,"oe q pasa con los lokitos q se creen monos, comportense ya estan grandes ",,🏛️ San Joaquín
14/4/2025 21:00:22,"Hermano hay una mechona de ns que carrera de rulos naranjos, morena y con lentes creo, he visto como 3 versiones de ella, 2 en hombre y 1 con pelo liso quede loco",,🚢 Casa Central
14/4/2025 21:46:58,"Soy la de la confe 379,sigo pensando que los mechones de mecánica parecen desesperados,bajenle a las hormonas plis",,🏛️ San Joaquín
14/4/2025 21:53:18,"Increíble lo pasao a raja que dejaba la sala un waton en el primer bloque de mat070 P010, y eso que tenía la nariz media tapada (por suerte). Por favor no cuesta nada ducharse o pegarle una trapeada al ojete mínimo 🤌🏼",,🚢 Casa Central
14/4/2025 23:41:12,#792 que le diga le da la 🍐,,🚢 Casa Central
15/4/2025 0:27:41,"yo te amee m
desearía volver a toparme contigo y que todo estuviera bien..
si nos topamos de frente solo nos ignoraremos? de todas formas, eso está bien..
creo que me gustaría que vieras esto y pensaras en mi pero está poco específico..
no se de que sirve hacerte pensar en mi..
quiero estar contigo, aunque haya pasado demasiado tiempo.
quiero saber cómo estás, siempre voy a querer lo mejor para ti.
No te tengo bloqueado..
Los bloqueados solo deberian ser gente acosadora o con malas intenciones..
Tu no, aunque nunca volvamos a hablar.
Quizás todos ya saben que estuve contigo o cumpliste con no decirle a nadie..
No me importa..
Me habría gustado arreglar las cosas de mejor forma. Al final somos de la misma carrera. Al menos creo que quedó claro que no hay rencores y que te deseo lo mejor",,🚢 Casa Central
15/4/2025 1:10:31,Confiesen cosas los de civil,,Cualquier campus vamos quiero saber cosas
15/4/2025 7:04:52,"queridos usuarios del bus de acercamiento me molesta demasiado cuando reclinan el asiento encima de uno, un poco de cordialidad de avisar primero porque yo llevo mi mochila encima y siempre me aplastan alsjaksk que lata, pero eso, no cuesta nada si nadie les va a decir que no si para eso estan los asientos pero avisen plis ",,🏫 Vitacura
15/4/2025 7:13:40,Tomas bravo dame la pasá 🗣️🗣️ aunque sea una vez ,,🏖️ Viña del Mar
15/4/2025 12:00:09,"Qué chucha es la salsa blanca que dan en el almuerzo de el patio central, es muy rico, manden receta ",,🚢 Casa Central
15/4/2025 12:34:32,"Puta que son degenerados los weones de esta u, sobre todo los de química ",,🚢 Casa Central
15/4/2025 16:10:36,"no enten a admisión, pagan super poco",,🏛️ San Joaquín
15/4/2025 17:18:35,"Hace tiempo me siento inseguro de mi sexualidad soy gay y la verdad me siento bien x decirlo, me quiero abrir a conocer gente este es mi número +56 9 9932 7609",,🏛️ San Joaquín
15/4/2025 21:53:41,"Confieso que he estudiado harto para 060 pero sin importar cuánto estudie no llego al cien aparte me dió un ataque de pánico en el control de hoy y no se como me fue, me se toda la materia pero no entiendo cómo me pongo tan nerviosa, quiero puro llorar",,🚢 Casa Central
16/4/2025 0:11:56,"Hace una semana o más fui a un baño que creo que era mixto. iba a entrar porque salió una niña y vi que salian varias niñas,, al ver que ssle una del baño con el símbolo de silla de ruedas la miro y me dice pasa entonces ahí dije ""ay no vendrá slguien? salgo altiro"" y me dicw pasa nomas no viene nadie,,
solo fui a sonarme y aproveché de ordenar algo en mi mochila.. al salir había un niño.Como de alrededor de 20 xd... le dije hola y me saludó.. me dio vergüenza igual😿

(El baño ese está en el baño mixto, el chico estaba lit en la puerta, a 1 metro habia un espejo, lavamanos, secador..)",,🚢 Casa Central
16/4/2025 0:46:31,"Hace poco vi la historia de un compañero que fue un ex nada pero del que me enganché demasiado y caí en depresión cuando se terminó todo...
(Nos comimos varias veces y fue un tierno y me ghosteó, aunque es más complicado que eso..)
Había subido un,, como meme? de que quería una minita autista (justo me diagnosticaron..)
Aquí está tu autista girl wn😭
vuelve😭
(xdn't)
",,🚢 Casa Central
16/4/2025 8:54:07,"Hay una chica en el noac que siempre nos miramos, tiene frenillos y el pelo negro largo Alguien tiene su ig? Solo quiero ser amigo 😔",,🏛️ San Joaquín
16/4/2025 10:35:16,"Me da asco el ciac de vitacura, vas en la mañana y siempre esta la misma pareja apunto de tener sexo. Es lindo que se quieran y todo, pero wn es un espacio para todos no un motel, agarrense despues y bajen la cagá de voz cuando hablan como guagua y los tutores pa que decir nunca han enseñado niuna wea puro que se van a pelar. Nadie ocupa el ciac para lo que es, solo van a buscar agua, con quien tirar o rascarse las weas ",,🏫 Vitacura
16/4/2025 12:01:50,#809 Tu mamá es tan guatona que su auto tiene estrías,,🏖️ Viña del Mar
16/4/2025 12:12:29,"aprovecho para condenar de nuevo, desde el fondo de mi alma y de mis vísceras al estado de Israel, maldito seas estado de Israel",,🏛️ San Joaquín
16/4/2025 12:12:50,El culo de un chancho rosado 🐽 es igual al culo de  cualquier mujer de la USM 😂,,🚢 Casa Central
16/4/2025 12:22:36,"Quiero decir  que la Matilde, la de pelo teñido de blanco se mete con el ayudante de 60 de segundo año y le pasa la respuesta de los controles ",,🚢 Casa Central
16/4/2025 14:16:47,Alguien sabe algún dato de pega administrativa en la universidad o donde se puede buscar pega en la universidad?,,🚢 Casa Central
16/4/2025 14:34:19,"Hay un wachito rico de 1r año de telematica que es corte gotico y siempre usa poleras de the cure y quiero puro hablarle, pero es meo ediondo y me la baja toda",,🏛️ San Joaquín
16/4/2025 15:22:23,"Desde que me descargué el Balatro no he podido parar de pensar en jugar esa mierda de juego, lo estoy perdiendo absolutamente todo, día tras día, noche tras noche, el único pensamiento que pasa por mi cabeza es el balatreo. Cada vez que intento estudiar escucho a Jimbo en mi cabeza diciendo ""dale loquito esta run te sale un blueprint negativo"" y abro el Balatro, todas las clases me dan ganas de jugar balatro y ya me estoy hechando 3 ramos, en una clase de matemáticas había una variable multiplicada por 3 y solo pude pensar en el multi de cavendish y en como me encantaría aplicarle un Joker invisible para tener 2. Cada día mientras manejo a la U soy el de la foto. Balatro balatrez me está consumiendo desde adentro (jueguen Balatro)",https://drive.google.com/open?id=1SYuYNuw1E4R_5WRLXT8jFzRt88lF3923,🏫 Vitacura
16/4/2025 15:32:57,Agradecido de estar en una universidad con pocas minas🙏(aunque en mi carrera hay un montón),,🏛️ San Joaquín
16/4/2025 16:08:03,"al wn de la 829, siquiera sabes la cantidad de cabras de idp y otras carreras que fueron acosadas por el wn, como el wn incomodaba a todos en los grupos de carrera con las weas que decía, que sea tea no significa que no entienda que acosar o seguir a una niña por horas está mal, si sólo opinas de la versión que puede decirte él claramente se va a victimizar y dirá que nadie lo entiende porque ya lo ha hecho.",,🏛️ San Joaquín
16/4/2025 16:21:20,"siento que desde que termine con mi ex(hace 2 meses) no voy a poder conseguir otra pareja, más que nada es porque me cuesta caleta hablar con gente y encima no soy físicamente atractivo 😔",,🚢 Casa Central
16/4/2025 16:26:31,Tiraron un scooter al mapocho XD,,🏫 Vitacura
16/4/2025 16:27:48,"Soy mechón y estoy quedando para la cagá con todas las revelaciones que se están sacando en poco más de un mes, usm llena de sorpresas con sus personajes ""icónicos"" 🗣🗣🗣",,🏛️ San Joaquín
16/4/2025 16:37:07,"me importa un pico que el sonic sea tea, yo también soy tea y no ando siguiendo y acosando a minas. dejen de infantilizarnos si weones no somos tampoco ",,🏛️ San Joaquín
16/4/2025 16:39:45,"Para los de la 851 y 883, podrían hablarlo con el Centro de Estudiantes de su carrera para tener algo más de representación si es que ya hay muchos casos de acoso por parte del wn de Sonic, ya que claramente si denuncia una pura persona la U no va a hacer nada porque el wn es autista.",,🏛️ San Joaquín
16/4/2025 16:47:14,Soy mechona y encuentró lindo a un chico de mi carrera y la verdad nose como acercarme a hablar sin que tenga q ser algo de la universidad:((( consejos plis ,,🚢 Casa Central
16/4/2025 16:49:54,una de estas mañanas había un culoncito corriendo apurado por el semaforo a la U. si saben quien podría ser etiqueten qué no paro de pensar brrrr,,🏛️ San Joaquín
16/4/2025 16:51:37,"Parece que el tipo que se viste de Sonic es el Chris Chan sansano. Solo falta que haga un OC terrible penca, se haga trans y haga weas turbias.",,🏛️ San Joaquín
16/4/2025 16:54:03,"Yo tengo mi emprendimiento de dulces( como cuchufli, alfajores,etc) y quería empezar a vender en la u, pero el primer día nos dijeron q estaba prohibido vender y me quedé con eso, pero luego caché q todos venden cosas, como le hacen?? Así no mas? O piden algún permiso? ",,🏛️ San Joaquín
16/4/2025 16:59:11,"Holiii estoy dando en adopción a dos gatitos de 2 meses ambos saben usar el arenero, buscamos un/a dueño/a responsable y que se comprometa a esterilizar. Cualquier duda puedes escribirme y acordamos para que puedas venir a buscarlo/a. Mi número: +56958742808, lamentablemente es una pensión de estudiantes así que no pueden quedarse ahí 💕",https://drive.google.com/open?id=1-Vm-S6sqP8f49sEaxGvR8hthUxGxVfZJ,🚢 Casa Central
16/4/2025 17:00:49,"Com respecto a la confesión 879, creo que si cacho al cabro de telepática, de lejos si,(es mas o menos el único corte gotico de la carrera) y se sabe que es mateo, pero e pasado alado  de el y es meo oloso feo, típico de los goticos",,🏛️ San Joaquín
16/4/2025 17:01:15,"Guerra Civil USM
Sonic vs Resistencia",,🏛️ San Joaquín
16/4/2025 17:01:35,ayudenme a quitarle el miedo a las mujeres,,🏫 Vitacura
16/4/2025 17:04:14,"Estás 100% equivocada atenea, no pude ir ese día en la mañana y solo fui en la tarde, pero necesito saber quién es jajaja respuesta pal 826, perdóname",https://drive.google.com/open?id=1Qptn15PhfTUcmVHVXiigCQeFqf141oiM,🏛️ San Joaquín
16/4/2025 17:11:51,"Solo decir que en la USM Casa Central están las mujeres más bellas del país wn, la cagó, y en especial en mi carrera.",,🚢 Casa Central
16/4/2025 17:15:17,que wea paso con el sonic autista? expliquen bien la wea po,,incógnito 
16/4/2025 17:16:03,EL OSVALDO ES TEA,,🏖️ Viña del Mar
16/4/2025 17:28:43,Alguien cacha cuánto pagan a los ayudantes?,,🚢 Casa Central
16/4/2025 17:30:37,"wn comprense sus propios cigarros, dicen ""yo no fumo por eso no compro"" pero piden uno todos los días ",,🏛️ San Joaquín
16/4/2025 17:40:09,"holi, por fa no publiquen esto, solo quería decir que me dió demasiada vergüenza leer la publicación 871 y 872.. si borraran 1 aunque sea tendría menos vergüenza, por fa😭 estoy arrepentida de haber escrito lo de tea y no ayuda que se note que ambas las escribió una misma persona.. lo que más me da vergüenza es que él, si ve la publicación de tea se acuerde de mi y luego mas encima vea la otra de los baños mixtos.. las escribí en un momento vulnerable.. ",,🚢 Casa Central
16/4/2025 17:46:56,"ya ctm acá se corta el webeo de raíz, mañana bloque 7-8 espero a todos los que están a favor del sonic culiao, sala k300, yo Diego Muñoz los espero con la cara destapada y sin miedo a los ctm a ver si tanto lo quieren ",,🏛️ San Joaquín
16/4/2025 17:48:45,"Solo me quieren pa tirar, recomendación pa que alguien me ame",,🚢 Casa Central
16/4/2025 17:54:01,Hay un wn.con lentes veo pasando a menudo en la u y cada vez que pasa los amigos le están pegando en la raja al pobre cabro porque tiene la mea raja pero así fdw y como q me da penita (Fuerza compañero),,🚢 Casa Central
16/4/2025 17:54:36,"Me saque la chucha estudiando y apenas alcance a lo minimo para aprobar…
Me lleva el chanfle y la chinga de peluas las pruebas",https://drive.google.com/open?id=1KGVxXoSNZ0jG-3AsuvzrXbsn4y9AKr6W,🏛️ San Joaquín
16/4/2025 17:56:17,"Soy gay y debo decir que hay muchos nerds taaan bonitos, pero me da vergüenza hablarles y en general conocer gente :(",,🏛️ San Joaquín
16/4/2025 18:03:53,"Yo admiraba mucho al diego gifs, pero desde la primera vez que vi un comentario de él que no era un gif, sentí que se me cayo brigido, ya no era diego gifs, era una persona común y corriente que podía usar cada tecla del teclado, ahora cada gif que veo de él, lo siento falso...",,🚢 Casa Central
16/4/2025 18:09:51,"Auxilio, soy heterosexual, pero admito que me encanta caleta el pico, como que disfruto mucho más el sexo con hombres pero no siento nada sentimental por ellos, entonces esto sería un problema si empezara a pololear, tampoco sería atractivo para una mina de un wn que le guste la corneta pero se declare hetero, consejos cabros?",,🏛️ San Joaquín
16/4/2025 18:17:26,"Hay un mechon, morenito de rulos que esta en mecanica, se viste supeer bien no se como se llama y me da penita acercarme, porfi hagan su magia ✌️",,🚢 Casa Central
16/4/2025 18:27:55,"Que son ustedes? Vaquero, Samurai, Pirata o Caballero??",,🏖️ Viña del Mar
16/4/2025 18:28:11,"diganle al diego muñoz de la 887 que no está en un edit de tiktok o algo, se cree la media wea, vive en un edit",,🏛️ San Joaquín
16/4/2025 18:33:40,"Sonic mira si lees esto tienes máximo de aquí al lunes te queremos fuera de la universidad y aprovechando también que lo hagan todo el séquito de parásitos que lo apoyan.. yo solo puedo decir que el que avisa no traiciona y la calle no perdona..
Atte el bajo mundo de Chile ",,🏛️ San Joaquín
16/4/2025 18:36:41,"Dicen que se necesitan 10 veces más psicólogos para dar a vasto a la cantidad de estudiantes en la USM. Por esto mismo es que quería hacer un pequeño post de apreciación para recordarles a todos que valen mucho como persona, y que estoy orgulloso de saber que cada uno de ustedes está dando lo mejor de sí.

Ánimo gente, no dejen que las cosas pequeñas los depriman, tengan un bonito día.",,🚢 Casa Central
16/4/2025 18:57:13,"Soy la del 848 y está va para la weona o weon que me dijo pobretona, mira por si no sabes al que le vendí las galletas le dije que comentaria (TONTA/O WEON/A) antes de andar tratando a la gente de pobre primero mírate momia, lee un libro hace alguna wea antes de andar rebajando a las personas por escribir una wea anónima tratando menos a alguien (las galletas fruna chips son más ricas que la chucha) 💋💋 te falta barrio momia ",,🚢 Casa Central
16/4/2025 19:03:36,Hoy quise entrar al baño unisex y una loca q taba adentro me miró como el pico (Soy hombre). Ya es suficiente con q hinchen con la inclusión y pongan un baño así como pa q luego uno lo quiera usar y lo vean mal ,,🏫 Vitacura
16/4/2025 19:10:43,"corten el webeo hrmno, si el sonic es acosador de minas, es acosador de minas, yo tambien soy autista y puede que este media pitiaita pero no ando acosando gente, dejen de justificar weas injustificables.",,🏛️ San Joaquín
16/4/2025 19:32:17,"al monito que se andaba rascando el poto en clase, un poquito más de decencia 🤢🤢, y se olía encima, tenía que ser informático ",,🏛️ San Joaquín
16/4/2025 19:34:00,"ooo el sonic kl me tiene chato, iba corriendo como naruto el wn y me choca, encima anda acosando de lejos a compañeras de carrera, le faltan los puros binoculares ",,🏛️ San Joaquín
16/4/2025 19:35:09,Es verdad que los de SJ andan actuando como monitos 🐒? era obvio si ahí va puro enfermo,,🏫 Vitacura
16/4/2025 19:44:04,"yo digo q el sonic necesita una polola pa q se deje de wear, hay que hacerle un tinder",,🏛️ San Joaquín
16/4/2025 19:45:56,"algun gei o bi en vita wn, pero de real, que de like a la publicacion",,🏫 Vitacura
16/4/2025 19:52:57,"Para el de la confe 830. Que se deberia hacer entonces segun tu? Ocultarlo? Ignorarlo? el tema no es que se vista d sonic y nos burlemos d él, el tema es que acosa compañeras... lei x ahi q hasta las seguia a sus casas(?
No se trata de sacar trapitos sucios xq si, total al final el puede hacer lo k kiera mientras solo l afecte a él, pero sus acciones pasan a llevar a otras personas y x lo mismo es bueno que se conozca la situacion para que las chiquillas sean mas precavidas o anden mas alerta.
Y yapo  si ya somos adultos como tu dices, como vas a estar defendiendo y bajandole el perfil a comportamientos asi.",,🏛️ San Joaquín
16/4/2025 19:55:02,Contesten la encuesta de los estatutos si no queremos que pase otro usm+,,🚢 Casa Central
16/4/2025 20:11:28,"Alguna idea de como remontar un mes entero de matemáticas y química en el q no entiendo absolutamente nada? tipo libros o tips en general, lo agradecería muchísimo 

PD: Diego Hernández eres mi fan digo soy tu fan mándame un saludo",,🏛️ San Joaquín
16/4/2025 20:44:28,Admito que el martin jerez de ingeco es minisimoo jsjsjsjs,,🏫 Vitacura
16/4/2025 20:49:44,Cuando vayan al baño caguen por todas partes esparzan su mierda por toda la superficie sientan su caca sientan la textura además piensen que alguien más tendrá que limpiar eso 😉. Así como los profesores humillan a sus alumnos los alumnos humillan al de la limpieza jajaja ,,🚢 Casa Central
16/4/2025 20:55:17,"a los wns que defienden al tea sonic son unos wns a cagar, que sea tea no justifica la situacion de acaso mas bien hace un desvalance de poder, ya que se le intenta justificar todo pq es tea, y la wea no es asi ser tea no te libra ni te quita lo acosador o mala persona, si realmenete entendieran que es el tea y cosas por el estilo entenderian que esta situacion termina siendo una injusticia pq solo pq es tea se le perdona todo o se le trata de justificar y por estas situaciones es pq muxos teas terminan siendo unos degenerados kl o acosadores etc, pq usan que es tea y le dan el poder de hacer todo solo pq tiene tea, si ustedes solo lo justifican porque es tea quiero decirles que por gente como ustedes es porque muchos tea son acosadores defendiendolos por weas que no son defendibles, si van a defenderlo por tea espero que al menos sepan que son unos saco weas ❤️",,🏛️ San Joaquín
16/4/2025 21:00:52,Tiren todo el lore del niño sonic po,,🏛️ San Joaquín
16/4/2025 21:22:55,Sansano? Prefiero el término SUPERIOR,,🏛️ San Joaquín
16/4/2025 21:26:08,Como tan aweonao de ponerte a pelear en cerrito joaquin culiao bueno pal semen XDDDDDDDD,,🏛️ San Joaquín
16/4/2025 21:26:41,me cagaron 💯💯,,🏛️ San Joaquín
16/4/2025 22:26:57,Y si le pedimos al Carlisho que haga el Almacén Camello de pago para que así los mechones paguen $5000 por material y los años superiores $10000?,,🚢 Casa Central
16/4/2025 22:31:56,"Wn, me fui de la USM persiguiendo una mina del Duoc en San Joaquín y me termino dejando por otro wn porque me tomó por fome.

Como regreso a la Usm ahora?",,🏛️ San Joaquín
16/4/2025 22:35:44,"Hola gente, solo vengo a hacer el spam de que hago clases particulares. Preguntar por el pichula

Ig: chalegod_",,🏛️ San Joaquín
16/4/2025 22:46:26,"Me gustaría dejar algo en claro desde ya: no acepto lloros de los ridículos en los comentarios porque es mi opinión subjetiva.

Todas las chicas que tengan una contextura gruesa, que tengan una cara redonda o un cuerpo macizo... Hablemos las cosas como son. Las chicas guatonas, son desde mi punto de vista una de las peores apariencias que una chica puede tener ya que con toda esa acumulación de grasa me da mucho que pensar ya que no se si son gordas de nacimiento o simplemente engordan porque no se sienten bonitas siendo delgadas. Tengan cuidado con tanto aceite porque en algún momento les podría dar la diabetes o también podrían terminar teniendo problemas con su propio peso, sumado al hecho demostrado por mí como fuente que al ser más gruesas, sudan más. Les recomendaría que si se pudieran, hagan un poco de ejercicios o quitense un poco de su grasa para que así sean una mujer completamente ejercitada, limpia y hermosa, ya que cualquier mujer delgada e incluso musculosa la considero la mejor opción para mi como pareja. Si tienen problemas, yo y mis gymbros las podemos ayudar, ya que he estado perfeccionando mi cuerpo desde hace mucho y lo único que enciende mi pajarito son las musculosas. Diría que le tengo un fetiche a los músculos.

Muchas gracias.",,🚢 Casa Central
16/4/2025 22:59:23,Estoy seguro de que todas las confes que defienden al funao son de él mismo.,,🏛️ San Joaquín
16/4/2025 23:40:19,El otro día ví a una mina en el baño  con vestido gris full cubierto y ufff no tengo nada decente que decir amiga (que buen pedazo de queque que tienes),,🚢 Casa Central
16/4/2025 23:43:33,Ya ni de gritar tengo ganas ,,🏛️ San Joaquín
16/4/2025 23:44:34,¿Alguna chica que le guste la NBA y quiera ver partidos de la NBA acostados abrazaditos mientras comemos panqueques? ,https://drive.google.com/open?id=1I2HXM8xWatk37ksxhu1qNoYgD8S3tCUi,🚢 Casa Central
16/4/2025 23:50:46,"el otro día en el lds escuché la mitad de un chiste de un frugelé, y hubiera preferido quedarme parao carepalo pa terminar de escucharlo porque quedé con la duda ",,🏛️ San Joaquín
16/4/2025 23:52:23,"no se preocupen más por el jabón del baño wn, mañana jueves 17 voy y los relleno todos!!!",,🏛️ San Joaquín
17/4/2025 0:04:14,Si el Cris Chan es tan malo entonces por qué sacaron Cris Chan 2 en SJ?,https://drive.google.com/open?id=1-OqOyFKUGcWWgFB6374HXHM3FqYYuBDK,🏛️ San Joaquín
17/4/2025 0:21:28,"Hola, perdón pero las páginas de tinder están todas enteras muertas. Solo quería preguntar si alguna mina quiere pasar el rato, sin compromiso, full buena onda.",,🚢 Casa Central
17/4/2025 3:08:07,"¿Es verdad que Heracles era Carlisho? ¿Creen que Heracles y Carlisho eran amigos en secreto? ¿Creen que alguna vez se hayan turnado para responder confesiones y nunca nos dimos cuenta? Pero lo más importante... ¿Creen que, en otro universo, hubiéramos podido ser amigos? 👉👈 Ayia
:v",,Una fan del mito ùú
17/4/2025 6:48:22,Me va a ir como el pico en el certamen de mates hoy 🤪🤪🤪,,🏖️ Viña del Mar
17/4/2025 8:37:19,osea basicamente el sonic es cmo un chris-chan? y cmo es q la u no ha hecho nada al respecto?? las pobres que acosó tienen que soportarlo nomas??? wtf???????,,🏛️ San Joaquín
17/4/2025 9:06:14,"En virtud de los acontecimientos, deberíamos hacer un mural de Gura en el costado del edificio F",,🏛️ San Joaquín
17/4/2025 10:15:10,Devuelvan al carlisho,,🚢 Casa Central
17/4/2025 10:43:36,"Wn que chucha con los mechones, como les va mal en materia que entraba en la paes, y ademas es como lo mas basico, y me pregunto como les alcanzo el puntaje pa la U, abandonen la carrera rapido ctm puro hacen preguntas wns en clase y molestan.",,🏛️ San Joaquín
17/4/2025 11:07:24,"hola tengo q soltar esto me cagé a mi pololo en vacaciones de verano en un carrete y le terminé al día siguiente, desperté con otro weon al lado y que puta paja decirlo así pero nunca le dije por qué le terminé, espero que seas feliz porq fui una polola de mrd, pero no me arrepiento porq no estabas ni ahí conmigo, te veo más feliz ahora, yo también estoy más feliz ahora, me gustaría igual decirte a la cara por que te terminé después de 4 años pero sé que es mejor para tu salud mental no saberlo, igual valías callampa pero ni por ser mal pololo se merecen q los cagen ",,🏛️ San Joaquín
17/4/2025 11:35:21,Oe pero q wea paso con carlisho nadie dice niuna wea,,🚢 Casa Central
17/4/2025 11:38:40,"Pa la de la 8:72, yo te recibo. El otro no sabe apreciar la belleza d una mina autista ",,🏛️ San Joaquín
17/4/2025 11:40:07,"A mí amiga le gustan los feos, opciones? 👇🏼👇🏼",,🏛️ San Joaquín
17/4/2025 12:00:43,diogo chupalo,,🏛️ San Joaquín
17/4/2025 12:47:25,la mimi es mi amor platonico como mechón,,🚢 Casa Central
17/4/2025 13:29:45,Y aun así hay gente que defiende a los mechones 🖕🤬🖕,https://drive.google.com/open?id=1mLti2B6l32dC4CE1E1HE6gKlAdkXmpfm,🏫 Vitacura
17/4/2025 14:03:56,La gente que defiende al sonic:,https://drive.google.com/open?id=1Bsph8GfLjvf3UCKqXw_lAx1ADGLZB5vj,🏛️ San Joaquín
17/4/2025 15:01:23,traba lindo o mina tea?,,🏛️ San Joaquín
17/4/2025 15:07:36,"Para la 835 deja de creer que son mejores, al fin y al cabo eres tú y tu amigo m, aquí en vita tenemos hasta un chat de wsp, juntamos esperma (leche le decimos) en una botella y la vamos esparciendo por ahí aveces la ponemos en tazas y la metemos al microondas para que el vapor se esperma quede en todas las paredes del microondas jajajaja allá se sientan sobre espera aquí en vita se lo comen, aparte en los chats geys somos más los de vita, aguante ingeniería comercial bb ❤️",,🏫 Vitacura
17/4/2025 15:10:01,Jajjaajajajaja 898 soy de civil telemática ahjshjajs y soy hombre ,,🏛️ San Joaquín
17/4/2025 15:28:18,Tengo un amogo q le quiere hablar a una loca pero se achica xfa (mau) dale bola ,,🏖️ Viña del Mar
17/4/2025 15:28:52,Freyner busca novia informatica,,🏖️ Viña del Mar
17/4/2025 16:00:47,Matías Chacon te amo ,,🏛️ San Joaquín
17/4/2025 16:34:05,"Si andamos con las funas, pa cuando funan al Kaiso?💀💀💀",,🏛️ San Joaquín
17/4/2025 16:39:52,"hno el sonic kl andaba al lado del baño de mujeres, quizás estaba echando mirada pa dentro 🤢, luego se fue corriendo a lo naruto",,🏛️ San Joaquín
17/4/2025 16:40:38,"Remontaditas de las wenas [3er control tmb me fué bn, toi terrible feliz de estar entendiendo bien mat060 hasta ahora] si se puede mechones, solo hay que lockear in 🗣🗣🗣",https://drive.google.com/open?id=1uSxxZuyko1X4Er8oqw1UO-1rB2iBn5qR,🏛️ San Joaquín
17/4/2025 16:43:55,"wn no entren a los baños de las b en la hora de almuerzo, ay como una secta de mechones q se creen monos y andan haciendo sonidos como enfermitos, yo creo que son team TEA",,🏛️ San Joaquín
17/4/2025 17:22:01,"Para los que han visto los entrenamientos de la selección de fútbol, les tienen fé q está vez ganen el torneo entre Universidades/Institutos?",,🏖️ Viña del Mar
17/4/2025 19:09:59,"loco nunca había visto tanta gente hormonal junta wn, el haul del c, la biblioteca, en cada rincón hay gente agarrando pls stop ",,🚢 Casa Central
17/4/2025 19:24:29,"hola, hay un grupo de niños en la sede de viña no me se bien los nombres, el bas alto , el sanchez no manches , el seba va nanas, el amaro del camaro el matigol q no hace gol el azúcar seba y un isr más q no se los apodos, tan enteros ricos si alguien tiene el ig que los mande en especial el de bas alto el más alto ",,🏖️ Viña del Mar
17/4/2025 19:57:53,"estaba almorzando en los balcones qué dan para las canchas y vi a un mino en la cancha de playa sin polera y short rojo qué estaba 🫦🫦🫦 pero más tarde llego una wna y se llevaban muy bien😭😭😭, será su polola????",,🏛️ San Joaquín
17/4/2025 20:09:20,"Se que se acabó hace un año pero aveces me dan ganas de volver con esa persona, pero solo pa ""divertirnos""",,🚢 Casa Central
17/4/2025 20:20:48,"Dejen al sonic tranquilo. Si tienen problemas, eso se soluciona por otros medios... No haciendo una ""funa"" pública... No le conviene a nadie, ni a esta cuenta.. Son ADULTOS no niños.",,🏛️ San Joaquín
17/4/2025 20:30:21,buenas noches admins,,🏛️ San Joaquín
17/4/2025 20:33:39,Donde estan los gays de San Joaquín?!,,🏛️ San Joaquín
17/4/2025 20:36:22,"notable la esquizofrenia que se maneja en la u, estamos a una generacion mas de mechones de convertirnos en un manicomio ",,🏛️ San Joaquín
17/4/2025 20:43:09,"               Se limpian penes con la boca 
                    2x1 en penes chiquitos 
                        +56 9 7772 4915",,🚢 Casa Central
17/4/2025 20:46:43,Goticas 😍,,🚢 Casa Central
17/4/2025 20:50:11,"No entiendo cual es el problema con que el sonic, si dices que te sigue hasta tu casa siguelo de vuelta, cero atao",,🏛️ San Joaquín
17/4/2025 21:00:32,"Esto es pa burlarme del wn de la 933, oh que aweonao jdjajajsjjsjajajajjaajdjjaja
Me hiciste sentir vio, gracias, buenas noches.",,🏛️ San Joaquín
17/4/2025 21:03:47,"Alguien pa llantear? DAAAAAAA
CODE 🦎",,🏛️ San Joaquín
17/4/2025 21:07:52,"oe hrmano corten la wea con el sonic, cmo tanto, ya está bien, 1, 2, 3 veces ya, si ya tdos cacharon la funa, pero cierren el hocico po wn, cmo tan hinchas cn la wea, los mismos q lo hatean parecen fans de el de tanto q lo mencionan",,🏛️ San Joaquín
17/4/2025 21:09:17,"gente pregunta seria, q opinan de las franciscas?",,🏛️ San Joaquín
17/4/2025 21:12:05,"Insultenme, denme los mejores, los que mas guardados tienen, a ver si uno es bueno y me lo robo (acepto insultos al dm igual)",,🏖️ Viña del Mar
17/4/2025 21:12:58,y el sonic tiene amigos o es solo él con su peluche? ,,🏛️ San Joaquín
17/4/2025 21:17:53,pasen contexto de qn xuxa e cris chan,,🏛️ San Joaquín
17/4/2025 21:20:49,#950 estoy seguro q si no es mechón se atrasó el scw,,🏛️ San Joaquín
17/4/2025 21:21:31,"Para la confe 950 si eri tan vio wuacho klo pasa las materias con puros libros yo lo hice así y k pasa, deja que cada uno aprenda piola tonto culiao, si eri tan vio (y tienes tiempo cosa que me falto a mi) métete a las clases más avanzadas te quiero ver pavo klo pasao a raja ",,🏛️ San Joaquín
17/4/2025 21:26:40,Sonic ql nos cagaste a todos los tea,,🏛️ San Joaquín
17/4/2025 21:29:04,"funen a algún weon tea en viña del mar po, sede culia fome 👎👎👎",,🏖️ Viña del Mar
17/4/2025 21:36:08,"matias perelli tremenda pirula, sos un grande, besto telemático casemonos acepta mi invitacion 😔 ",,🏛️ San Joaquín
17/4/2025 21:42:30,Ranking de ayudantes legendarios ? ,,🏛️ San Joaquín
17/4/2025 22:01:00,"No entiendo la wea de los estatutos, de q trata??? Y la hicieron de nuevo o q,  pq la contesté como en marzo y me siguen llegando correos. Alguien de buena fe y corazón que quiera explicar pliss 🙏 ",,🚢 Casa Central
17/4/2025 22:03:41,A los de SJ pasen el lore del sonic‼️‼️‼️ ,,🚢 Casa Central
17/4/2025 22:05:24,"Pero wn, como puede la temporada 2025 de la USM empezar tan bizarro y tan fuerte con todos estos arcos:
- *voz de Dross* Carlisho se va de la USM 😭
- Apoyamos/odiamos al chico Sonic 🦔
- Odio Mechones 😡 
- Baños SJ sin mantención 🤮
- Scooters al Mapocho 🛴 
- Sin carrete ni cigarro, los sansanos nos vamos a paro 🚬 
- Pa' que lloran por cosas basicas 💢 
Y mucho más en menos de 2 meses. Que alguien detenga la autor de la USM por favor... POR FAVOR!!! POR FAVOR!!!!!!",,🏛️ San Joaquín
17/4/2025 22:07:15,"Entiendo q te guste alguien y quieras expresar ese amor, pero ya los wnes se pasan, he visto gente a nada de qlar en LOS PASILLOS DEL P WN. Uno con cuea puede pasar en los pasillos en el cambio de hora y no falta la pareja q está a nada de tener un hijo ahí mismo ",,🚢 Casa Central
17/4/2025 22:09:37,yapo quien pego mocos bajo la mesa?,,🏛️ San Joaquín
17/4/2025 22:15:57,"Esto va dedicado a todos los mechones:
Si tienen problemas para entender los contenidos antes del primer certamen, les pido por favor que se vayan de la universidad inmediatamente. Si no logran adecuarse al ritmo de nuestra universidad, nunca podrán lograr adecuarse al ritmo laboral que uno se deberá enfrentar a futuro. Esto se los digo por su bien, porque en este mundo tienes que estar preparado desde antes para poder colaborar en el ambito laboral de forma eficiente y siempre atento a todo. Si no, ustedes van a ser unos parásitos que solamente estarán chupando a los profesores para subirles las notas solo porque se equivocaron. Si no tienen las bases suficientes para aprobar las asignaturas, mejor estudien en un instituto profesional, ya que nosotros no estamos buscando novatos, buscamos máquinas eficientes. No sean como ese ridiculo llamado ""Carlisho"".",,Para todos los mechones
17/4/2025 22:21:22,"Para la 898 jsjsjs igual tengo ganas de saber quien eres, si queri podemos vernos otro día, que día andas en la u?",,🏛️ San Joaquín
17/4/2025 22:32:58,"Encuentro a una compañera de carrera demasiado guapa, me gusta mucho, hemos conversado y tenemos buena relación de amistad/compañeros, pero... no es buena idea relacionarse con compañeros/as de carrera, ¿no?",,🏛️ San Joaquín
17/4/2025 22:42:50,"Hay un loquito que está conmigo en el taller de funcional los jueves y esta entero Mino pero no sé cómo hablarle ni se de qué carrera es de hecho, ni sé si es gay",,🏛️ San Joaquín
17/4/2025 23:13:35,"Siento que si la u ni siquiera le toma el peso a la wea del sonic, en idp podrían irse a paro y exigir que tomen cartas en el asunto wn. 

Diría a nivel sj, pero ni idea de si algo así es posible si solo tenemos centros de estudiantes. ",,🏛️ San Joaquín
17/4/2025 23:14:01,Me está empezando a gustar una wna de mi carrera y paralelos ctm (cagué) 😰,,🏛️ San Joaquín
17/4/2025 23:20:05,"soy mechon de informatica, mi profe de programacion se parece al jaime del goth pero mas flaco",https://drive.google.com/open?id=1y8jBR5-Spcwn-BbPadVafqHIG15aelFR,🚢 Casa Central
17/4/2025 23:26:23,exterminen a los team Tea,,🏛️ San Joaquín
17/4/2025 23:27:50,no creen que están siendo muy duros con el sonic? 🥺🥺🥺 si el solo tiene Tea obvio que puede acosar todo lo que quiera🥺🥺🥺,,🏛️ San Joaquín
17/4/2025 23:28:33,"Propongo recrear el incidente en la K101, quien apaña? ",,🏛️ San Joaquín
17/4/2025 23:33:41,el sonic andaba mirándole el poto a una compañera y después fue al baño… 💀💀💀,,🏛️ San Joaquín
17/4/2025 23:34:33,Atenea pasa ig 😍,,🚢 Casa Central
17/4/2025 23:36:51,"con respecto al tema del sonic, si, esta mal q ande acosando pero, igual hay que entender que el es diferente, quizás hay que buscar una forma mas pacífica de llevar esto, quizás si le conversan o lo llevan a un psicólogo, no sé, es TEA, quizás se malinterpreta su intención",,🏛️ San Joaquín
17/4/2025 23:37:20,pasen altiro el ig del sonic 😡🤬🤬,,🏛️ San Joaquín
17/4/2025 23:44:27,"Le valgo verga pero aun me gusta.
Me dicen que no me conviene pero aun me gusta
No se que tiene que hace que me guste
Pero solo se que me ha gustado de hace un tiempo.
Martin, estoy hablando de ti",,🏫 Vitacura
18/4/2025 0:12:34,El freyner de int informática busca novia gotica 😜😜,,🏖️ Viña del Mar
18/4/2025 1:17:44,"Díganle al csm del diego_hrndez que pare de comentar las weas, no es posible que en cada publicación haya un comentario de ese csm…",,🏛️ San Joaquín
18/4/2025 1:27:03,Kauros me perdi en el lore del sonic si al weon ya lo denunciaron con la u y esta todo el mundo para confirmar que es acosador porque no lo echan cagando???,,🏛️ San Joaquín
18/4/2025 3:33:08,"Hola el Alan Cabezas de inf entró con polola a la u y la va a terminar soltero porque se comio a la Josefa Flores de inf (ella no sabia que el teníA polola)en el ombligo y siempre se la cagó con ella y todos sus amigos sabian , la ex le ha hecho la vida imposible a la de informática y ella no tuvo la culpa",,🏛️ San Joaquín
18/4/2025 8:00:54,ya le sacaron la dirección al sonic 💀💀💀💀,,🏛️ San Joaquín
18/4/2025 9:15:41,Soy el más culon de la U ,,🌳 Concepción
18/4/2025 9:34:41,"Y para ponerse a vender en el C, ¿hay que hacer algún trámite? ¿fiscalizan lo que uno vende? ¿revisan que uno sea de la U al menos?",,🚢 Casa Central
18/4/2025 10:47:04,"oe ya yo tmb soy team resistencia pero nos estamos pasando wn fkwbdjwbd el pobre cabro paso de ser acusado por acoso a que una U entera lo acose😔, ya tdos acá supimos la historia y ya todos eligieron su bando, opino que cerremos el arco antes que cierren la página o caiga algun comunicado oficial fñakdwkdbsn",,🏛️ San Joaquín
18/4/2025 12:11:49,uso distintos disfraces no solo de sonic y es mi forma de sobrellevar el estres de la u y de mi vida porque si soy tea pero ademas lidio con cosas que ustedes no entienden hagan sus preguntas si tanto quieren saber sobre el hombre detras del erizo,,🏛️ San Joaquín
18/4/2025 12:25:17,Deberían pasar el contexto de lo del sonic para todos los que no somos de sj 😞,,🏫 Vitacura
18/4/2025 12:43:48,diego hernandez debería llamarse “Diegif”,,🚢 Casa Central
18/4/2025 12:51:16,Ser ayudante=ser un perkin,,🚢 Casa Central
18/4/2025 12:52:42,951  ya lo sabía lo que me da pena es que no me invitarás a ver cómo te culeaban ,,🚢 Casa Central
18/4/2025 13:23:35,"Recordatorio que en esta wea de confesionales cualquiera puede decir lo que le dé la gana sin necesidad de tomar responsabilidad por las consecuencias posibles de lo que dice.

Cuidado con creer la primera weá que leen en esta cuenta, he leído puro chisme últimamente pero nadie ha soltado evidencia.",,🏛️ San Joaquín
18/4/2025 13:43:00,"Tirando factos, día 1:

El profesor Guadalajara solo sirve para Física 110. 🤫🧏",,🏫 Vitacura
18/4/2025 14:35:22,Ig de la minita de maleta morada,,🏛️ San Joaquín
18/4/2025 15:18:17,"al de la 919, sabe perrits es que no a todos nos dió para ser ingenieros de cartón, o sea q diga ingecos 🥺🥺",,🏛️ San Joaquín
18/4/2025 15:37:07,paulo londra transexual ,,🏛️ San Joaquín
18/4/2025 15:45:36,"Holaa vengo a sapear a la weona que el otro día en la clase mat060 del día jueves m202 le aplastó el pinché a una mina (se lo hizo mierda) y la weona ni disculpas le pidió, no le ayudo a recoger los pedazos ni nada... si, la chiquilla tenía muy afuera su mochila quizás, pero pedir disculpas no está de más po wn, una sonrisa, alguna wea... 
Que chucha con esas actitudes tan de mierda que se saca la gente derrepente? 
Me preocupa ",,🚢 Casa Central
18/4/2025 16:30:41,"Concuerdo con mis compañero, las mujeres de casa central son hermosas, unas muñequitas y góticas hermosas, sobretodo en idp y química hay mujeres muy hermosas, a las que he visto de mi carrera son preciosas. ",,🚢 Casa Central
18/4/2025 16:41:03,"QN TIENE EL DRIVE DE TODA LA PERFORMANCE DE LADY GAGA EN COACHELLA QUE ME LO PUEDA ENVIAR, ES MUY URGENTEEEEE XQ LO PERDIIII😔😔😔😔😔 porfis escríbanlo en los comentarios qn lo tiene ",,todos 
18/4/2025 18:20:42,Cuanto pagan por estar de ayudante en el ciac?,,🏛️ San Joaquín
18/4/2025 18:55:20,el jueves la u taba hedionda a semen (más q nada en el patio a fuera de las b y en el pasillo q siempre ta hediondo a alcantarilla),,🏛️ San Joaquín
18/4/2025 18:57:56,"yo y mi amigo buscamos 2 mujeres pa un 2pa2

condiciones:
-que respire (opcional)
-que viva al lado de la u y tenga más de 90 años (obligatorio)",,🏫 Vitacura
18/4/2025 19:23:27,yo digo quw hay que alusar al sonic,,🏛️ San Joaquín
18/4/2025 19:23:59,los que apoyan al sonic también son acosadores? que sea tea no justifica nada,,🏛️ San Joaquín
18/4/2025 19:24:51,"con lo del scooter y todo y nos pasamos por el piko a los de sj, solo los vios hacen lo q hacemos🤣🤣",,🏫 Vitacura
18/4/2025 19:25:53,y si el diego gifs es el sonic? 😨😨,,🏛️ San Joaquín
18/4/2025 20:00:50,"el Deivi me deja el xoro mojaito, waxito rico ojalá conocerlo",,🚢 Casa Central
18/4/2025 20:30:22,"Quien chucha es el sonic, los de cc queremos saber",,🚢 Casa Central
18/4/2025 22:20:06,Ya po pero se van a juntar la no mechones qué hace Petes o a pegarse por el niño sonic. Necesito mas contenido ,,🏛️ San Joaquín
18/4/2025 22:21:28,"Una chiquilla del paralelo 12 de FIS110 es pero demasiado bonita (se llama Gabriela o algo así creo) Solo eso, queria soltar ese pensamiento porque de vd tiene un estilo muy bkn😭",,🚢 Casa Central
18/4/2025 22:21:37,"ya sonic kl te cocinaste, te vamos a exponer el proximo miercoles en el patio del testamento ",,🏛️ San Joaquín
19/4/2025 0:12:44,Que será de la sede en guayaquil ,,🏛️ San Joaquín
19/4/2025 1:39:55,ta riko el sonic 😍 le haria un pete,,🏛️ San Joaquín
19/4/2025 7:32:29,"Confiezo que he querido ir a la U vestido de femboy pero me da miedo verme mal, quiero ser un traba lindo ",,🏛️ San Joaquín
19/4/2025 9:07:29,algún gymbro o algo similar que se pueda pasar una rutina o dieta para bajar de peso? ando terrible waton y quiero mejorar mi físico,,🚢 Casa Central
19/4/2025 10:18:26,"Un dia pude compartir con un civil electrico de aca que no se echo nada, hagan sus preguntas",,🏛️ San Joaquín
19/4/2025 12:59:52,De tanto drama el sonic se va a convertir en sonic.exe 😰,,🏛️ San Joaquín
19/4/2025 13:00:24,Imagina ser tan wn como pa no enviar tu certamen ,,🏛️ San Joaquín
19/4/2025 14:24:37,"Estoy terriblementemente confundido, ¿A Carlisho al final lo echaron o no de la U? Y si es que lo echaron, ¿Qué hace el patético aún dando jugo en los grupos de física como si fuera parte del ramo? ¿Tanto tiempo libre y pocas cosas importantes tiene?",,🏛️ San Joaquín
19/4/2025 15:35:02,"me gusta una mina de mi carrera, qué hago? ",,🏛️ San Joaquín
19/4/2025 15:52:34,Una pregunta para las mujeres de esta U  las mujeres ustedes invitarían a sus madres a hacer un trío con un  hombre (pololo de la hija) ?  osea las mujeres tendrían sexo delante de sus madres ? Está pregunta es para toda esa gente de izquierdas que dice estar descontruida aer opinen . ,,🚢 Casa Central
19/4/2025 16:46:54,Q wea Diego estay ofreciendo combos ? Mira que te acepto waxho ,,🏛️ San Joaquín
20/4/2025 1:14:02,Vicho hablale a la mau kbro klo,,🏖️ Viña del Mar
20/4/2025 1:47:18,"Hay un weon que creo que es mechón, que lo vi usando una chaqueta negra de columbia y unos pantalones beige qué está entero rico, pero no me atrevo a hablarle, si alguien sabe su ig se lo agradecería mucho 🙏🙏",,🏛️ San Joaquín
20/4/2025 10:51:56,"Es increible como por 1 wn que habló del Sonic lo empezaron a funar xd, aunque igual, lo habrían terminado funando igual?",,🏛️ San Joaquín
20/4/2025 11:50:50,Curifeo anónimo (solo subir la imagen porfa),https://drive.google.com/open?id=1Z-olTC3ybf6eDa_yT-YK68BMAc-QFRHN,anónimo
20/4/2025 12:06:27,increible como los tumas tienen a alguien como el pedrogod y despues los mechones no saben ni usar excel carrera en decadencia y saquen al pingüino,,🏛️ San Joaquín
20/4/2025 12:07:22,"los mechones de ingeco de vitacura son los nuevos tumas, pero en vez de andar robando el okmarket tiran scooters al canal",,🏫 Vitacura
20/4/2025 13:15:13,La transformada de Laplace es clave💦💦,,🏛️ San Joaquín
20/4/2025 20:10:23,consejos para olvidar a un ex? duramos 3 años y con muchos altibajos 😞,,🚢 Casa Central
20/4/2025 20:10:44,Aquí anda el scooter que tiró el mexoncito,https://drive.google.com/open?id=14YX8RUUSbvjs0-xR-9-It0_UuTalcRdz,🏫 Vitacura
20/4/2025 20:51:37,me dan miedo las mujeres,,🚢 Casa Central
20/4/2025 23:30:53,"Al final nos comimos con mi mejor amigos (para el qliao que me dijo que me daba la pera, que lo chupe) ahora tenemos la caga sentimentalmente... no podemos ser pareja...por temas... pero eso no quita que tenemos muy buena quimica... 
Muy buena...
Concejos(? 
",,🚢 Casa Central
21/4/2025 1:00:51,"wn una pregunta importante
es legal que un ramo no tenga coordinación?? osea la u lo permite?? pq wn, para los que estamos dando mat 61 está la pura cagaa, todos teniendo pruebas y controles distintos, incluso entre paralelos de la misma sede. Y ya si metemos a los de otra sede como SJ no entiendo nada de fechas ni de que entra ni nada",,🚢 Casa Central
21/4/2025 1:23:12,"Puro lloran los de mat060 y mat070 por sus controles y eso k los hacen de 3 por lo que vi, los de mat021 nos tragamos las penas (y el pico tambien YIAAA) de hacer los controles solos y de ambas materias ",,🏛️ San Joaquín
21/4/2025 1:52:50,"Esto es la guerra, vayamos todos vestidos de Doctor Eggman para derrotar al erizo azul y sus amigos marsupiales.",,🏛️ San Joaquín
21/4/2025 1:58:47,buenas noches admins (1:59am),,🏛️ San Joaquín
21/4/2025 2:00:58,"pal 960, tírate otra pista, no sé jajaja no puedo revelar mi carrera o saldré atrapada ",,🏛️ San Joaquín
21/4/2025 2:31:34,"Me he enamorado solo una vez en mi vida, desde esa vez que no me interesa nada serio con alguien, ¿intento recuperarla o me la paso en sexo y alcohol?",,🏫 Vitacura
21/4/2025 7:07:14,Vi al sonic salvando a un gato de un arbol que se estaba quemando,,🏛️ San Joaquín
21/4/2025 8:02:40,"Oye pasen el ig del Carlisho, quiero seguir a mi ídolo, es el padrino ideal de todos los y las mechonxs como yo (mi padrino me abandono dps del día del apadrinamiento y me ignora) <|3
Carlisho adoptame.",,🏛️ San Joaquín
21/4/2025 9:37:46,cómo chucha se ocupa Moodle ,,🚢 Casa Central
21/4/2025 9:46:20,Filtraron el chat 🤯,https://drive.google.com/open?id=1K68WVSe138OkVLBeS7wV-7U56OZILeFr,🏛️ San Joaquín
21/4/2025 10:33:56,"Hay un negrito de 1.70 mamado y muy rico que es informático de segundo año, como se llama?",,🏛️ San Joaquín
21/4/2025 11:10:54,POR QUE SE VAN A CONVERSAR AL PISO DE SILENCIOOO,,🚢 Casa Central
21/4/2025 12:12:49,"Cuando rechuchetumare le sacan la mierda al tea qlo del sonic, hermano literal ha hecho las suficientes mierdas pa hacerlo cagar a combos en el pico pa que la wea se le reviente y darselo de comer que de mas le gusta al tea de mierda ese (no odio a los tea, odio al sonic)",,Xupame el pico sonic
21/4/2025 12:45:33,Funa al Sonic antes del gta6 gng🥀🥀🥀🥀🥀🥀🥀,,🏛️ San Joaquín
21/4/2025 13:25:53,Quiero coger con m....,,🏛️ San Joaquín
21/4/2025 13:26:22,CUANDO DAN LA TNE CTM 🗣️🗣️10 LUCAS A LA SEMANA ME ESTAN CULEANDO LA BILLETERA,,🏛️ San Joaquín
21/4/2025 13:58:18,"Weon me dan risa las confes pero entro a los comentarios y veo a diego hernandez y la sonrisa se me borra. Diego hernandez si ves esto xupamelpico y metete los gifs por la raja porque eri fome, yo soy mas chistoso que tu ye rra",https://drive.google.com/open?id=1jQzCptz3md2_f3TwKVdHN35BveYzczUk,🏫 Vitacura
21/4/2025 14:40:12,sonic kl pidele perdon a toda la usm en el patio del testamento este jueves o vay a ver ,,🏛️ San Joaquín
21/4/2025 15:45:06,"El dia 21 de abril, en la sala de estudio de informatica, a lo lejos de escuchaban golpes, todos miraban y no sabian de donde venian (Como 4 veces paso, super fuerte). Derrepente un wn al medio de la sala se paro y se puso a hablar por telefono super fuerte y se puso a pelear con el que estaba escuchando al otro lado. En cierto momento corta, se queda mirando a la nada y mando un grito a todo lo que daba su garganta, Dejo la sala en silencio dps de eso. Continuo con unos 3 golpes a cada escritorio (los compus se salvaron de milagro). Cerro con broche de oro, otro grito animal, cara de enojado, se dirigio a la puerta y salio, dandole un golpe criminal. La guardia solo miro. Fin...",,🏛️ San Joaquín
21/4/2025 15:52:53,"Del mismo grupo que dijeron, del seba y el mati a veces los e visto con una niña creo que es nueva, como que ella no tiene nada que ver con la personalidad de ellos, amiga sal de ahí ",,🏖️ Viña del Mar
21/4/2025 16:58:45,mish,,🚢 Casa Central
21/4/2025 17:07:21,José ql hace semanas te reías de un wn de comercial por tener senda cara de aweonao y ahora lo invitaste a comer completos JAJA ,,🚢 Casa Central
21/4/2025 17:23:54,"no se quien o quienes fueron, pero destruyeron los baños del tercer piso de elo, ademas que ya de por si olía mal, ahora huele peor, ya no se puede ni asomar por el olor a mierda, que chucha los baños con la tapa rota y la taza llena de mierda, cómo weon, malditos intolerantes a la lactosa",,🚢 Casa Central
21/4/2025 17:24:19,"Para la 10;22 hermano piensa que los que lo funan son puros pendejos intentando mostrarse públicamente como un apoyo a las mujeres (quizás piensan que así tienen más posibilidades) son cabros chicos y weones, con una funa no se arreglan cosas, solo difaman al pobre cabro, no lo justifico ni tampoco porque tenga TEA, pero hay maneras de hacer las cosas, quizás hablar a la u para que le den una orientación sexual y social también, pero las funas son de weones que solo escriben en ves de levantar la raja edionda que tienen de estar echados todo el día, jugar minecraft y de echarte 070, y hacer un verdadero cambio, para los que lo funan, te has acercado a hablarle ? ",,🏛️ San Joaquín
21/4/2025 17:55:55,alusen a un palo al de la 1038,,🏛️ San Joaquín
21/4/2025 17:58:41,"en el nombre de don fede, diego hernández, carlisho y los admins amén",,🏛️ San Joaquín
21/4/2025 18:15:22,Tengo una amigo que... siento que me tiene pal webeo nomás (amigo o hater wn 😒) pd: Martina no sigas con esa wea ,,🏛️ San Joaquín
21/4/2025 18:18:57,"Pa la 979 yo no escribí esa wea, no soy telewekooo, hice la 1039, pero si querí veámonos en el mismo punto que la otra vez y haceme señales jsjsjs",,🏛️ San Joaquín
21/4/2025 18:23:06,"oe q chucha el 1038, mira hrmano yo ns q t creí la vdd, hablo en representación de la mayoría, asiq lo 1ero bajate un tono, re personal te tomas el tema de la adaptación, no sabes si hay gente que la está pasando mal, talvez los de región la sufren más, que saves tu?? y después teni la doble cara de decir que lo dices ""por el bien de los mechones"", además con que cara dices ""nuestra universidad""??? Srry po, ni yo sabía q era propiedad tuya, ma encima tirándole al Carlisho que ha sido de los más amables y agradables con los mechones y con todos los de la u en general, les ha hecho repaso para controles y pruebas, por algo es tan querido, así que no hables weas, y ma encima te da la pera poner tu sede, ojalá poder elevarte al cuadrado pa borrarte a ti de la universidad y que así no se manche un ambiente tan bonito por gente cmo tu.",,🏛️ San Joaquín
21/4/2025 18:28:45,"Soy El de la 646, hoy cuando iba por El tunel del p Camino a la biblio la vi de la Mano con alguien, hice Bien en meterme antes.",,🚢 Casa Central
21/4/2025 18:35:57,"Tengo un amigo q es medio gueon, antes me tenia ganas y le trate de dejar claro q no quería nada pero al final se lo tuve q decir a la cara. La wea es q ahora está tirandole la onda a una amiga mía y me dijo que ella se lo estaba poniendo ""difícil"", y me pongo a pensar: acaso este weon es incapaz de percibir cuando no lo quieren? Es que hno, si ves desinterés de la otra parte ESA ES TU SEÑAL DE Q NO LE GUSTAS. Ella me dijo q el weon no le gusta y tampoco ha demostrado interés. Me da rabia q el qlo no sepa cuando parar 😭",,Papulandia
21/4/2025 18:40:01,"no tw voy a decir esto nunca obviamente:
te he notado bastantes veces en el camino. adelante, en la clase, haciendo un ejercicio al lado. como que siempre coincido en cosas contigo. una vez que noté esa presencia tuya fue inevitable no seguir notandote.

al principio de todo recuerdas cuando nos quedamos mirando fijo?
yo te miré primero, fue sin querer. me dio mucha vergüenza.
ahí me pareciste lindo. ni si quiera te vi bien los ojos hasta que un día saliendo de una clase que tuvimos juntos, bajé y te vi sentado casi al sol. estaba a punto de pasar por delante tuyo. tu mirabas hacia abajo y cualquier lugar menos en mi dirección, pero aún así me notaste y miraste con una sonrisa. nunca habíamos hablado. se sintió lindo. ahí quedé con la duda de si tenías los ojos verdes por un recuerdo borroso de que al mirarme, uno de tus ojos quedó al sol y lo entrecerraste.
ahora lo confirmé. (hace falta que diga aquí que son demasiado lindos?)
creo que he saboteado que nos pudieramos topar, quedar en un grupo juntos y hablar porque me da nervios mirarte y me he hasta alejado de ti en las clases (y aún así apareces en mi camino).
no quiero forzar nada, no quiero buscarte, ni hablarte. tenemos todo el semestre para coincidir en algo juntos pero debo dejar de sabotear todo.
aquí no diré cuándo pero hubo una vez en que casi me toca ser contigo y me moví.
?? no se por qué
debo dejar de hacer cosas así.",,🚢 Casa Central
21/4/2025 18:44:43,hay un cabro que se parece al tu ries yo sufro saltando siempre por los pasillos quien ma lo cacha🥺,,🌳 Concepción
21/4/2025 18:48:22,"se limpian cornetas con el hoyo, preguntar al +56 9 3549 7280, también acepto fotocornetas",,🏫 Vitacura
21/4/2025 18:56:11,ya no más eventos canónicos plox estoy q me mato 😭,,🏛️ San Joaquín
21/4/2025 18:57:08,"pregunta personal a los admin q van a hacer si es que llegan a pasar las 2400 confesiones osea ya no va a quedar como hora lw de arriba, gracias ",,🏛️ San Joaquín
21/4/2025 18:57:53,"Solo para q sepan (y perdón por tocar de nuevo el tema) el cee de IDP ya sabe todo, pero no van a hacer nada lol",,🏛️ San Joaquín
21/4/2025 19:01:16,"Siento q nunca encajo en ningún lado . en el colegio igual , Siempre sentí esa lejanía con mis amigos , nunca pude conectar realmente con nadie . Me está pasando lo mismo acá , veo a los demás conectar y crear vínculos tan bonitos , siento que nunca voy a conseguir algo así . ",,🏛️ San Joaquín
21/4/2025 19:01:24,"Se limpian pilines con la cola
2x1 si caben
Reserve su hora con +56977724915",,🚢 Casa Central
21/4/2025 19:19:41,Filtraron otro chat 😲,https://drive.google.com/open?id=1rD7mJi-ZBTSeTIKDYgefjJdpFe9Zuj-F,🏛️ San Joaquín
21/4/2025 19:22:20,"si esta confesión llega a los 777 comentarios, yo Diego Muñoz (el día que iba a matar a los weones que apoyaban a sonic falté perdón) IRÉ EL LUNES VESTIDO DE EGGMAN Y RAPADO",,🏛️ San Joaquín
21/4/2025 19:28:16,"para el 980, le poni cualquier color axel rose conchetumare ",,🏫 Vitacura
21/4/2025 19:35:47,CÓMO PUEDE SER Q EN ESTA U DE MRD NO HAYAN CARRETES ES LAMENTABLE CON RAZÓN SE LLENA DE AUTISTAS SI NO HAY INSTANCIAS Q PERMITAN SOCIALIZAR CON ESTUPEFACIENTES DE POR MEDIO ,,🏛️ San Joaquín
21/4/2025 19:40:46,Tengo una profe particular de mate y en el control 1 me saqué un 10. ¿Debería dejar de pagarle?,,🏛️ San Joaquín
21/4/2025 19:41:56,"Sonic, porfavor cuéntanos, cuál es tu perspectiva frente a lo ocurrido, lo de que seguiste a la chica a su casa, pq corres como Naruto, queremos saber que es lo que hay detrás de esa máscara de erizo",,🏛️ San Joaquín
21/4/2025 19:49:26,Me enamoré de un negro no estoy soportando ,,🏫 Vitacura
21/4/2025 19:56:25,el hermes se la come,,🚢 Casa Central
21/4/2025 19:57:30,"holi soy la mujer de la confesión 06:52 me dieron ganas de actualizar la historia ya que estoy aburrida y ser mujer es muy dificil. Al final mi pololo nunca descubrió que estuve con otros cuando terminamos y nuestra relación va muy bien, me regala hamburguesas del nony y me trata súper lindo uwu pero muchas veces cuando intentamos hacer cosas como que su pendiente es igual a cero y en verdad eso me desanima mucho 😔yo tengo derecho a pasarla bien como cuando estabamos separados y en verdad me gustaría conocer a otras personas, hay un chico de santiago de esta misma u que es muy lindo pero no se, que debería hacer!!!",,🚢 Casa Central
21/4/2025 19:58:27,"Hola, soy de otra universidad, busco una chiquilla para ser amigos con ventaja, mido 1.70 aprox.",,UNAB 
21/4/2025 20:01:29,Los de 060 de ahora lloran por sus controles…  dar 060 con Aldo Cabrera de coordinador fue el infierno en la tierra,,🏛️ San Joaquín
21/4/2025 20:01:29,Me gusta la pareja de un amigo ,,.
21/4/2025 20:01:45,Uuf uno que se llama yostin de informática me tiene loca😵‍💫,,🚢 Casa Central
21/4/2025 20:03:38,"Esta va pa las dos parejas de mierda que siempre están en el casino con la realidad distorsionada y jurando que están en un motel. Qué onda wn???? De vdd no les enseñaron valores o el respeto mínimo en público??? Están peor que los pendejos, manga de weones imprudentes.",,🏫 Vitacura
21/4/2025 20:11:52,"Soy el limpia penes, dejen de llamar tengo las horas llenas hasta el próximo mes ",,🚢 Casa Central
21/4/2025 20:17:04,buenas noches admins (20:17),https://drive.google.com/open?id=1T3VL87tGGhnxU2Bu2BRM7pvWb3S2jLgc,🏛️ San Joaquín
21/4/2025 20:21:40,que pasa realmente con horny usm 🤨,,🏫 Vitacura
21/4/2025 20:24:21,"Para el de la 988, parece que fue el Lucas Morrison. No me cae mal, pero ese wn ha tenido problemas de ira por harto rato. Me sorprende que no lo hayan permabaneado del LDS.",,🏛️ San Joaquín
21/4/2025 20:26:19,"pa un profe de  mat 21, su actitud no es de pesao, no es malo ni nada, pero ctm enseña como el hoyo, intento no tirarle mucho hate pero dios, como se da la media vuelta pa explicar la materia a veces.",,🏛️ San Joaquín
21/4/2025 20:29:48,"Tengo una duda, tengo entendido que hay dos sonic y uno de ellos es de informatica. A cual de los dos estan funando?",,🏛️ San Joaquín
21/4/2025 20:29:49,"Hola, para la de la 1071 le pedí disculpas por interno para no interrumpir la clase, no creo q sea necesario haberle avisado a toda la clase que le pedí disculpas por interno pero bueno.",,🚢 Casa Central
21/4/2025 21:09:39,"Se nota mucho en los comentarios como todos los nuevos mechones son unos enteros chupapicos del tal carlisho. Ustedes no saben nada que el es un simple desgraciado sin futuro que creo un sistema para conectar ramos que se cae a pedasos de puros spammers y gente que sigue al aweonado, dejando de lado lo que uno debio de haber sido siempre en esta universidad: ser alguien aislado de la sociedad, no tener ningúna influencia social y de ninguna distracción, alguien quien se debe de matar estudiando dia y noche para ser el profesional que el pais espera de el, ya que en este mundo, no estamos para mugres relacionadas a ser bueno con la gente. Aquí, la gente es cruel y trabajadora, les importa los defectos que tengas a la vista y los logros que has tenido a lo largo de tu vida. Importa más el título que ser alguien quien creo una comunidad que ha destruido el verdadero valor de ser universitario. Nosotros estamos para estudiar, no crear vida social. El jefe de carrera debio tener razón en eliminarlo de la carrera, para que así despierte y empiece de nuevo, pero ahora debe ser alguien aislado de todos y enfocarse en ser otro engrane del neoliberalismo. Para todos ustedes quienes estan leyendo esto: dejen de idolatrarlo, de seguirlo y destruyan ya la Matrix Sansana y su sistema anti-universitaria y volvamos a ser la gente que el pais espera.",,🏛️ San Joaquín
21/4/2025 21:21:20,En que momento cambió tanto esta cuenta de qlia?? Quien reshusha es ese sonic que tanto funan??? Y ya se pifearon a la sede de… estación central??? Tremendo,,Simplemente un sansano 
21/4/2025 21:41:21,Qué tan real es la wea del scooter en el mapocho??? busqué el supuesto titular en interné en las páginas que mandaron hace unos días por aquí  y no sale nada hay voucher? o están inventando weas por wear a los mechones cuenten la firme 😆,,🏫 Vitacura
21/4/2025 21:55:50,"hagan taller de esgrima con la pichula, les gano a todos. los desafio atte el espadachin negro de cc 🤺▪️◾️◼️⬛️",,🚢 Casa Central
21/4/2025 22:31:12,"Como es posible que una sala a las 8:15 de la mañana esté hedionda a axila? XD
Bañense cochinos culiaos",,🏖️ Viña del Mar
21/4/2025 22:47:45,"esta va pal benja de electronica (segundo año)
wn eri super lindo y la wea, pero como puedes ser tan aweonao, de vdd que me gustai un montón y por eso te salvas, pero nunca supe de alguien más wn que tu",,🚢 Casa Central
21/4/2025 22:55:34,"Viktor Tapia ql, cómo se te ocurre llevar a tu polola al certamen? O sea, además de rajarnos a todos, llevas a tu polola para ponernos incómodos y ponerte calenturiento? XD",,🏛️ San Joaquín
21/4/2025 23:05:05,Imaginate llamarte francisca y no mandar el certamen,,🏛️ San Joaquín
21/4/2025 23:11:50,En la u veo a un lokito con poleron de knotfest parece que es 2 año y me encantó su estilo pero me da wiwi hablarle. ):,,🏛️ San Joaquín
21/4/2025 23:33:00,"Los del club de musica de la U valen callampa, quise preguntar si arrendaban la sala de ensayo y los wnes salen con que hay que ir a las reuniones si no no te pescan para coordinar 
mas encima no se puede tocar en horario de clases
Sorryyyy me queria desahogar:/",,🚢 Casa Central
21/4/2025 23:49:02,"Me gusta mucho abusar del alcohol y otras substancias(🍃). En el colegio tenía amigos para hacerlo pero ahora en la u son todos tan responsables que me da un poco de vergüenza y culpa. Dentro de mi quiero a alguien que me saque de esas prácticas pero también quiero gente que me entienda y me acompañe en ellas, no sé qué hacer",,🏛️ San Joaquín
21/4/2025 23:58:39,mish,https://drive.google.com/open?id=1x9Xa0MrhNg5sLZMHKDB8-iJQzdCzT6tO,🌳 Concepción
22/4/2025 1:01:00,"Hablando del tema de los carretes. Yo digo, tanto que reclaman, pero igual no hacen algo con sus amix. Tipo, si quieren carretear en el Cerrito armen el panorama con su gente y demás que se van a ir sumando personas. ",,🏛️ San Joaquín
22/4/2025 2:16:03,"el de la 1089 acá, alguna página de ig o libro que haya para buscar recetas? no tengo mucho tiempo para entrenar entonces lo que más me conviene ahora es reducir las calorías consumidas o si es que hay algún nutriologo en la U",,🚢 Casa Central
22/4/2025 8:23:15,El quiera material pa estudiar pal certamen de 070 dígame en mi ig: @almacén_perico ,,🏛️ San Joaquín
22/4/2025 8:52:16,@pipe7147 el ig del tan amado sonic,,🏛️ San Joaquín
22/4/2025 9:46:25,"Llevo aproximandamente 4 años en la universidad, pero no he podido hacer ningún amigo. Mis compañeros ya tienen sus grupos formados y las pocas veces que me he intentado juntar con ellos, he sentido que he estorbado o que no encajo con ellos. He intentado a ir a clubes deportivos, pero el sentimiento de vacío aún persiste, o es peor incluso. A este punto ya me he resignado, y paso mi tiempo acostado en mi cama de pensión sin ganas de nada, saltándome clases y comidas del día hasta la noche, donde juego y reviso algunos apuntes en mi computador.
Honestamente no sé si este es un grito de auxilio o un deshaogo, estoy cansado de fingir que todo está bien en casa, que todo va estupendo, cuando es completamente lo opuesto, me siento un fracaso, un fraude, un farsante. Tengo miedo de no haber escuchado mi propia voz hace un buen tiempo, mientras veo el techo alto de mi pensión y las 4 paredes que me rodean. Temo por mi madre por llegar ha ausentarme algún día cuando sea hora de regresar un fin de semana. ",,🚢 Casa Central
22/4/2025 10:39:27,"No se hace eso de terminar y empezar a seguir weones y juntarte con ello altiro klo 2 año y terminamos amandonos se supone chala kulia jsjsjs ojala lo veai esperanza
",,🏛️ San Joaquín
22/4/2025 11:05:24,"puros envidiosos los de sj, hasta los comerciales son mejores 🤢🤢🤢",,🏫 Vitacura
22/4/2025 11:05:32,¿Volvió Tadeo? :0 ,,🚢 Casa Central
22/4/2025 11:06:27,en vola el sonic debería ser el nuevo papa q opinan,,🏛️ San Joaquín
22/4/2025 11:14:48,"Para la que se tiñó el pelo hoy, se veía muy bonita la vdd",,🏫 Vitacura
22/4/2025 11:31:19,"soy la de la confe 490 y las q siguieron, y para no dejarlos con la duda les cuento q no habrá pete jakdkaks logramos hablar pero no se dio, así q manden cv JAJAJA broma",,🏛️ San Joaquín
22/4/2025 12:19:03,"Hay una mechona de comercial entera linda, pero siempre que me la encuentro tiene una mirada de que odia a medio mundo, tiene una mirada kl penetrante pero bonita, kedo entero enflechao",,🏫 Vitacura
22/4/2025 13:03:16,"Busco alguna persona para que podamos hablar en horarios libres en la u de juegos como DmC o mangas como berserk y/o Pluto :( siento que los de mi grupo me van a dejar botada en cualquier momento por no jugar valo o los de mi carrera son bastante tímidos, soy buena gente cualquier cosa comenten y los agrego (⁠╥⁠﹏⁠╥⁠)♥️",,🏖️ Viña del Mar
22/4/2025 13:37:07,"Sj tiene al sonic, cc tiene a super mario",https://drive.google.com/open?id=1xIIgfrX93KhmlGPB3G3OLhAJj16RNjto,🚢 Casa Central
22/4/2025 13:51:29,"Para quienes buscan músculosos les recomiendo ir al mall de Mirador o de Bellavista, ahí llega puro papasito rico 🫦 ",,🏛️ San Joaquín
22/4/2025 14:03:04,Ya cagué si me saqué un 0 en el primer certamen de mat?(Soy mechón),,🏛️ San Joaquín
22/4/2025 14:08:25,Han pasado un par de años y aún te espero para que veamos cyberpunk juntos ,,🚢 Casa Central
22/4/2025 14:29:37,se busca ninfomana q quiera culear en el baño neutro,,🏫 Vitacura
22/4/2025 16:39:23,xfin femboys en la usm vi uno en el casino,,🏛️ San Joaquín
22/4/2025 18:28:49,"Me enamore de mi amigo hetero, he fallado como gay",,🚢 Casa Central
22/4/2025 19:35:08,"Weeeon, ya no tiran a nadie a la piscina más allá de en las titulaciones, que pasa con estas nuevas generaciones??? Que triste como se pierden las antiguas tradiciones...",,🚢 Casa Central
22/4/2025 19:41:15,"como me quito a un weon de la cabeza, ayuda no es meme😭 ",,🚢 Casa Central
22/4/2025 20:23:13,AMACHATE SONIC QL,,...
22/4/2025 20:25:45,pa los q se burlan de comercial es porque no les da pa esto 🤣🤣🤣 pura envidia,,🏫 Vitacura
22/4/2025 20:54:12,Agreguen al lol chico trujillo #pvy,,🚢 Casa Central
22/4/2025 21:36:46,Aqui mechon que esta dando FIS111 (lo mismo que fis110 pero para los que se eximieron de fis100) me esta culeando mentalmente🥲🥲🥲 mi cerebro esta completamente echando humo ayuda ,,🏛️ San Joaquín
22/4/2025 21:38:15,"La niña bajita pelirroja es preciosa, solo se que está en una carrera de puras minas",,🏖️ Viña del Mar
22/4/2025 21:38:23,"Si me hubieran dicho antes que al eximirte de inglés había que tomar un ramo horriblemente malo, no me eximía.",,🏛️ San Joaquín
22/4/2025 21:39:17,"He visto harta gente llegando con los medios completos a la U, donde los compran? Recomiendan? :0",,🏛️ San Joaquín
22/4/2025 21:42:39,"Hay unos minos tan pero tan ricos en mis paralelos, estoy todo el día caliente y hasta los ayudantes están para comérselos (un gayde sj;) )",,🏛️ San Joaquín
22/4/2025 22:24:29,Yo acariciando mis ramos del semestre pasado antes de que desaparezcan del aula,https://drive.google.com/open?id=1jUoV-3VbF9iUDodY10BdeI61pOCaH1Bn,🏫 Vitacura
22/4/2025 22:51:30,la claudia tiene el meo chuquicamata,,🚢 Casa Central
22/4/2025 23:21:53,"Hay una chica pelirroja con la que comparto ramos que me tiene vuelto loco, es muy linda y me encanta como habla, pero soy medio aweonao y me da la pera hablarle, qué procede? 🫠",,🏛️ San Joaquín
22/4/2025 23:26:17,"Quienes somos para juzgar a alguien?
El que esté libre que lance la primera piedra.
Las instituciones funcionan y al que no le guste como funcionan, que se levanten y planteen sus obsesiones.    Vamos a hacer un curso sobre equidad de género y les recomiendo que le pongan ojo cómo funciona el sistema de denuncia e investigación de los casos de acoso.   Hay un principio de confidencialidad en el tratamiento del caso y si las conductas son reiteradas se puede llegar a la expulsión, pero eso se hace confidencialmente.
Infórmense y tengan un poco más de criterio cuando lancen una opinión.",,🏛️ San Joaquín
23/4/2025 0:30:47,Hola! Hoy 22 de abril en la sala de ocio (tipo 17:00) había un wn jugando Hitster :p quiero saber su ig para pedirle prestado el juego o si me invita jugar con él skkdkdjd no me pidan descripción física pq no presté atención 🥸,,🚢 Casa Central
23/4/2025 2:03:18,Dense los contactos de zaza pa comprar en la u,,🚢 Casa Central
23/4/2025 2:17:08,"Me llama la atención un compa, desde que lo vi la primera vez el semestre pasado pero no hablo con él. Un par de veces hemos cruzado miradas, y me pregunto pqe chucha me mira jajaja quizás es involuntario, no lo sé. Solo he interactuado con él dos veces y de manera accidental, me causa mucha curiosidad saber qué piensa, digamos que yo no lo miro con cara de coqueteo pero cuando he hecho contacto visual con él lo miro fijo y seria, siempre tengo la misma cara y la verdad es que no tengo intenciones con él, pero me pasan cosas de chava no saber qué ocurre realmente 🫦 ",,🏛️ San Joaquín
23/4/2025 11:12:17,yiaa pero vieron a la que se pegó el show ayer en la mesa mientras hacían esa actividad en el pasillo de las lámparas ? ,,🏛️ San Joaquín
23/4/2025 11:46:57,El queso crema que trae ahora el gohan del diaz sanos es re malo :ccccc,,🏛️ San Joaquín
23/4/2025 11:48:38,"Habrán cambios…….. 
@fumadores.usm",,@fumadores.usm
23/4/2025 12:25:55,"Necesito el inst de uno alto que anda con ropa olgada y con un poleron negro de lana.
PLEASE!",,🚢 Casa Central
23/4/2025 12:44:10,Bicho no seas cagon hablale a la mau te la va a quitar el monsterBoy,,🏖️ Viña del Mar
23/4/2025 12:49:44,Una mina en voley me dejo flechao andaba con una polera usm ,,🏛️ San Joaquín
23/4/2025 15:19:26,ando buscando el ig de una niña muy linda que estaba hoy (miercoles) en el fablab era como en el bloque 7-8 y tenia un aire a la Olivia Rodrigo creo q estudia arqui le iba a pedir el ig y justo se fue:(,,🏛️ San Joaquín
23/4/2025 15:50:47,"Como se hace eso de ser amigo de alguien con el que te comí? 
Pregunta seria ",,🚢 Casa Central
23/4/2025 16:49:19,978981858 Si les sobra caca 😉,,🚢 Casa Central
23/4/2025 18:25:01,"USM, universidad de prestigio, son una mierda, están acosando a un acosador, eso los hace acosadores a ustedes, aparte de no pasar mate 1 andan acosando a otros alumnos, y ustedes son más mierda por qué no tienen tea (no lo justificó a el tampoco), si quieren hacer un cambio de verdad, vayan a hablar con el, coméntenle que está mal, y con buenas palabras entenderá, hablen con la u para que le de orientación al sonic, si realmente quieren hacer un cambio obvio, si no quédense detrás del celu a seguir acosando a otra persona, acosadores qlos. ",,🏛️ San Joaquín
23/4/2025 18:25:34,"respondiendo al tema de que cee idp no hará nada, la vdd es que no puede hacer nada más que decir “vayan a hablar con x persona, vayan a x departamento” porque si bien el centro de alumnos está para orientar e intervenir en problemas dentro de la comunidad, no puede llegar y meter manos en un tema de este calibre. 
Se debe considerar que, con todas las confesiones, amenazas y funas, manchó el proceso de una denuncia formal (cosa que se debió hacer porque eso es lo que HAY QUE HACER) y también se perdió cierta credibilidad de todo lo que se reclamó, ya que esto conllevó a que  x fuera acosado y se cuestionara qué era cierto entre todo lo que se dijo. 
así mismo como nadie del departamento puede decir “oigan están reclamando por x persona por estos hechos, hagamos algo” mentira, lo único que pueden hacer es decirte con quien y en donde debes ir con este tema y cómo es el proceso de la denuncia y hacer la denuncia. 
Como mujer, es horrible leer todo lo que esta pasando y también genera preocupación el hecho de ir a algún baño y encontrarlo o que comience a acosarte a ti, pero también hay que ser lo suficientemente maduros y responsables para averiguar qué se hace en estos procesos, cómo, dónde y con quién, porque con confesiones la universidad nunca te tomará en cuenta ni le tomará el peso a la situación, la universidad necesita de denuncias formales para que entre a actuar la comisión, si tienen evidencias y casos con esta misma persona, vayan y hagan una denuncia para que entre en el tema la u 
no haré xfa, yo no hablo por el cee ni por nadie, sino por lo que sé",,🏛️ San Joaquín
23/4/2025 19:06:34,Suban las cooonfeeess,,🌳 Concepción
23/4/2025 20:40:18,"soy mechón, y conocí a una chica de diseño el día de integración en la u (donde nos mojaron y dieron almuerzo ajsdnasd). y se me fue pedirle el Instagram, era terrible simpática y me acuerdo que webiamos todo el dia a nuestro guia diciendole tio. hubiese gustado seguir hablándole. (de hecho la aveces la veo en la u pero me da miedo ir a hablarle  kñajdsnasdi😥). 

",,🏛️ San Joaquín
23/4/2025 20:50:48,"Para la 1002, no sé si tú historia es meme o no pero en caso de no serlo: estoy seguro que no soy de quien hablas pero creo que no es necesario que alguien más te diga que dejes de alejarte de esa persona. Piensa que puede pensar de lo más bien en qué ya no lo quieres ver ni en pintura por X razón y él también empezará a alejarse de ti porque o no quiere incomodarte o porque ya no vale la pena intentar acercarse a ti cuando tú quieres lo contrario. El ver cómo alguien que quieres se aleja de ti y te ignora no es una vista grata para nadie.

Aprovecho (para no mandar dos confesiones) de pedirle perdón a alguien que me quede mirando el 23 de Abril porque creía que estabas llorando, pero para cuando quise preguntarte si estabas bien ya te fuiste",https://drive.google.com/open?id=1FCOlx4PC1YmQhHCf7VZHlJ_mTGdE61qh,🚢 Casa Central
23/4/2025 20:55:00,Que sería de usm incógnito sin el Diego con sus stickets girfts ay ns.. que se joda el que estaba en contra de él,,🚢 Casa Central
23/4/2025 20:56:56,Que onda con los que cantan feliz cumpleaños en el comedor XD,,🏛️ San Joaquín
23/4/2025 21:10:23,"Estoy pensando en tirar una confe para el tinder de cc, denme buenas razones para no hacerlo ",,🚢 Casa Central
23/4/2025 21:36:25,puro k queria ir pal partyseo y niun qlo apaña en esta u antisociales klosss,,🚢 Casa Central
23/4/2025 23:21:18,Tanto informático y la u tiene puras páginas pencas wn ,,🚢 Casa Central
23/4/2025 23:23:05,"Hay un mechon de info que es muy lindo y se viste muy bien, no es muy alto, es moreno y usa campus, ayuda plisss🙏🙏 ",,🚢 Casa Central
23/4/2025 23:23:14,"En San Joaquín webean por el Sonic (no lo estoy defendiendo) pero nadie dice nada porque exista gente tan de mierda como la 11:08, y si el mejor amigo también es de la u, ojalá que deje de ser tan ctm",,🏛️ San Joaquín
23/4/2025 23:55:00,chato de LP,,🏛️ San Joaquín
24/4/2025 0:04:32,"saquen cahuines de la sede de viña po wons, todo muy tranquilo, algo interesante tiene q haber en esta guea de sede",,🏖️ Viña del Mar
24/4/2025 0:22:12,"Hermano como que a veces me da el bajón y como que lo único que quiero es estar abrazado con una mujer que me ame y estar escuchando música así como pa cortarse las venas y estar abrazados todo el día, no quiero alguien solo para el sexo,.quiero a alguien que sea mi amiga man",,🏛️ San Joaquín
24/4/2025 0:29:02,Me paso durmiendo en clases y no sé como explicarles a los profes que no es por falta de respeto o de floja. Sino la anemia y dormir poco 😔,,🏛️ San Joaquín
24/4/2025 0:30:03,Deberian poner un Castaño o un san Camilo en la U. Me da paja tener que ir a la cato 😾,,🏛️ San Joaquín
24/4/2025 0:32:58,ola que talf,,🏛️ San Joaquín
24/4/2025 1:22:12,"Informáticos qls bañense y saquense sus polerones qls cuando hace calor, dejan las cagas de salas pasadas a rodilla",,🏖️ Viña del Mar
24/4/2025 1:25:35,"Hay un niño muy lindo que siempre lo veo por los laboratorios y la cafetería, es flaquito, estatura media y con un poquito de barba, siempre anda con un chico moreno. Si lees esto porfi comenta en la publi jsjsjsjaj",,🏖️ Viña del Mar
24/4/2025 4:34:13,"Suban confesiones de política o alguna wea más relevante que sacoweas buscando sacoweas ""hay que ví a una tipo de poleron azul y gorrito ""saaaale ctm que wea me importa quiero confes polémicas y sin censura ojalá confes calientes puros sacoweas",,🚢 Casa Central
24/4/2025 4:41:57,Los k k 💩 (Kaiser y kast) y el neofacismo chileno. Leyendo me doi cuenta que boric a Sido un exelente presidente wn no se le a apreciado. Me gustan los tipos desastrados naturales sin estándares creados por el fascismo chileno antiguo. El tipo es un común y corriente en cambio todos los fascistas se creen emperadores mientras boric va por un par de completos a una fuente de sodas random de la esquina. Creo que para salvar a chile del fascismo debería postularse Bachelet es la única carta de peso que actualmente tiene  la izquierda.  la derecha neofacista hace campaña en base a una campaña de marketing de desinformación inventando crisis con datos salidos del culo de kast y kayser cuando todos los organismo serios dicen que chile es uno de los países mejor evaluados económica y socialmente desde que no están los fascistas en el poder .,,🚢 Casa Central
24/4/2025 5:38:47,"Cochinos qls no son capaces de tirar la cadena o mear dentro del water. La otra vez fui a uno de los baños para hombres del H y estaba toda la tapa meada, asquerosos qls, varias veces ya",,🏖️ Viña del Mar
24/4/2025 8:23:13,"No soy gay pero soy telematico y tengo una fantasia donde telematica invade a informatica e informaticos tiene que exportar esclavos femboys para satisfacer oficiales telematicos de alto rango. me imagino que soy un comandante poderoso alto, con una mandibula cuadrada y con musculos masivos. mi femboy es un pequeño informatico timido con piel palida que viene a mi habitacion. lo agarro con mis poderosos brazos y lo beso a la fuerza, presionando su pecho contra el mio. lo tiro contra la cama con mis grandes brazos quitandole sus pequeños calzones vírgenes. le muestro mi masivo mastodonte telematico, y despues se la meto con todo, follandolo con una fuerza inhumana. cada movimiento lo hace gemir, y finalmente me corro en su pequeño culito informático, dejando el semen corriendole por sus pequeñas nalgas, y despues lo abrazo con mis grandes y fuertes brazos de telematico haciendolo dormir en mi pecho. algun otro hetero tiene este tipo de fantasias?",,🏛️ San Joaquín
24/4/2025 8:25:40,Hay algo de música en San Joaquín? Algún taller o iniciativa,,🏛️ San Joaquín
24/4/2025 10:37:02,ARREGLEN EL CAJERO CTMMMM,,🏖️ Viña del Mar
24/4/2025 11:47:14,"Estoy chato que hayan tantos informaticos en esta U, debiesen pitiarselos con con certamenes brigidos pa que se vayan
Atte: un informatico de tercer año (medio wn)",,🏛️ San Joaquín
24/4/2025 11:51:57,Qué vuelva Óscar López conchetumare,,🏫 Vitacura
24/4/2025 12:01:45,"¿como se deja de ser amigo de una persona sin sonar de mal gusto?
por que no soporto más a esa persona, es molesto que todo el rato el wn quiere que uno esté pendiente de él como una wawa 😒.
Dice que se sabe cuidar 'solo' pero en realidad vive dependiendo de uno para hacer todo. He tratado de dejar de hablarle diariamente pero ya molesta con su actitud de todos los días y si uno hace algo que le moleste, se enoja y hasta es capaz de golpear a alguien para desquitarse.",,🚢 Casa Central
24/4/2025 12:35:39,"hola, busco una persona que se haya titulado de técnico en electrónica ",,🏖️ Viña del Mar
24/4/2025 12:36:05,"Siguiendo el hilo del 1149.
Wn es normal q la Wea esté tan mal organizada? A algunos paralelos les dicen algo, a otros otra cosa. Con suerte tenemos los ejercicios de os ppt de catedra y los ejercicios de ayudantía pa practicar (sin contar camello). Y en vola me toy quando por quejarme, Pero no sé... Opiniones? A mí igual me está costando pero sin ejercicios pa practicar entonces ¿Cómo chucha po?",,🏛️ San Joaquín
24/4/2025 13:58:01,"Rivamika, deivi, sabemos que las confesiones se las escriben ustedes mismos porfa paren 👍 ",,🚢 Casa Central
24/4/2025 14:27:54,el otro día estaba en los sillones del p y había una pareja ql al frente mío y se estaban comiendo así súper maldito wn la loca se sentó encima de él y el loco le empezó a tocar el poto 💀💀💀,,🚢 Casa Central
24/4/2025 14:32:29,"Esta wea no es confesión, es reclamo. Como puede ser que sali a fumarme un cigarro piolita al patio y apareció un guardia qliao que me echó y m corretio a un pasillo enano d mierda donde estaban todos apiñados pa poder fumar. Ni en cerrito me dejo fumar el qliao. Ijo del pico el patio es gigante y no m vai a dejar prender un pucho tranquilo.",,🏛️ San Joaquín
24/4/2025 14:34:53,"Para el conchetumadre que sacó mis audifonos que estaban en el sansanito que sepa que los puedo rastrear, asi que será mejor  que los devuelva a los objetos perdidos de la portería antes que lo encuentre y lo echen de la u.
Saludos cordiales",,🏛️ San Joaquín
24/4/2025 15:43:32,"Para el 1137 que es el DMC, y haz leído el manga de hajime no ippo ?",,Oa
24/4/2025 18:00:21,"Top 10 Carreras en dificultad:
1.- ingeniería eléctrica ( si toman los electivos de machos Si po) 
2.- ingeniería civil física 
3.- ingeniería civil química
4.- ingeniería civil mecánica
5.- ingeniería civil minas
6.- ingeniería civil matemática 
7.- ingeniería civil informática 
8.- ingeniería civil 
9.- ingeniería civil telemática ( o telewekos como le dicen algunos)
10.- lic astrofísica 
Después hago otro top con otras carreras que no sean ingenieras como por ejemplo ingeniera comercial xd a todo esto que vergüenza llamarse ingeniero comercial ajjajajaja 
",,🏛️ San Joaquín
24/4/2025 18:02:46,"El primer juego para la switch 2 va a ser mario (CC) y sonic (SJ) en los juegos olímpicos de los ángeles 2028 a sus $90.000, descuento del 10% mostrando la credencial usm",,🚢 Casa Central
24/4/2025 18:19:43,sj vale callampa 😂,,🏫 Vitacura
24/4/2025 19:22:06,"Donde se puede hacer una queja sobre el casino, a consecuencia de que la carne estaba entera mal cocinada, estaba roja literalmente, vomite 2 veces ktm fue un dia del orto solo por la puta comida, algún correo o algo para poner reclamos????",,🚢 Casa Central
24/4/2025 19:52:54,"Tengo la mea tula, kien pa culear en las ventanas ",,🏛️ San Joaquín
24/4/2025 20:08:45,se como se llama el sonic,,🏛️ San Joaquín
24/4/2025 20:49:13,El Donoso de informática esta entero rico,,🏖️ Viña del Mar
24/4/2025 20:56:30,Hay un loco de Tuma que se llama josé párese y a veces lo veo y me dan ganas de hablarle pero m da vergüenza (No me queda claro de que año es),,🏛️ San Joaquín
24/4/2025 22:01:13,"No sé si eran de segundo año o mechones, pero si andan jugando más cuidado, en cerrito unos wns andaban jugando con una botella con no se que mierda tenía adentro, la tiraron y casi me da en toda la cara más que nada la nariz. No sé pongan wns",,🏛️ San Joaquín
24/4/2025 22:13:32,Mejor me duermo otro rato para poder verte otra vez~,,❤️‍🩹
25/4/2025 10:14:02,"Me da risa la gente que se pasea por las salas de estudio buscando una vacía para okuparla, además de tener el descaro para criticar por la cantidad de personas en su interior. 

Si quieren estar en una sala de estudio con vuestros griteríos, ¿por qué no la reservan con antelación? Planifiquen sus horarios y dejen de meterse a las salas de estudio a realizar cualquier acción exceptuando la de estudiar.",,🏫 Vitacura
25/4/2025 11:45:05,"Buenas Gente, aprovechando que la confe 1137 lo menciona, queria preguntarles que tal es Pluto, me he leido otras obras de naoki urasawa, pero recomiendan Pluto, y si es asi, es recomiendan el manga o el anime de netflix",,🚢 Casa Central
25/4/2025 14:00:57,las de comercial na que decir keo loco,,🚢 Casa Central
25/4/2025 14:52:54,Mi novio inicio recién su carrera y espero las gatas rompe hogares no se acerquen a él,,🚢 Casa Central
25/4/2025 16:18:27,"La verdad, sin abanderarse.

Cuál es más brígida en la USM, Física o Eléctrica?

O hay otra que es aun más asesina?",,🏛️ San Joaquín
25/4/2025 17:02:47,"me encanta un weon pero es de mi carrera y de mi mismo año, nose que hacer, real q lo encuentro demasiado lindo pero nunca le he hablado, solo nos hemos mirado varias veces. Es tan terrible meterse con alguien de la carrera?",,🏫 Vitacura
25/4/2025 18:05:34,Tierlist ramos de mecánica (Hasta 2do año + Termo),https://drive.google.com/open?id=1EYVFNzAYIFlTZUoEDqaje_4Vcx8_D8nz,🏛️ San Joaquín
25/4/2025 18:47:36,🥺,https://drive.google.com/open?id=17CwmQssikkdoXJryy0XHmXtUKf1WToWH,🏖️ Viña del Mar
25/4/2025 19:35:22,me la dejan como daga tanto q me le afilan 🤺▪️◾️◼️⬛️🔥🔥🔥,,🚢 Casa Central
25/4/2025 22:38:45,La de aviacion que bajo de peso que es como de 3 o 4 año tremendo glow up den el insta ahora esta como pelirroja,,🏫 Vitacura
26/4/2025 6:49:50,"Siento caleta de envidia a gente que tiene una meta y sabe esforzarse, puede que me esfuerce en ciertos momentos pero nunca puedo hacerlo por mi mismo y tiene que ser a costa de una fecha límite.
Siempre es el mismo pensamiento de mierda ""puedo hacerlo, se supone que soy inteligente, no es tan difícil"" pero cuando me enfrentó siempre es porque no fue suficiente, luego me siento mal conmigo y se repite el ciclo.
Quiero pensar que hay otra manera de hacerlo sin depender de alguien más pero soy incapaz de no llegar al mismo pensamiento...... Quiero que esto pare estoy chato",,🚢 Casa Central
26/4/2025 11:18:16,nunca debí estudiar electrónica ,,🏖️ Viña del Mar
26/4/2025 15:49:19,"Hay un loco con el pelo largo un poco ondulado, con lentes redondos y ocupa una mochila con parches de bandas ... no tengo idea q estudia pero es muy lindo ojalá me hable algún día 😓",,🏛️ San Joaquín
26/4/2025 16:25:41,"si pudiera estar donde realmente quiero estar (ahora mismo), estaría acostada en tu pecho sintiendo tus latidos
aún recuerdo como se aceleraban por tocarte o dsrte besos ):  ",,🚢 Casa Central
26/4/2025 19:29:21,Lucho aguilera es mi crush,,🏛️ San Joaquín
26/4/2025 22:08:49,"Ola, aquí un mechón telemático, si alguien puede recomendar con que profesor NUNCA tomar ramos el otro año lo agradecería mucho, gracias por su atención 🙏.",,🏛️ San Joaquín
27/4/2025 0:42:06,Busco a alguna chiquilla que toque el violín para que podamos tocar juntos esto:::,https://drive.google.com/open?id=1CKC_W4wXilkWd8LYZ33WoywIp0xW-ct-,🏛️ San Joaquín
27/4/2025 11:40:05,Q pasa con su selección femenina de rugby wn,,🏛️ San Joaquín
27/4/2025 13:08:09,"el subn0rmalchil3n0 es entero pollo, q venga pa Vita a ver si le da 🥶🥶🥶",,🏫 Vitacura
27/4/2025 14:25:23,micreros (...)  por qué no paran frente a la u?? no ven el paradero a caso?,,🚢 Casa Central
27/4/2025 14:39:13,Telemaricones>telewecos,,🚢 Casa Central
27/4/2025 14:48:05,"Re:1193
no",,🏛️ San Joaquín
27/4/2025 15:02:27,Horny USM: 🦗,,🚢 Casa Central
27/4/2025 15:05:07,"Hay un chico de lentes que en insta se tiene como rxrrx.vr y le envie soli hace poco, es muy lindo ",,🏛️ San Joaquín
27/4/2025 15:13:44,atenea miamor 😍😍😍,,🏛️ San Joaquín
27/4/2025 15:17:56,"Donde nunys carrito ql caro, son verdaderamente unos ladrones. A las finales el local de marley coffee tiene las mismas cosas y mas baratas",,🏛️ San Joaquín
27/4/2025 15:29:19,"Buscando un libro en la biblioteca me encontré uno q tenia un timbre q decía USM sede rancagua, alguien q sepa más de esa supuesta sede??? Busque en Google y no sale casi nada",,🚢 Casa Central
27/4/2025 16:14:45,"extraño los dias donde robarles la plata a los del noac era facil y rapido
ahora ya no veo a quien puedo robarles

PD: sigo sin arrepentirme de robarle la plata",,🏛️ San Joaquín
27/4/2025 16:16:13,"Me aceptarian si les digo que soy un furro, femboi, elle/elles, pansexual, vegano, informatico, lolero y otaku?",,🚢 Casa Central
27/4/2025 16:19:31,1208 Atenea si quiere le mando la foto por interno ,,🏛️ San Joaquín
27/4/2025 16:24:57,"hay un mino que tiene un aro en el labio y es como medio chinito muy liindoooo pero me da vergüenza hablarle:( creo que es electronico o electrico, reportese u.u",,🏖️ Viña del Mar
27/4/2025 17:47:30,"Estoy en mi Fking Prime, máximo rendimiento en Notas, uno de los mejores en Es física y mejorando en La selección de Fútbol, lo único que decaigo es en no tener polola, Pero en mi Fking Prime",,🏖️ Viña del Mar
27/4/2025 18:17:41,"Hay un weon en el técnico en construcción creo que se parece al señor cara de papa, PUTA EL CULIAO QUE ME CAE MAL. Me lo he topado por los pasillos entre clase y clase no mas pero no lo soporto... ustedes creen que sea tea o algo?",,🏖️ Viña del Mar
27/4/2025 18:18:13,"Alguno de los admins sabe el tremendo tiempo libre de la atenea?? Xq de seguro, mañana o ahora como en 2 horas sube alguna de las nuevas confes.",,Simplemente un sansano 
27/4/2025 18:41:34,Elpepesexomierda,,🚢 Casa Central
27/4/2025 18:42:38,"Uno de mi grupo de amigos me hace sentir cosas de mujer pero es el evento canónico y no quiero vivirlo, aparte ya somos amigos por lo que la relación es pura amistad y creo que no soy de su gusto tampoco así que ya fue ya, he aceptado que no pasara nada ahí 🤕 ",,🏛️ San Joaquín
27/4/2025 18:57:53,los de comercial son terrible raros wn,,🏫 Vitacura
27/4/2025 19:04:19,"Hola, algún consejo para empezar a hablar con alguien? Me complica el tema de empezar a hablar con la gente y hay una chica de la sede a la que le quiero hablar hace rato, pero no se cómo empezar la conversación, alguna idea? ",,🏖️ Viña del Mar
27/4/2025 19:28:58,"Es impresionante la cantidad de 🚗 que hay en la u
",,🚢 Casa Central
27/4/2025 19:44:54,"ola, hay mucho weco en la u? es q mi pololo está ahí y no quiero que le hablen 🥺",,🏛️ San Joaquín
27/4/2025 19:50:31,"el lab de fisica esta hecho cmo las weas o q onda, cmo q pso una wea y se enredo tdo y no se entiende nd ,aparte el profe ma perdio.",,🏛️ San Joaquín
27/4/2025 20:41:27,las de ambiental son muy bonitas,,🚢 Casa Central
27/4/2025 20:47:05,"Denme consejos de cómo conocer mujeres que estén interesadas en tener una relación. Perdón por la desesperación, pero siento que ya lo he intentado todo: hablar con mujeres en la U o en otras partes e incluso usar apps como Tinder, pero nada me ha funcionado.",,🏛️ San Joaquín
27/4/2025 20:58:50,Hay un mechon morenito de rulos en ici y es como medio wekito,,🚢 Casa Central
27/4/2025 21:09:57,"Feusam ql mal organizado, no hacen ni una wea. Más encima el único centro con sentido común y que le mete presión a los otros centros y a Feusam (según me han dicho) es CEEINF. En otras palabras, CEEINF GOD, otros centros y Feusam zzzzzzzzzzzz.",,🏛️ San Joaquín
27/4/2025 21:37:24,Ojalá me subiesen a mí pidiendome el insta también 😔,,🏖️ Viña del Mar
27/4/2025 22:31:41,La otra vez vi a una loka mui linda que andaba por las salas A (parece que lelgaba atrasada ) traia bandana y era bajita con pelo corto 🫣 pasenme su ig si la cachan,,🏛️ San Joaquín
27/4/2025 23:00:39,algn para tomarse un copetin el miercoless?,,🏛️ San Joaquín
27/4/2025 23:12:56,"Me siento y estoy sola. No tengo amigas ni amigos, no tengo a nadie y siempre ha sido una tristeza con la que he vivido, en este momento estoy en el ojo de la depresión y al ver mi teléfono me doy cuenta de que no hay nadie a quien poder decirle como me siento, sé que no habrá nadie allí para consolarme o darme el aliento que aliviaría un poco el peso y la carga que siento. Toda la situación mental y emocional en la que me encuentro me llevó a congelar así que el sentimiento soledad es peor. No digo nada de esto con el fin de mágicamente encontrar amigos, solo quería sacar de alguna forma lo que llevo guardando durante años, la constante e incesante pregunta del por qué nunca alguien ha elegido quedarse conmigo. 
Solo estoy cansada de sentirme y estar tan sola.
",,Desde el pozo de la locura
27/4/2025 23:25:10,habian unos wnes culiando en el baño neutro 💀,,🏫 Vitacura
27/4/2025 23:37:59,EL BATIAN VENDE PURA WEAA OE NO LE COMPREN NI UNA WEA🖕🏿,,🏖️ Viña del Mar
28/4/2025 0:24:32,por qué es tan difícil saber si le gusto o no😓,,🚢 Casa Central
28/4/2025 1:47:13,"Para el wn de la 1188: Nunca falta el wn insoportable que quiere meter la política en todo como un viejo ql JSJAJSJFJA
Prefiero el cahuin de SJ que leer una wea de política zzz 🤢🤢",,🚢 Casa Central
28/4/2025 1:51:39,de k sede sera diego gifs,,🚢 Casa Central
28/4/2025 5:41:02,"Para el que me respondió en los comentarios del 1210 y dijo q le mande una foto del tipo, no tengo foto de el y nose como sacarle :c",,🏛️ San Joaquín
28/4/2025 8:25:57,"Estoy buscando alguien que me ayude con mate 2 tipo profe particular, no es q no entienda nada sino q un momento deje de pescar y de ahí deje de cachar 🫠",,🏛️ San Joaquín
28/4/2025 9:25:59,Cabros alguien sabe de algún grupo de compraventa de cc o algo por el estilo ,,🚢 Casa Central
28/4/2025 9:51:24,"Me sienta mal no haber tocado a una mujer en mi vida, ya estoy en 3ro, tengo 21 años y nunca he tenido novia. Lo he intentado pero nada, al parecer soy muy fracasado para esas cosas. Tal vez sea mi altura (mido menos que un hobbit) o soy muy feo, pero nunca me habla nadie y cuando lo intento ahi muere porque no hay una respuesta",,🏛️ San Joaquín
28/4/2025 10:15:25,"Mano, reclaman los fumadores por ahora no poder fumar, pero como fumador que fuma como condenado, encuentro que estan puro llorando xd tienen que saber hacerla. Siempre fumo donde me da la gana porque los guardias no son omnipresentes, incluso cuando restrinjieron fumar a las k y al cerrito, seguia fumando en las A. Es wea q no te veen, y si te ven, solo te webean y listo, q mas va a pasar despues se prendejajaja mas vivaldi po wn a los imparables como yo esto no nos detiene, por el pico los guardias",,🏛️ San Joaquín
28/4/2025 10:22:01,Cuando chucha van a entender que LAS 4 MATES SON FACILES WN ,,🏛️ San Joaquín
28/4/2025 10:32:18,"Para la 1193 si hermano las matemáticas están tiradas aquí, y hay por ahí unos civil mate que lloran que su carrera es más difícil, pero las mates son regalo en la usm, con un poco de estudios pasas tranqui, se quien hizo el top y fue se civil física xd",,🏛️ San Joaquín
28/4/2025 11:10:43,"Wn los baños de las K eran mis fav hasta que los hicieron mixtos, ahora están las tazas todas meadas

Asiq HOMBRES: DEJEN DE IR A ESOS BAÑOS, y si van mínimo limpien la taza maricones asquerosos",,🏛️ San Joaquín
28/4/2025 13:28:12,"Esto es más una duda, nos les pasa que van caminando y una mujer los mira y de pasada te  mira abajo también como si uno no se diera cuenta ? 
Confirmen hombres y mujeres ",,🏛️ San Joaquín
28/4/2025 13:55:38,Grande sonic hermano weon acá desde derecho en la chile te mandamos apoyo wn💙💙💙💙,,U Chile 
28/4/2025 14:12:38,El jefe de carrera de electricidad esta mas rico que cagar en los baños del h🫦🫦🫦,,🏖️ Viña del Mar
28/4/2025 15:29:43,"Si no mande el curso de equidad de genero y si lo active y pasaron los 30 dias, cague por no hacerlo??
O puedo hacerlo de nuevo",,🏛️ San Joaquín
28/4/2025 15:42:50,"Pq unos weones de repente gritan ""sol de México""?",,🏛️ San Joaquín
28/4/2025 16:55:17,"Les desbloqueo una nueva inseguridad:

¿Nunca se les ha pasado por la cabeza que más de algún wn habrá tirado un pollo o cualquier otra wea a los cosos de jabón y que con esa misma wea te haz lavado las manos?",,🚢 Casa Central
28/4/2025 17:28:22,"Deberíamos juntar firma para poder hacer todos al mismo tiempo, un dan en comunidad a las 12 en el patio de la lámpara o en el patio del testamento. Así puede ser el dan más grande la historia según la USM y revivir este lindo gesto con mucho cariño para los más necesitados. ",,🏛️ San Joaquín
28/4/2025 18:44:12,"hay un loquito de la sede de viña que le dicen chupeta, se cree vio y anda con la media gorda ahajaj no podi ",,🏖️ Viña del Mar
28/4/2025 18:54:18,Creo q las minas igual deberían tener iniciativa (me dan miedo como al 90% de los hombres de la u),,🏖️ Viña del Mar
28/4/2025 19:34:18,"Hay una mina con el pelo rojo, que es la reencarnación de una Diosa en persona, por ella me cambio a ing en minas para hacerme millonario y mantenerla x siempreeee, soñar no cuesta nada :c",,🏫 Vitacura
28/4/2025 22:23:17,Juárez culiao (Mechón de arqui) págame luego por la chucha necesito la plata 🗣🗣🗣,,🚢 Casa Central
28/4/2025 23:42:48,"Hay un weon medio gótico que siempre usa poleras de cure y como que tiene el pelo medio rojo qué no puede oler peor weon, porfa ql bañate un día porfavor, se que estamos en la u sin minas, pero mínimo respeto por los demás, se nota que ni se esfuerza en tener higiene 😭😭😭",,🏛️ San Joaquín
29/4/2025 1:16:03,"No confíen en alphaks1, en telegram el año pasado preguntaba si existía contenido de ""putas de la usm"" acompañada de fotos de a saber quien. Lo que hace es meramente para su placer sin buscar el bien de nadie.",,-
29/4/2025 7:20:07,"Lávense el hocicoooo
Que asco los tufos wns cochinos...
 Así piensan encontrar pareja(? 
A ver, pregúntenle a chatgpt lo que es lo que es la pasta de dientes y el cepillo de dientes csm... cochinos de miechica ",,🚢 Casa Central
29/4/2025 8:36:08,"Wn si ven que hay gente durmiendo en la sala pasta por que ctm entran y hablan gritando como si uno no se levantará a la hora del pico y aproveché para dormir un ratito o se ponen a reír fuerte , entiendo que es lugar para todos 0atao pero igual uno por educación es más considerado ",,🏛️ San Joaquín
29/4/2025 8:57:57,"Para la confe 1202 (creo que era) es devil may cry y si, de hecho lo estoy leyendo kskdksks ",,🏖️ Viña del Mar
29/4/2025 11:57:30,"1222  le dan color a la wea...  carrera pa  fascista ,si igual no son más que unos Micreros del aire los de aeronáutica son choferes con  traje. Yo te aprendo la wea en un simulador de Pley station de una dame un mes ",,🚢 Casa Central
29/4/2025 12:34:54,Porq ya no dejan fumar???????,,🏛️ San Joaquín
29/4/2025 12:51:22,¿Que se necesita pa ser admin? ,,🚢 Casa Central
29/4/2025 13:18:42,"Se le busca polola a mi amigo que lo quiero mucho. Un cabro simpatico, bueno para el chiste, capitán de navio menor, con un carisma absoluto, de casa y bueno para los juegos 👍 talentoso el muchacho",,🏖️ Viña del Mar
29/4/2025 13:46:51,"En una sala calurosa de la Facultad de Ingeniería Electrónica, entre cables pelados y el aroma embriagador de estaño quemado, Alan Brito —el prodigio de dieciocho años— esperaba ansioso. Sus ojos brillaban como LEDs en overdrive. Hoy era la clase especial: ""Filtros y OPAMPs Avanzados"".
Pero había algo más en el aire... algo peligrosamente cargado.

La puerta se abrió de golpe.

—Ola, yo soy Marcelo, eeeh no me importa yo wapo —dijo Marcelo Pérez, entrando con su bata llena de manchas de flux y su característica calvicie apenas cubierta por una gorra de la NASA.

Briro tragó saliva. Marcelo, con su energía despreocupada, exudaba una confianza tan intensa como un amplificador de 100W operando sin disipador.

—Hoy, Alan... —susurró Marcelo mientras encendía el osciloscopio— te voy a enseñar el OPAMP Prohibido.

—¿El OPAMP... Prohibido...? —balbuceó Alan Brito, su corazón latiendo a una frecuencia alarmante.

Marcelo asintió, sus dedos curtidos conectando cables con una destreza casi erótica.

—Este circuito... —dijo mientras dibujaba un diagrama que parecía un símbolo arcano— ...no solo amplifica señales. Amplifica sentimientos.

Un relámpago iluminó el laboratorio.
Alan Brito, poseído por una curiosidad irracional, tocó el circuito místico.

Una descarga lo atravesó. Una fuerza desconocida lo invadió, vibrando en sus entrañas. Se arqueó hacia atrás, jadeando.

—¡Marcelo... algo pasa! —gimió, sus manos temblando como condensadores en corto.

Marcelo soltó su clásica risa nasal.

—Eeeeh no me importa yo wapo —dijo con tono paternal, acercándose.

De repente, Alan cayó de rodillas.

—¡Marcelo! ¡Siento... que algo... crece dentro de mí!

Marcelo, con la seriedad de un técnico revisando un datasheet, sacó un estetoscopio improvisado de cables y resistencias, y lo puso sobre el abdomen de Brito.

—Lo sospeché desde un principio... —dijo, entrecerrando los ojos—. ¡Estás embarazado de un OPAMP!

Alan Brito soltó un grito agudo de 3.3V.

—¿Q-q-q-qué haré? ¿Qué dirán en Laboratorio II?

Marcelo levantó su mirada brillante:

—Tranquilo, Alan. Yo... yo seré el padrino. Y juntos construiremos el mejor amplificador inversor de la historia.

En ese momento, el pequeño embrión de OPAMP emitió un pitido adorable de 741 Hz.

Alan lloró de emoción, abrazándose a Marcelo, mientras una luz divina los envolvía.
Una nueva era de la electrónica había comenzado...

PRÓXIMAMENTE PARTE 2",,🚢 Casa Central
29/4/2025 13:54:37,"no estamos soportando a los 5 weones con pandero, flauta, guitarra y weas cantando en la hora de almuerzo. CÁLLENSE UN RATO CTM ",,🏛️ San Joaquín
29/4/2025 13:55:01,"Revivan el bullying!!!, odio a los wns que cantan en mesitas verdes, no cachan que nadie los quiere escuchar… mataron la música :( ",,🏛️ San Joaquín
29/4/2025 15:08:00,"Es idea mía o se viene una epidemia de neofascismo ? Yo lo defino como un neofacismo recalcitrante que se está gestando sobre todo  en la juventud alimentado por la propaganda de marketing desinformativo por parte de  la derecha. El neofacismo es una ideología que surge a raíz de la reformulación del fascismo clásico en sus términos epistemologicos volviendolo aún  más agresivo . es una  corriente aún  más peligrosa que el fascismo clásico tradicional a la que pelmazos como  kast nos tenía acostumbrado.  Si gana la extrema derecha las elecciones sería algo realmente inédito y peligroso puesto que en chile desde la vuelta a la democracia no se ha visto ese nivel de violencia institucional r impunidad que tendran las fuerzas de orden público para efectuar tareas de represión mediante el uso extremo de la fuerza y la violencia  institucional que es lo que proponen sujetos como johannes  Kaiser. Hoy en día los neofascistas no dicen que son neofascistas pero están ahí en cargos de poder y buscan atacar   los derechos civiles y destruirlos desde adentro   desde lo institucional desde las prácticas propias del neofacismo  más institucionalizado  .  Ahora bien vamos a lo práctico; buscan aumentar la jornada laboral a 48 horas semanales ,eliminar un 25% de todos los feriados de calendario ,eliminar la pgu (que es el único sustento de muchos abuelos en una economía de mercado en decadencia ) , desfalcar Fonasa por qué quieren reducir fonasa hasta eliminar el copago de Fonasa ,osea ser facho y atenderse por Fonasa y buscar ofertas en el supermercado buscando la ""conveniencia ""  por qué no te alcanza para comprar otra marca que no sea acuenta facho que compra ropa en la feria los fachos buscando ofertas en el supermercado aunque todo se trate del mismo monopolio de mercado oligarquíco en términos de precio, es francamente ser un maldito estúpido e imbécil de mierda. suban la confe siempre es bueno hablar de política actual ,gracias por el espacio. Cabros hay que apuntar a la socialdemocracia escandinava no al neofascismo de los pelmazos ",,🚢 Casa Central
29/4/2025 16:31:20,"Vaya falta de tacto en la dirección de estudios. Les he preguntado donde podía obtener los documentos necesarios como la concentración de notas o algún papel con los certificados de mi tiempo en la USM y lo único que te dicen es: ""Está en SIGA. Buena tarde.""

Para eso, mejor pongan una contestadora automática en vez de gente que trabaja allí a pura inercia.",,🏛️ San Joaquín
29/4/2025 16:32:17,y para que quitaron los kioscos detras del C para volverlos food truck si no van a poner nada en el espacio donde estaban?,,🏛️ San Joaquín
29/4/2025 16:51:45,Alguien sabe si la Victoria de informática está soltera?,,🏛️ San Joaquín
29/4/2025 17:03:40,"Evento canónico de MAT022, imposible de saltar",https://drive.google.com/open?id=1RpyXwjadh3-3Ud_wEcu8DKw5auPzEaUv,🏛️ San Joaquín
29/4/2025 17:18:39,"requistos para novia/tiramiga:
- sepa respirar
- menor de 22 años
- lolera
- otaku (opcional)
- furra (opcional)
- me deje oler sus pies
- que me ayude a pasar 120",,🚢 Casa Central
29/4/2025 18:03:00,"Quien es aldo cabrera? para el ciego, la oscuridad, para el venezolano, maduro, para los comunistas, pinochet, para los nazis, stalin, para los chinos, los estadounidenses, para el deshidratado, la sal, para el calor, el sol, para el capitalista, el socialismo, para el inteligente, ingenieria comercial, para el autismo, los haters de sonic, y para mí, un completo conchetumare, buenas tardes",,🚢 Casa Central
29/4/2025 20:14:28,"En la biblioteca para los que están con audífonos,porfa verifiquen que no se escuche su música o la wea que estén escuchando cuando los tengan puestos,no se los demás pero a mí me molesta, gracias 🐱",,🏛️ San Joaquín
29/4/2025 20:32:35,"Estoy enamoradisimo de una niña de mineria, se llama alison creo, su sonrisa es muy linda",,🏖️ Viña del Mar
29/4/2025 20:58:01,Hablenle al donoso de ínformatica q le da miedo hablar con 👩,,🏖️ Viña del Mar
29/4/2025 21:18:40,"Me enamore de mi amigo gay, he fallado como hetero",,🚢 Casa Central
29/4/2025 22:18:24,"Confundidaa no se como descubrir q me hace tan fome o desechable en mi grupo de amigos o la gente, al principio pense que era el tea pero conozco teas y no veo a nadie asi, adonde vaya compruebo que mi simple existencia o no-repulsión es PROPORCIONAL a qué tan útil soy en estudio o pruebas, De todos las falencias imaginables en una persona no se cual es la causa real 🤡 lo único que puedo ver es mi propia ceguera de lo que me pasa🙈",,🏛️ San Joaquín
29/4/2025 22:33:34,Saquen carrete pal 1,,🏛️ San Joaquín
30/4/2025 3:56:09,"NECESITO CAXAR GENTE DE CC QUE ESTÉ DANDO TERMO 2 DE IQA (QUIMICOS), RESPONDAN LA PUBLICACIÓN XFAVOR",,🏛️ San Joaquín
30/4/2025 6:33:07,"Minitas de pelo ondulado, corto y altas vengan a mi",,🚢 Casa Central
30/4/2025 10:11:45,"Cabros klos si ven que la caga de sala pasta está llena, no ocupen el sofá completo si están solos,  respeten un poco ",https://drive.google.com/open?id=1m3xfRl3nJEPBWQhE6zD-RCkzR-B6LGUe,🏛️ San Joaquín
30/4/2025 10:41:43,"-Profe, (interrumpe toda la clase)
-¿Puedo ir al baño?",,🏛️ San Joaquín
30/4/2025 11:17:46,El profe Millar 🤤😮‍💨,,🚢 Casa Central
30/4/2025 11:40:20,cmo uso el botón de pánico,,🚢 Casa Central
30/4/2025 13:12:05,"La USM se siente como una carrera de periodismo: buscas información por todos lados, pero ninguna persona con poca capacidad intelectual aporta nada; todo viene con patrocinio, como si fuera un vídeo sponsorizado por Opera GX (marca registrada), y además todo es muy caro. Tengo la impresión de que la universidad es la forma difícil de aprender algo sin un tutorial: deberían subir uno a WikiHow. Y no olviden que el curso de inclusión es realmente pésimo. 

- Para segunda parte/publicación:
La poca importancia que tiene el curso de inclusión de género es tan grande como la capacidad de mi padre para ser responsable (no tengo figura paterna). Vuelvo a recalcar que todos los alimentos están a sobreprecio y, de las pocas cosas rescatables, está el aula, que está muy mal diseñada (su creador es Johan Derks Guerra - 12.583).",,🏖️ Viña del Mar
30/4/2025 14:07:35,descontraten a los wnes de la 603 (no paran ),,🚢 Casa Central
30/4/2025 14:38:15,"te odio, siempre te escapas en la clase.
no se si te vas a otra clase o a tu casa.
hoy quería hablarte para que estudiemos para el certamen y no te pillé
te escaparás de mi? no creo pero ya parece jadkwjsn
al menos siempre que nos vemos sonries,
me caes bi3n y de alguna forma estoy segura de que te caigo bien .
cuando estaba en el colegio en 4toM me pasó que un compañero se escapaba de mi pero le gustaba y era por eso xd
a mi tmb me gustaba y resultó en algo medio de wttpd
pero ya no estoy en el colegio, que te pasa?
no te das cuenta que podriamos ser amigos y estudiar juntos? no tehe visto con gente en estos ramos.
eres misterioso xd
si me llegué a medio escapar de ti porque sentí atracción y me dio nervios pero no quiero que me gustes y ahora solo quería habalr contigo del ramo",,🚢 Casa Central
30/4/2025 17:21:17,"mechones culiaos hermano, como crestas se les ocurre almorzar en la biblio
te creo si es alguna wa seca, pero lentejas, porotos? métanselos x donde no les llega el sol malayas qlas",,🏫 Vitacura
30/4/2025 17:55:17,Ya mechones el que reprueba los ramos es ingeco,,🏛️ San Joaquín
30/4/2025 18:14:57,"No te creo esa wea de que solo 10 estudiantes votaron wn, si yo contándome ya conozco 4 que votaron y soy más asocial que la cresta.",,🚢 Casa Central
30/4/2025 19:37:53,Hay una lokita de pelo azul corte egirl metalera q es muy linda me parece terrible atractiva pero creo q tiene pololo ,,🌳 Concepción
30/4/2025 22:45:09,Amo esta universidad y como hace que tenga tantas ganas de vivir 😻😻,https://drive.google.com/open?id=11NJcA9-kzdVvEOvSrSIHiRNg_cGeQQaG,🏛️ San Joaquín
30/4/2025 23:35:27,"Ohh que está fome OSI, pero espera,
entrada->TRANSformación->salida,
control es claveee!!",,🏛️ San Joaquín
1/5/2025 2:13:58,"Tengo sentimientos muy profundos por una amiga, se que es imposible que seamos algo, porque solo funcionamos como amigos y sería un total desastre si fuéramos pareja, somos MUY diferentes... pero aun así no puedo evitar quedarme mirándola, es tan inteligente y a veces es algo pesada conmigo pero siempre es tan real y honesta ¿Algún consejo para dejar de sentirme así? Me está distrayendo y necesito concentrarme en la u xd",,🚢 Casa Central
1/5/2025 13:07:27,"Mi niño de la U

No me atrevo a decirte esto en persona ni en mensaje, pero, por favor, si lees esto, y hace pocas semanas lo dejaste, quizás este mensaje sea para ti. Piénsalo, porque no intentarlo. Mi verdadera razón de amar. Ojalá leas esto, ojalá no te gane el orgullo y el ego. Tengo miedo de tu rechazo. Odio lo frío y distante que eres ahora.

¿Cómo hago para sacarte de mi cabeza y corazón? ¿Cómo mato las ganas de hablarte y decirte que te extraño? Que anhelo dormir en tu pecho, besar tus labios, escuchar que me amas. Los problemas se pueden solucionar, podemos empezar de cero, conocernos de nuevo, tener mil citas antes de volver a enamorarnos. ¿Por qué destruir todo solo porque tú estás allá y yo acá? Te extraño, amor mío.

Si existe un Dios, ojalá escuche mis rezos y me devuelva a tus brazos, porque solo contigo la tormenta se calma, solo contigo la luz existe. Odio amar intensamente, porque ahora tengo el corazón roto.

Dejo en tus manos el volver a vernos, guardo la esperanza de volver a sentir tus labios. Si me ves, no lo dudes, háblame, abrázame, bésame, que sigo siendo tuya en cuerpo y alma.

 - Una Química con el corazón roto que extraña a su Mecánico",,Soy de Otra U (PUCV) pero el es de la USM.
1/5/2025 17:14:40,la peor decisión que uno puede tomar en esta u es meterse a una carrera del depa de fisica,,🚢 Casa Central
1/5/2025 19:47:02,"Donde están las minas TEA solteras en ésta U. Que se reporten en los comentarios
Cocino rico",,🏖️ Viña del Mar
1/5/2025 20:53:46,Quiero amigos q les guste one piece 🥲,,🚢 Casa Central
1/5/2025 21:22:24,Es posible convalidar mat023 con mat013??,,🚢 Casa Central
2/5/2025 0:56:42,"leer estas confes es como ver a un puberto, horny toda la noche y en el día se quiere matar, mish",,🚢 Casa Central
2/5/2025 8:27:37,"Donde venden fajitas o similares. Las del xl y nony son malísimas. El otro día le pregunté a una mina que comía una  y estaba re volada, no le entendí un carajo de donde la compró xd",,🚢 Casa Central
2/5/2025 9:08:47,"hoy me siguió tu amigo. ya me pasó una vez que el amigo de alguien me siguió y luego el chico me confesó todo. solo quería saber de mi. me dijo que le gusté y me pidió disculpas por algo que pasó. pero tu?
tu no pareces el tipo de chico que mira al pasado a cuestionar y volver. tu pareces la clase de persona que disfruta el presente, que no se hace problema por nada y que no le gusta dañar a otros. pero lo hiciste. y te entiendo y sé que fue mi culpa aunque me digas que no. pero tmb pudiste haber hecho las cosas bien. supongo que el amor es complicado. no debería serlo pero nos confundimos. lo único que sé es que en cada universo, yo nunca te habría escogido.",,🚢 Casa Central
3/5/2025 3:47:14,Como puedo ser capaz de decirte adiós mamá :(,,🏛️ San Joaquín
3/5/2025 16:01:11,"Hay un chino que es TUMA de primer año que es machista con sus compañeras y es terrible funado y misogeno, se nota que jamas la a puesto 🤣 ni lo hara!!!! Aparte se cree no se que wea y esta mas guaton, feo mejor anda a comerte los wantane pa estacion central kllll misogeno",,🏛️ San Joaquín
3/5/2025 21:43:01,"Yo suelo ser una persona bastante insegura de sí. Tengo que aparentar una falsa sonrisa, finjo que todo está bien o que está menos mal de lo que debería. Tengo muchos miedos y mi vida es constantemente un dilema, donde cosas que en su momento me gustaban digo que no me gustan cuando en realidad estoy dividido entre sí me gusta y no me gusta. Esa situacion me genera mucha ansiedad. Siento que mi sola presencia incomoda a muchas personas, incluso amigos y familiares. Muchas veces siento y pienso en que si yo no existiese muchos tendrían una vida mejor, incluyendo mis padres que ya no tendrían que preocuparse tanto por mí y dejar de sentir que no pueden hacer nada. Pero si dejase de existir también los dejaría con aún más impotencia que antes.",,🚢 Casa Central
3/5/2025 21:57:41,"al de la 1205, sacate el piko de la boca primero wuaja",,🏛️ San Joaquín
3/5/2025 23:57:57,El Primera de Informática del campus San Joaquín está entero riko,,🏛️ San Joaquín
4/5/2025 8:27:40,Hombres en relaciones tengan cuidado con las weonas buitres de la u,,🚢 Casa Central
4/5/2025 12:34:55,"hay un mechón en informática que es entero lindoooo, es femboy tal y como me gustan, si lo conocen tiren el ig 🥹",,🌳 Concepción
4/5/2025 14:19:45,"Suban las confes!! bueno aprovecho de recalcar un buen consejo, cabros no se metan con gente de su carrera porque ahora con mi ex nos vemos todos los dias y encima ya tiene pareja (no pasó ni un mes) asi que ahora me siento como un objeto, nada mas le servi pa llenar su vacio un rato 🫠",,🏛️ San Joaquín
4/5/2025 16:42:04,"Propongo eliminar el kiosco del C y poner una pronto copec, en el kiosco del P, un Starbucks y en el del patio central un achoclonados o un castaño",,🚢 Casa Central
4/5/2025 21:50:08,Cuando chucha van a poner jabón y confort en los baños ctm,,🏛️ San Joaquín
4/5/2025 22:10:32,"Necesito ayuda para un amigo ingeniero en minas, aun no consigue una, manden ig de minas para el (o de femboys)",,🏛️ San Joaquín
5/5/2025 0:53:53,"Busco pelirroja de cara bonita, no más de 70kg y q sea buena onda (Tengo 8200 copas en el clash)",,🚢 Casa Central
5/5/2025 14:25:25,PASEN @ DE FEMBOY EN SJ 🛐🛐,,🏛️ San Joaquín
5/5/2025 14:26:56,"Opino que los femboys deberian ir con una pulsera azul en la mano izquiera, asi saber a quien echarle diente 😈",,🚢 Casa Central
5/5/2025 15:09:16,¿Consejos pa dormir en la noche sin soñar weas? Yo voy en último año y casi todas las noches sueño que me sale la tesis como el hoyo y el profe me reta jajajsklsj Toy xato. ,,🚢 Casa Central
5/5/2025 21:48:03,"Hola, quisiera preguntartes a todos si de verdad sienten que la educación que están dando en la usm está bien. Primero, soy mechón y siempre estudio a parte la materia, me doy cuenta que hay un montón de weas BASICAS que los profes ni siquiera se molestan en mencionar para entender bien teoría de la materia, al menos en mate :/ incluso están escondidas en alguna parte del aula. Sin embargo, jamás se mencionan en las clases. O también, enseñan desordenado, recuerdo que me pasaron la parábola junto con la inecuaciones, para después pasarme de vdd que era una parábola y no como que solo era una ""formula""(para aclarar sabia que era una parábola, pero me pareció raro ese método para llegar a la solución de una inecuacion) para sacar el discriminante de una cuadrática.. entre otras cosas más. Que opinan, creen que tengo algo de razón o que solo soy un sacowea? Acepto puteos. Saludos cordiales.",,🏛️ San Joaquín
5/5/2025 23:07:42,"Jamás pensé que una universidad me traería tantos problemas, no paro de comprarme con los demás cuando se supone que toda la vida pensé que era inteligente, mientras que ahora en segundo año aún trato de pasar ramos de primer semestre y aunque de el 100, repruebo una y otra vez, me quedé sin absolutamente ninguna meta, sueño y esperanza en la vida, no soy capaz de salirme ni tampoco soportaría que me saquen, no puedo evitar los pensamientos intruisivos en pleno metro o los puentes del cuarto piso. La carrera que siempre soñé y me esforcé por llegar pareciera ser mi perdición que no puedo dejar por ser el cobarde que soy.",,🏛️ San Joaquín
5/5/2025 23:09:12,"Desde que los hombres usan el baño del primer piso de los K está hediondo a meados, sucios y mojada toda la tapa, siempre veo weones cerdos saliendo del baño sin ni lavarse las manos ",,🏛️ San Joaquín
5/5/2025 23:42:03,"wn, me esforcé caleta para entrar en la u y me esta llendo como el hoyo, sabia q la wea iba ser dificil pero como tanto wn, ya tengo dos 0",,🚢 Casa Central
6/5/2025 11:04:57,La u se llenó de olor a pino por todas partes y me estaba persiguiendo horrible hasta que alguien más lo mencionó 💀💀,,🏖️ Viña del Mar
6/5/2025 11:09:26,"extingan a los mechones de telematica, ellos son los conchesumadres q andan gritando como mongolicos por toda la u, los tengo cachaos, oooo weon q manera de gritar, como no vai a ser capaz de cerrar la caga de hocico por una puta hora. estan harto peluos ya pa andar a lo tonto haciendo sonar las mesas y todo por ahí, CALLENSE CALLENSE WEON KIERO FOKIN ESTUDIAR TRANKILO CONCHETUMAREEEE 

eso grasias",,🏛️ San Joaquín
6/5/2025 12:33:46,"La confe 11:90 es la única que vale la pena leer
Atte: un ing civil física de 2do año que está en filosofía 
Pd: gracias a la filosofía logró entender la profundidad de su fantasía ",,🏛️ San Joaquín
6/5/2025 20:12:06,Entre Lucas cortes y Griffith no hay mucha diferencia ,,🏫 Vitacura
7/5/2025 9:48:29,existen adecuaciones para gente neurodivergente como con deficit de atención o espectro autista? 😢 me cuestan mucho los certamenes y el tiempo no es suficiente,,🏛️ San Joaquín
7/5/2025 12:37:21,Busco clan activo en el Clash of Clans,,🏛️ San Joaquín
7/5/2025 15:30:54,Apañen a paro por como estan las cosas en mate022 con los certámenes y los controles 🫠🫠🫠,,🚢 Casa Central
7/5/2025 19:52:48,Si me llega un pelotazo de los amaneraos que juegan volley se las tiro a las casas del lado ,,🏫 Vitacura
7/5/2025 20:26:39,"Las minas mas bonitas son las q se ven mas lindas en personas que en ig, y esta u esta llena de ellas :)",,🏛️ San Joaquín
8/5/2025 3:23:16,"Es gracioso pensar que nos hemos hecho la L mas de 2 años seguidos, cada uno sabiendo de la existencia del otro desde el primer dia. No te tengo mala, haría las paces, pero no voy a iniciar la conversacion. Lo dejo a tu disposicion ",,🏛️ San Joaquín
8/5/2025 14:36:27,COMO TE EXTRAÑO KUNG FU PANDA POR LA XUXA ME HACE TANTA FALTA UN CHOW MEIN DE CAMARONES.,,🏖️ Viña del Mar
8/5/2025 15:48:09,"El ayudante coordinador qlo de LP es entero de asqueroso o parece que tiene caleta de confianza con sus amigas. Mina con la que lo veo, mina que manosea.",,🏛️ San Joaquín
8/5/2025 16:31:19,hay un mechon de informatica que siempre esta pasao a semen yo creo que se pajea en los baños 🤢,,🚢 Casa Central
8/5/2025 19:52:42,Oe que xuxa pasó con el wn que salió corriendo del certamen de progra con la prueba en mano xD ,,🚢 Casa Central
8/5/2025 22:03:40,"No me olvidé de tu cumpleaños en marzo, solo pensé que no querrías un saludo mío",,🚢 Casa Central
8/5/2025 23:49:07,Los de vita le tiran la pela a san Joaco pero el puro casino de aquí es más grande que todo su campus de mrd que parece jardín infantil de lo chico que es,,🏛️ San Joaquín
9/5/2025 14:52:56,"Quiero hacer una encuesta. Si estas en pareja, ¿Es peor ver caleta de wnas en pelota o responderle el mensaje de algun wn random en ig (tal vez pelando a tu pololo)?",,La macaca
9/5/2025 15:00:37,"necesito conocer a alguien, idealmente que sea mujer,  loco xfavor nidoimasctm, un tiempo mas asi y capa  q termine como el unabomber, lo peor de todo es que me dan miedo las minas",,🏛️ San Joaquín
9/5/2025 19:43:52,"DÓNDE ESTÁ HERMES? 
#BUSCANDOAHERMES
😭😭😭😭😭",,🏛️ San Joaquín
9/5/2025 20:28:19,Quién pa qlar en los baños del edificio K??,,🏛️ San Joaquín
9/5/2025 20:32:25,EL EDDY CAGO A LA POLOLA,,🏛️ San Joaquín
9/5/2025 20:44:58,"q wea los wnes q se ponen a gritar y a cantar afuera de la sala pasta, ta bien q lo hagan pero es dms molestoso en su punto y cuando gritan mucho, xfavor bajenle un poco",,🏛️ San Joaquín
9/5/2025 20:50:40,"Para la chica del 1263: Me he sentido igual a como lo describes y la verdad el sentimiento de soledad es horrible, solía sentir que los demás avanzaban y yo me estancaba, era imposible casi no compararme, y aún sigo lidiando con aquello pero cada uno tiene sus procesos y al final de cuentas aquellas experiencias son las que te hacen una persona única. También está bien intentar sacear esa necesidad de apoyo, es completamente humano, pero también es probable que al encontrar personas que se sientan igual terminen dependiendo una de otra y haciéndose daño en eso, no creas que eres menos por sentir esa necesidad de comprensión y compañía, de hecho es súper bonito porque hay más gente que se siente así,  estoy seguro que cuando estés mejor de todo esto encontrarás personas que en el fondo se sienta igual que tú en mucha cosas y logres esa conexión, solo que no hay que apresurarse, para así posteriormente poder formar lindos vínculos y donde estén todas las aristas de tu persona, no solo lo que te permite mostrar la depresión. ❤️🫂",,🚢 Casa Central
9/5/2025 21:05:59,el lunes me tope con un niño pelirrojo muy bonito en el gym pero me dió wiwi hablarle ayuda 😞,,🏛️ San Joaquín
9/5/2025 21:11:18,"El mechon de rastas se ve muy bonito, tiene ig?",,🏛️ San Joaquín
9/5/2025 21:12:11,Pasé de tenerlo todo con esa persona a la que tanto amaba a ahora ni hablar ni saber de ella 😔,,🏖️ Viña del Mar
9/5/2025 21:25:56,"El que manda el mensaje de ""2luka"" en el grupo de wsp de la sede….. un genio incomprendido, el me alegra el dia con su mensaje, cuando no lo manda me siento vacio…. 2lukaxsiempre",,🏖️ Viña del Mar
9/5/2025 21:53:37,"Puta hueon vi a una mina hoy en el B, baja, pelo largo, usaba una chaqueta de cuero, jeans azules, camisa a rallas, la vi salir despues de admision con un hueon, pasen el ig de la minita si la cachan po, la termino de criar a la minita🥵💯💯",,🏫 Vitacura
9/5/2025 22:17:17,"Para la 1263, tranquila, sé fuerte, la vida no es justa, todo va a mejorar, hay veces que hay que llorar, calma, que el tiempo se encarga de curar y poner todo en su lugar, solo confía y ten paciencia, has cosas que te gusten, mantente ocupada para así no tener tiempo a sobrepensar y dañarte, hay veces que uno da todo y aún así no se le dan las cosas, ya sea con amistades o en general, tranquila y ten fé, que todo se equilibria al final, fuerzas y ánimo, yo confío en ti 🫶",,🏛️ San Joaquín
9/5/2025 22:21:49,Alguien de Informática que le diga al Ronald Morris que se cambie UNA VEZ Q SEA ese buzo hediondo a raja xfaaa,,🚢 Casa Central
9/5/2025 22:23:06,"Q wea mas Wena los brownies q venden en el c en los puertitos esos q están abajo en el hall, ojalá vendieran mágicos me comería uno todos los días ctm.",,🚢 Casa Central
9/5/2025 22:25:21,12:31 porque no mejor tocai el pico?,,🏖️ Viña del Mar
9/5/2025 23:24:23,"Lo llevo pensando durante un mes y creo estar seguro de que estoy enamorado, o como mínimo me gusta cierta persona. Encuentro todo lo que hace adorable, me ha quitado el sueño alguna que otra vez y lo único que quiero es ver una sonrisa en su rostro mas a menudo porque siento que esta pasando por un momento complicado.

Me da vergüenza dar mucho detalle porque siento que ya de por si es medio evidente para mis cercanos y no puedo imaginar el que vea esta confesión e inmediatamente piense que amiste con otros motivos, pero no es así, con el tiempo que llevamos hablando me marco de una manera que de verdad no esperaba, y aunque a veces dudaba si hablarle porque sus mensajes eran fríos, estando presente siento que el tiempo a su lado es sumamente preciado para mi.

Simplemente quería desahogarme porque llevaba con la cabeza enredada desde un buen tiempo atrás y no se cuantas horas de mi vida he perdido simplemente fantaseando en darle un abrazo, algo tan simple como eso, no pido nada mas. Eventualmente se lo diré en persona sin esperanzas de mucho porque no creo que le interese demasiado yo como persona, pero bueno, espero animarle ese día con el pensamiento de que es alguien tan especial que pudo enamorar a alguien. Personalmente creo que seria bonito escuchar eso y aunque sea sacarle una risita.",,🚢 Casa Central
10/5/2025 0:37:50,Soy un pequeño femboy hetero y nalgon en busca de una gótica que le escupa en la boca y le aplaste los cocos u.u,,🏛️ San Joaquín
10/5/2025 0:39:05,"Para la 1162 se vienen los Diaz insanos
Atte: el Bastiardo",,🏛️ San Joaquín
10/5/2025 0:48:46,Le pedí el ig a una minita y me dijo que no 🤑🤑,,Guayaquil
10/5/2025 0:52:38,"Algo k no m gusta de la U y d los sansanos en general, es nuestra (si, incluyendome) poca iniciativa a la hora de expresar nuestro descontento... La U en general se viene mandando hartas cagas en todas las sedes el último tiempo, y ahi estamos como wnes aceptando todo... o sea es ver todo el tema d usm+ lo maximo k hicieron fue creo k mandar un correo y ya, no se logró nads y listo, obviamente no nos van a pescar si saben que no vamos mas alla y que somos asi de conformistas...
Entiendo k mucha gente se metio a la u para evitar cnflictos d este estilo pero creo k a veces es necesario... En fin escribo esto cn tal de que ojalá a la gente le haga sentido y en el mjr d los casos alguna mente visionaria se motive a dirigir a los estudiantes, cm dije soy parte del problema y no podria comenzar cn una iniciativa asi, pero bueno mucho texto, ojala no me censuren xd",,🏛️ San Joaquín
10/5/2025 0:55:33,"El jueves en el piso 2 de la biblio, en las mesas redondas, habia un cabro q se lanzó 3 💨 seguidos asi todo chill. Igual habia un poco de ruido pero tampoco pasó piola. Pensaba que era el ruido de la silla pero tras escuchar el tercer llamado supe que estaba en presencia ante alguien superior. Luego de un rato se lanzó otro ventoso mas para reafirmar su dominio.",,🚢 Casa Central
10/5/2025 1:24:55,"TE AMO FRANCISCA BELÉN INOSTROZA, eres la mina más linda que haya visto en mi vida weon, lástima que tengas pololo😿, pero si no fuera por eso, muevo cielo y mar por ti",,🚢 Casa Central
10/5/2025 9:07:47,"El año pasado me gustaba una minita, ella hacia cosas hasta tarde en la u.

Un día despues de acompañarla un rato le dije que me iba (le dije que se me hacia tarde para tomar locomoción pero en verdad era porque andaba con cagadera) asi que en eso que iba bajando la u me escribe y me pregunta si quiero ir al mcdonalds con ella despues de que terminara de hacer sus cosas (yo con tremenda cagadera pero le dije que si porque me gusta pasar tiempo con ella) asi que me metí en los baños del p del subterraneo y comencé, tenía que botar toda esa caca para que no fuera un problema mas tarde, juro que fue el acto de amor mas grande que he hecho en toda mi vida.

Pd: nunca llegamos a ser nada y cuando le dije que me gustaba dejó de hablarme",,🚢 Casa Central
10/5/2025 14:41:45,"Habrán mujeres solteras para unos amigos? Me están dando pena que aún no tengan a nadie, son medios weones Pero son buena onda y fieles",,🏖️ Viña del Mar
10/5/2025 14:59:03,El profe fabian hernandez de fisica es un enano qlo terrible creido que se anda joteando a las alumnas🤮🤮🤮🤮🤮,,🏖️ Viña del Mar
10/5/2025 16:18:14,Un verdadero sansano jamás va a hablar bien del dfis,,🚢 Casa Central
10/5/2025 16:48:43,Oye alguien de cc que arregle 3ds que no me funciona el botob L,,🚢 Casa Central
10/5/2025 18:31:10,Tengo un compañero en filosofía de la tecnología y es medio wekito es de civil física ,,🏛️ San Joaquín
10/5/2025 20:04:44,"veo mucha wea, pero poco tema importante
 como que le paso a mi huevito,
donde esta huevito piazze 
que le paso, esta bien, porque ya no esta ahi 
regalando los humanísticos.
me dijieron que no esta en expresión ni en ningúna de las visiones que fue del hombre araña, porque nos abandona cuando mas lo necesitamos 
necesitamos al huevito",,🏛️ San Joaquín
10/5/2025 20:44:41,"Estaba muy mal hecho el certamen 2 de fis100 y más encima tienen mala la pauta. Si no nos dan 100, paro 🤪🤪",,🏫 Vitacura
10/5/2025 21:21:01,sersansano página rekla,,🏛️ San Joaquín
11/5/2025 0:23:04,"A veces me pregunto ¿Qué pasaría? Si les cuento eso de alguna vez, ¿Me sentiré mejor? ¿Me sentiré más yo?, más auténtico?.
El año pasado estuve saliendo con un chico no oficializamos, pero si salíamos, nunca les conté a mis amigos porque me daba miedo lo que fueran a pensar o cómo actuarían después, ya que siempre se tiran comentarios re homofobicos, me dan igual, yo también los hago, pero si son contra mi, no? 
No sé cómo sentirme, hay días en los que estoy orgulloso de mi, y otros en los que solo quiero desaparecer, terminamos con este chico, por chat….., a veces creo que eso fue bueno y otras veces que no, y lo extraño, y de verdad estoy cansado. ",,🚢 Casa Central
11/5/2025 0:48:10,Pasen minitas de la u que tengan of o arsmate.,,🏛️ San Joaquín
11/5/2025 1:07:35,"Ojalá alguien me describiera en las confesiones, pero después recuerdo que soy un estudiante de informática 👉👈",,🏛️ San Joaquín
11/5/2025 8:13:49,"Hot metal, turning you around
Hot metal, burning you down
Hot metal, gets in your brain
Im feeling pain, from hot metal",,🚢 Casa Central
11/5/2025 13:29:34,sede qlia aburrida no pasa niuna wea,,🌳 Concepción
11/5/2025 13:29:48,"Algoco debería ser de esos ramos que uno dice ""El profe vale pico pero se salva yendo a ayudantías"" pero los ayudantes qlos alérgicos a subir pautas decentes, con cuea suben las weas. Ah pero si eri una a mechona q se quiere unir a programación competitiva ahí si pescan.
",,🏛️ San Joaquín
11/5/2025 15:01:58,Es posible que nos rajen a todos en un ramo?,,🚢 Casa Central
11/5/2025 17:34:53,"Hay una mechona de  Ingenieria civil con piercing en la nariz que esta entera bonita, la vi en la biblioteca pero me da wea hablarle pq tiene cara de no se me acerquen ",,🚢 Casa Central
12/5/2025 0:06:09,"Querido/a lector/a,

Hace algún tiempo que tengo esta idea. No se si es la mejor, pero quiero hablar, y quizás te preguntes, ¿con quién? ¿Será algo interesante? Y no, no es lo que piensas. Quiero hablar contigo, sí, contigo, tú que estás leyendo esto. No nos conocemos, pero quiero hablar sobre ti.

Hace no mucho tiempo existían los amigos por correspondencia, y quiero traer de regreso esa experiencia, pero en este formato. Puedes llamarme Ícaro, y quiero hablar sobre ti.

Así que dime, ¿cómo estás?

Con intriga, tu nostálgico amigo,

-Ícaro",,Somewhere beyond the sea
12/5/2025 9:46:38,"Me gusta mucho una amiga de la carrera y realmente antes no me importaba,  ahora que la conoci como que realmente me encanta estar con ella pero tiene pololo, igual respeto su relación y no sé si alejarme o hacerme el wn hasta que se me pase

Pd: supe que antes tuve oportunidad ",,🏛️ San Joaquín
12/5/2025 14:00:19,"a una amiga le gusta el bastian zapata de ing en fabricacion pero no se anima a hablarle, tiene que hacerlo siono chat????",,🏖️ Viña del Mar
12/5/2025 19:04:20,donde se tiraa el boton de panicooo??,,🏛️ San Joaquín
12/5/2025 23:30:02,Troncoso y Dmat los odio con el alma,,🚢 Casa Central
13/5/2025 0:11:42,El chinito lindo es de electricidaaad y anda con un blanquito lindooo que siempre anda con vans los 2 sonn aaaaa💍💘,,🏖️ Viña del Mar
13/5/2025 0:14:33,"oe que weael feo qlo de diego hernandez que acaso no tiene vida, que tiene stiker en todos los post",,🏛️ San Joaquín
13/5/2025 1:35:09,Hay un grupo de primer año en ingeniería civil casi todos con polola pero todos se cagan a sus pololas LDJFÑFN,,🏛️ San Joaquín
13/5/2025 3:12:58,"Cabros, mi polola estudia Electrónica en esta U y quería preguntar si todos los que estudian acá son así. En mi cumpleaños me regaló una mochila para que cambiara la que tenía. Me gustó el detalle que tuvo conmigo, así que empecé a usarla. Pero el otro día, al sacar unas weas, me di cuenta de que el fondo tenía un hilo cosido, lo que me extrañó porque la mochila era nueva. Por curiosidad, descosí esa parte y caché que me había plantado un GPS conectado a un circuito que llevaba a dos paneles solares camuflados en el exterior de la mochila, tan bien escondidos que no se notaban, solo se podían ver si movías la mochila en un cierto ángulo. Quedé pal hoyo porque no se veía como algo que se pudiera hacer en una tarde, aunque igual lo encontré tierno porque se dio todo ese tiempo para hacerlo para mí. Por eso pregunto si es una situación normal. Tengo amigos con historias similares con personas que estudian en esta U, así que mi duda es si todos son así.",,🚢 Casa Central
13/5/2025 8:23:51,"Oye que pasa con las ninfomanas de la usm???? Cuando aparecen? Hace falta una wena culia en los baños del edificio KS
Quedo atento a los comentarios y likes 👀",,🏛️ San Joaquín
13/5/2025 8:59:19,Que le dan de comer a los mechones de electrónica 😍🤤,,🚢 Casa Central
13/5/2025 13:52:09,"Me caen como las weas los pilotos puro que se juran vios por tener plata y no andar en micro
No saben nah que los voy a tener de perkines cuando termine la carrera nisi quiera saben derivar los wecos culiaos",,🏫 Vitacura
13/5/2025 18:54:57,"Chiquillos porfavor no se vayan a comer al piso 6 de la biblioteca, que uno va a estudiar. hoy estaba estudiando y llego una pareja a puro comerse y ni siquiera piola, teniendo tantos lados más piolita en cc y ocupando mesas que quizá alguien si necesita para estudiar 🫠 sean conscientes... ",,🚢 Casa Central
13/5/2025 19:57:14,Puta la página culia fome oh no suben niuna confesión buena puras weas... ignoran todas las confesiones ,,🚢 Casa Central
13/5/2025 19:57:55,Suban la confesión que habla sobre el fascismo al menos po ,,🚢 Casa Central
14/5/2025 12:02:22,tercer año de informática ser como:,https://drive.google.com/open?id=1vk3ZyzvzUH5UkFxqhbqWJr_dRlcorour,🏛️ San Joaquín
14/5/2025 12:05:53,"Que paja que en este último tiempo estoy tranquilamente sentado en un sillón en la biblio o en el testamento, y se pone una pareja al lado mío agarrándose como si la wea fuera motel ctm",,🏛️ San Joaquín
14/5/2025 12:40:33,soy mechón y me gusta la u y todo pero puta q es fome cmo no va a pasar nada váyanse a paro o alguna wea hagan su gracia ,,🏛️ San Joaquín
14/5/2025 12:47:38,"Soy adicto a la marihuana
(Funcionó mejor volao)",,🚢 Casa Central
14/5/2025 13:14:55,anoche soñe que me comía con el diego molina xd,,🚢 Casa Central
14/5/2025 13:39:32,"DIME CUAL FUE MI ERROR, SI MI UNICO DELITO SOLO FUE AMARTE 🗣️",,🏖️ Viña del Mar
14/5/2025 13:49:52,Linux >>>>>>>>>> Windows,,🏛️ San Joaquín
14/5/2025 14:04:03,"Se está plagando de ambulantes qls afuera de la U 🤮🤮🤮

Sr Yuz haga algo 🤌🏼
Y dejen de comprarles pa que se vayan, no sea weon",,🏛️ San Joaquín
14/5/2025 14:04:56,Que mediocre cencurar tanto ,,🚢 Casa Central
14/5/2025 14:40:37,"Pa los de la 1270 y 1263
Vivan así, se darán cuenta que es hasta mejor.
(Es lo mismo conmigo, con la diferencia que soy hombre y que aprendí a vivir con ello).",,🏖️ Viña del Mar
14/5/2025 15:32:13,"Tirense clanes buenos y activos de la U en el Clash of Clans.
No pido que sean los mejores y saquen puras 3 estrellas, pero al menos que toda la gente que metan en la liga usen sus ataques, y ojala que también sean activos con los asaltos de fines de semana.
Toy terrible chato de perder en liga por un par de estrellas por gente que no usa sus ataques :c (tienen la cuenta inactiva o se les olvida)
Y que tenga sus 6 cupos disponibles para meter a otros panitas jeje.",,🏛️ San Joaquín
14/5/2025 16:01:19,#1279 que chucha hace un wn de derecho acá ctm,,🏛️ San Joaquín
14/5/2025 16:26:32,"soy mechón de informática y quería confesar una wea media rara jdnsns y es que desde que descubrí el baño individual de las F300 me di cuenta que tenía una ventana hacia el patio de las lamparas y le agarré obsesión a mirar a la gente mientras meo, también me di cuenta que mucha gente mea con la ventana abierta y se les ven un poco la pichula desde abajo ksakksks y como que igual me da curiosidad un poco entonces generalmente almuerzo ahí
",,🏛️ San Joaquín
14/5/2025 16:27:14,Borra el video de electrónica te lo ruego,,🚢 Casa Central
14/5/2025 17:06:15,algun emo que le guste mcr,,🏛️ San Joaquín
14/5/2025 17:13:44,"Más de 2 semanas estudiando, sin tener vida social, apenas dormir y más encima sacrificar controles de otros ramos para que el segundo certámen de fis111 me destroce por todos lados, además que si no sumo más de 50 me voy a global wn.
me bajó todo lo anímico. ",,🏫 Vitacura
14/5/2025 18:05:56,"Un mechon qlio tenia la zorra en el camarin, tenia los lavamanos tapados con cazuela y el camarin pasao a waje",,🏫 Vitacura
14/5/2025 18:14:50,puedo tomar el test para eximirme de inglés si soy de 2do año? me cagaron el año pasado con la fecha y me quiero eximir de inglés khfkfj,,🚢 Casa Central
14/5/2025 18:17:29,"quiero volverlo a intentar con mi ex, aún la amo y creo que ella tambien a mi que opinan. voy por ella? ",,🏛️ San Joaquín
14/5/2025 18:26:49,olaaa busco a una niña de rulitos de aviación,,🏫 Vitacura
14/5/2025 18:40:06,"Atenea! Tkm! 🫶🏻 No te rindas en las confesiones, rescata lo bueno Linda",,🏖️ Viña del Mar
14/5/2025 19:51:46,ÑANCULEF SUELTA LAS NOTAS,,🏛️ San Joaquín
14/5/2025 21:13:05,"cuando cresta vuelven las buenas tradiciones de esta u?? ,como cerrito, no puedo soportar otro año sin algún cerrito. Por favor organicémonos como estudiantes para hacer un cerrito bueno poo, yapo los centros de estudiantes, pongo un six pack de  royal",https://drive.google.com/open?id=1gIfeUoBDvXVjsE3dZmoKesPoTSfAwfrA,🏛️ San Joaquín
14/5/2025 21:19:25,"Hola, solo vengo a decir que alguien se llevo mis tillas, eran de cr7, se me quedaron en el patio central, si alguien que lea esto las tiene, que sepa que son de mi hermano y tienen un gran valor sentimental, eso, gracias.",,🚢 Casa Central
14/5/2025 21:22:49,Pocos se acuerdan de que Ronald Morris jaló de un glande,,🏛️ San Joaquín
14/5/2025 22:06:52,"Siento q tengo una conexión muy linda con un wn pero no se si el siente lo mismo, modo se q le intereso pero no si le gusto y como q no se q hacer, pq igual se q el no quiere una relación, pero a mi eso me da lo mismo, yo solo quiero saber si le gusto y el resto q fluya, más encima es mi amigo entonces noseeee",,🏫 Vitacura
14/5/2025 23:05:32,Tengo una fantasía sexual en la que la U se raja con rellenar los dispensadores de los baños con jabón y que también se rajen con tener de estas toalla nova pa secarse las manos,,🏛️ San Joaquín
14/5/2025 23:55:37,"El certamen 2 de macro be like:
Sansanos: Uy me están rajando, me están rajando.
El certamen: ¡Toma esto sansano malo! ¡Toma esto!
Mansilla en plan: Hoy es un día muy feliz",,🏫 Vitacura
15/5/2025 1:33:41,oye pueden decirle a ese enfermito ql que se cuentea que toca bateria con unos lapices en el noac que CORTE EL WEBEO PUTA Q ME ESTRESA EL WN SI LA GENTE VA A ESTUDIAR NO HAY MAS ESPACIO EN ESTA UNIVERSIDAD QL porfa q se vaya a tocar al ajedrez no se gracias,,🏛️ San Joaquín
15/5/2025 3:18:00,"desde hace 1 año que me empece a enfermar de una mala costumbre, empece a faltar masivamente a clases, apareciendo solo en pruebas. El segundo semestre fue similar, parti bien y después desapareci. Este semestre la misma wea y en verdad parti como el hoyo, he ido como 10-15 veces a clases contando todos mis ramos (5) y descartando las weas obligatorias (q si no voy me lo echo). En verdad estoy peor que hace 1 año, hace 1 año iba al gym, webiaba con mis amigos (q no son de la U porq no tengo amigos en la U) pero este año, nada. Me siento totalmente ajeno a todo y a todos, despersonalizado, hoy en dia soy mucho mas fome que hace un año, como que mi mente (en temas sociales) se apago, ya no tiro la talla, no se de que conversar , no me interesa nadie y no hablo. Apenas estar en la U me da taquicardia, pero igual me da en el metro,  lo que laimenta mas y mas mis ganas de faltar que siempre me dominan. Hace un año podía presentar, hoy me siento incapacitado.  Tengo esperanza de que con terapia eso se puede romper y justo la semana pasada fue la primera vez q fui al psicólogo. Esta wea es solo in desahogo porque es obvio que igual me perturba lo que me pasa , además de que igual me he mandado hartas cagas por ser asi (",,🏛️ San Joaquín
15/5/2025 7:25:47,"Como se puede ser tan cerdo para andar dejando las tazas del baño meadas en todos los putos baños, no son cabros qls  y si son concientes de la wea limpien por último 🖕🖕",,🏛️ San Joaquín
15/5/2025 8:32:22,"Como no van a haber carretes en esta U reql, todas las confesionses son de ""quiero comerme a una mina o mino"", hno existe la tecnica ancestral, se llama copete y regueton, los selknam la ocuparon, pongase vios compañeros sansanos. ",,🏛️ San Joaquín
15/5/2025 12:54:04,"Siempre que almuerzo en el segundo piso del casino, hay gente que sale por esa puerta y la deja abierta. Hay una corriente qla que pasa por ahí y me cago de frío:(. Sean más considerados y déjenla cerrada al pasar por favor. 😔

Gabo chúpalo",https://drive.google.com/open?id=1Ki20JCVF9mqf_5eo0xfAPgMW5k1MAxRH,🏛️ San Joaquín
15/5/2025 13:12:18,Anda brava la Atenea con las confes. Justo como me gustan 🫦,,Sede Rancagua
15/5/2025 13:20:09,Why should we not try it?,,🚢 Casa Central
15/5/2025 13:22:43,"Tu voz, cautivadora y dulce
Como una suave brisa que acaricia mis oídos y las nubes
Tus dos preciosos ojos
Tan soñadores, que me fascinan
Esa sonrisa que tienes
La adoro con todo mi ser
Hermosa y armoniosa
Tus brazos y caricias
Cálidas y reconfortantes
Me haces sentir en el cielo
Cuando en tu cariño caer me dejo
Quiero tomarte de la mano suavemente
Recorriendo lugares y creando recuerdos para que los guardes en tu mente",,🚢 Casa Central
15/5/2025 13:27:54,Que ayudantes de lab de 120 son buenos?  Caviedes se explica muy mal y deverdad quiero entender la materia :(((  ,,🚢 Casa Central
15/5/2025 13:28:19,"Devuélvanme al 2017, cuando lo unico que tenia que hacer era jugar fortnite, minecraft, R6 y podia estudiar 1 dia antes de las pruebas :(",,🏫 Vitacura
15/5/2025 13:39:37,"Loco si aman a alguien no la dejen ir hermano termine hace 3 meses con la mujer que me amaba con todo su corazoncito hermano y la extraño caleta quiero volver a recuperarla pero es tarde, ella era mi motivación para estudiar acá extraño sus besos y sus ojitos como consejo luchen por la mujer que aman porque un amor así no se consigue dos veces, la vida es una sola no anden con wea de k en otra vida, uno madura conversa y soluciona por amor, eso cabro no sean como yo y valoren a sus señoras pd: todos los días te pienso mi flo preciosa princesa de mis ojos",,🏛️ San Joaquín
15/5/2025 13:52:19,sj puro wn,,🏫 Vitacura
15/5/2025 13:58:56,Cuidado con el wn que se conecta a los parlantes y audífonos ajenos para poner sonidos de diarrea.,,🏫 Vitacura
15/5/2025 14:05:54,"Estoy enamorada de un niño de eléctrica, de pelo negro, de poleron gris, estatura promedio.",,🏛️ San Joaquín
15/5/2025 14:34:35,"Ya no hablamos mucho, así que quiero subir aquí un poema que le escribi

Debería volver?
Tragarme mi orgullo y acercarme otra vez?
Es difícil dejar que el tiempo haga lo suyo
Cuando solo un minuto me parece mucho

Y es que extraño el brillo de tus ojos
El mismo que veo desde la distancia
El mismo que me calentaba cada mañana

Debería volver y acercarme a ese calor?
Ese que ayer me quemó y hoy me congela
Debería volver a acercarme a tu sol?
O seguir preguntándome si vale la pena?",,🏛️ San Joaquín
15/5/2025 14:37:22,"Pq la Atenea se puso tan pesada? :(
En volá le robaron el admin (?",,.
15/5/2025 14:42:53,"Top mejores baños:
1)Los del T: Quitando el hecho de que queda a la conchetumare, la wea esta vacia, especial pa afilar opa hecharte el meo cagon corte sutro diarrea.
2)Los del A: La wea parece nave espacial, un poco mas y las tasas hasta te limplain el ollo hasta con chorro. mide mas que mi casa; bombardeen el dfis 

Top peores baños:
1)Los del p: Pasao a caca. U culia sesupone que es de ingenieros y las puertas culias se abren pa adentro xddd la wea tonta po, debe ser peor para los guatonsitos, ni deben caber.
2)Los del c: Terrible lleno, uno no puede hechar el cagon tranquilo,  urinarios culiaos se tapan.
",,🚢 Casa Central
15/5/2025 14:54:58,"En mi certamen de mate 3 el miercoles habia alguien al frente de mi que olia tan mal que tuve que ponerme mi cuello para no olerlo
BAÑENSE POR DIOS ",,🚢 Casa Central
15/5/2025 14:55:13,Como q el sonic va a repetir taller 1 😫,,🏛️ San Joaquín
15/5/2025 15:11:14,Algún wn sabe en que carrera estudia el Sonic?,,🏛️ San Joaquín
15/5/2025 15:17:21,Diego gift puedes comentar 2 gift en esta confe una para Dios o otra para los ateos y ver cuál es la tendencia en cuanto a creencias religiosas en los estudiantes de la usm,,🏛️ San Joaquín
15/5/2025 15:31:04,"Para la 12:05 jajajajjaja en vita están los peores promedios, y obvio están los pilotos y comerciales, que abstracción puede haber en esas mentes tan simples ? No deberían llamarse ingeniería esas carreras, no son parte de nueva universidad especializada en estudios de la ciencia.  ",,🏛️ San Joaquín
15/5/2025 16:23:51,"Hermano como chucha le puedo hablar a la mina que me gusta, tengo cualquier vergüenza para hablarle en una de esas la asusto. Siempre la veo pasar cuando estoy en el cañón pasa, aunque sea corte kueomi igual me como el trauma con tal de pegarle su besuquea y sentirle el piercing que tiene en el labiooo",,🚢 Casa Central
15/5/2025 16:54:08,"Atenea te invito un completo, tú di fecha",,🏛️ San Joaquín
15/5/2025 17:16:08,Oe las parejitas que se comen en clase tengan consideracion wn el meo asco sobre todo cuando el culiao es wuaton ,,🏛️ San Joaquín
15/5/2025 18:44:14,Que penca sentir que no mejoras la vida de nadie y que a la vez sin ti todo se caería abajo. A veces vivir se me hace insoportable. Solo quisiera descansar y que el mundo se olvide mi existencia.,,🚢 Casa Central
15/5/2025 18:58:05,"Para el de la 1330, hrmano te entiendo, es de las peores sensaciones el sentir lo que estás sintiendo, pero piénsalo así, es una tortura constante el ser ""amigo"" de alguien a quién le tienes sentimientos de esa manera, hace muy mal eso la vdd, deberías intentar de a poco tratar de ver si es recíproco, pero nadie más que tú tiene que tomar la decisión de que hacer, hay que ser consecuente nma. Y sobre eso q a veces te trata mal, ten cuidado con eso, xq muchas veces q uno está enamorado solo ve lo bueno de la relación, pero si te trata mal, no es la gracia seguir ahí, deberías hablar con ella, la comunicación resuelve tdoo ",,🏛️ San Joaquín
15/5/2025 19:20:22,"papito, mis compañeras estan muy bonitas y de verdad me gustaria salir con cualquiera. pero nunca meterse con alguien de la carrera. no se como aguantar la tentacion",,🏛️ San Joaquín
15/5/2025 20:51:37,"Pobre Atenea, le va a explotar la cabeza de ver tanta estupidez ",,🚢 Casa Central
15/5/2025 21:15:41,"Hermano, muy enserio, estoy chato, cada vez es más la exigencia y simplemente no voy al trote del resto, dedico harto tiempo al estudio pero me ha ido remal en los ramos de mate, siendo q esas materias fueron las q me salvaron el NEM. Realmente la presión me está matando, cada vez es menos el tiempo que tengo libre,pero esto no se refleja en los resultados que saco en los controles. No quiero ni pienso desistir, ya q lo único q quiero es ser  orgullo de mis padres. Lo q más me enoja o me da no se q cosa, es que ya no se a qué o quién echarle chuchás, me he ido dando cuenta que la culpa es neta o mayoritariamente mia.",,🚢 Casa Central
15/5/2025 22:44:15,"Qué le pasa a la Atenea weon jsksjs ta bien, como es admin puede mostrar su opinión pero estar quejándose constantemente de las confes y poniendo cosas como ""y a mí qué"" es demasiado apático, nadie la manda a hacerse admin, si le molestan tanto las confes que deje de ser admin y listo, no es como si las confes hayan cambiado mucho, siempre han comentado puras weas pero la cuenta se da para eso igual",,🚢 Casa Central
15/5/2025 22:54:38,"Lo único q espero de esta u es:
-Plata
-Pega
-Que no se me pegue lo hediondo ni lo weko de todos los demás de la U",,🏛️ San Joaquín
15/5/2025 23:04:33,"Tu, la que hace el taller de mat060... POR FAVOR DEJA DE IGNORARME Y ATENDER A OTROS WNES CUANDO TE LLAME PRIMERO HACE MEDIA HORAAAAA

Saludos cordiales :)",,🏛️ San Joaquín
15/5/2025 23:47:08,Vino boric y tenia meseros en la plaza civica waos,,🏖️ Viña del Mar
15/5/2025 23:48:56,Buenos dias Mechonsitas,,🏖️ Viña del Mar
16/5/2025 11:49:23,"Creo que me gusta una amiga, pero no sé, no estoy seguro, me trata bien y se preocupa por mi, pero no de una manera romántica, no sé, no soy bueno captando señales o indirectas, pero estoy casi seguro de que me ve cómo un amigo más nomas. Ella se ha vuelto para mi una persona super importante porque me ha apoyado en mis momentos más difíciles, pero siento que no es recíproco, onda, si se preocupa por mi, pero muy pocas veces recurre a mí cuándo ella está mal. Me encantaría que ella me busque más, qué me necesite para algo. Somos de la misma carrera y compartimos con el mismo grupo de amigos, pero yo me incluí tarde a ese grupo, ellos a veces se juntan y muy pocas veces me incluyen en sus cosas, me da lata que sean tan cerrados de vez en cuando. De verdad que les juro que me encantaría compartir con ellos más fuera de la U, obviamente con mi amiga que me genera sentimientos confusos mucjo más. No sé que hacer en verdad ¿Lo intento? ¿Me la juego? Pero no sé como hacerlo o intentarlo, tampoco quiero dañar nuestra amistad, no sé que hacer. Podría invitarla a salir, pero cuándo hablamos por wsp me tiende a responder un poco cortante o me deja el visto incluso, pero en persona si podemos hablar de verdad. Ayuaaa",,🚢 Casa Central
16/5/2025 12:48:10,"Wueón, hay un TUMA con barba de candado y mullet que está pa' derretirse... lo vi y me empapé al toque. Casi me caigo del puro calentón. Está tan rico que me dejó con las piernas temblando y la cabeza llena de cochinas. NECESITO su IG y su WhatsApp, o me voy a morir caliente. ¡Ese weón es una falta de respeto!

¡¡¡Quiero que me pegue, me embarazo y me abandone!!!
😍😍😍🫦🫦🥵🥵🥵💦💦
",,🏛️ San Joaquín
16/5/2025 12:56:48,una confesión más de femboys y Atenea se mata,,🏛️ San Joaquín
16/5/2025 12:59:29,quien chucha es el mael y por qué tenía que levantar la mano,,🏛️ San Joaquín
16/5/2025 14:08:59,Ojalá no ser el único💀,https://drive.google.com/open?id=1wmsA83RvgGIvqj9KvjU7LWDJQIWLnE31,🏖️ Viña del Mar
16/5/2025 17:41:38,"Busco polola
Requisitos:
Mujer (opcional)
Que me quiera (opcional)
Q me ayude a pasar los ramos (obligatorio)
",,🏛️ San Joaquín
16/5/2025 18:15:28,"Si explico algo diciendo que parece que tengo algo parecido al síndrome del salvador, ¿suena poco humilde?",,🏖️ Viña del Mar
16/5/2025 18:31:28,necesito con urgencia saber quienes entran en tecnico en construcción de la sede de viñaaaa!!!,,🚢 Casa Central
16/5/2025 20:44:35,"Me encantan los femboys cada vez que veo uno en la universidad no aguanto las ganas de ir al baño a masturbarme descontroladamente 
pensando que ese femboy es mío

Tengo uno en mi clase que ya le eche el ojo ",,🏛️ San Joaquín
16/5/2025 20:56:10,Francisco faundez estai entero rico ,,🏫 Vitacura
16/5/2025 20:56:48,Diego Campos me gustas un monton,,🏫 Vitacura
17/5/2025 0:10:16,OO menos mal alguien dijo lo de Atenea. A ver yo creo que hace su pega full bien y gracias por eso PERO TIRATE UNA TALLA POR LO MENOS NS ALGO DE INGENIO,,🏛️ San Joaquín
17/5/2025 7:23:52,"Dicen :""ni opinar se puede ahora con estos cristalitos"" pero ni  suben todas las confes  ni dan cabida a la libertad de opinión.",,🚢 Casa Central
17/5/2025 8:54:10,"Puta que es rico tener un amigo con el que se pueda tener sexo, sexo del bueno...
Los envidiosos dirán que somos pololos porque hasta ahí les llega el concepto de amor libre 💅",,🚢 Casa Central
17/5/2025 10:56:27,"como chucha hago para conocer gente wn, literal toy mas solo que la xuxa lasdkma, mi ultima interacción social fue comentar que estaba curao en una publicacion de esta misma wea, un saludo a los admins",,🏛️ San Joaquín
17/5/2025 12:55:13,Mano den contexto de quien e el sonic,,🏛️ San Joaquín
17/5/2025 12:59:18,Ayer viernes encontre un feto en los baños del c 😭😭,,🏛️ San Joaquín
17/5/2025 13:28:26,completos de la cafeteria del p>>completos de la cafeteria del c,,🚢 Casa Central
17/5/2025 13:40:47,"Se llenan la boca hablando de la libertad de prensa ,la libertad de expresión,la libertad de opinión sin embargo solo suben las confesiones que les gustan a los admis ,el que se esfuerza por escribir contenido( a veces picante ) es censurado así niun brillo ",,🚢 Casa Central
17/5/2025 13:46:47,"1366 están brigidas las"" culo suelto ""después se quejan que el hombre es el acosador ,cuando en esta confesión vemos clara y expresamente el nivel de hostigamiento sexual de las minas hacia el hombre . Entonces de que chucha se quejan ? ,si quieren igualdad y respeto por qué no respetan ellas primero? ,o a caso es normal ese tipo de violencia solo si viene desde la mujer?",,🚢 Casa Central
17/5/2025 15:03:03,"𝐄𝐧 𝐫𝐞𝐬𝐩𝐮𝐞𝐬𝐭𝐚 𝐚 𝐥𝐚 𝐜𝐨𝐧𝐟𝐞𝐬𝐢𝐨́𝐧 𝟏𝟑:𝟓𝟓:
𝐇𝐞𝐦𝐨𝐬 𝐝𝐞 𝐜𝐨𝐦𝐮𝐧𝐢𝐜𝐚𝐫 𝐪𝐮𝐞 𝐥𝐚𝐦𝐞𝐧𝐭𝐚𝐦𝐨𝐬 𝐠𝐞𝐧𝐞𝐫𝐚𝐫 𝐭𝐚𝐧𝐭𝐨 𝐝𝐢𝐬𝐭𝐮𝐫𝐛𝐢𝐨 𝐞𝐧 𝐡𝐨𝐫𝐚𝐫𝐢𝐨 𝐚𝐜𝐚𝐝𝐞́𝐦𝐢𝐜𝐨, 𝐩𝐨𝐫 𝐥𝐨 𝐪𝐮𝐞, 𝐜𝐨𝐦𝐨 𝐠𝐫𝐮𝐩𝐨, 𝐡𝐞𝐦𝐨𝐬 𝐭𝐨𝐦𝐚𝐝𝐨 𝐥𝐚 𝐝𝐞𝐜𝐢𝐬𝐢𝐨́𝐧 𝐝𝐞 𝐠𝐞𝐧𝐞𝐫𝐚𝐫 𝐝𝐢𝐬𝐭𝐮𝐫𝐛𝐢𝐨𝐬 𝐬𝐨𝐥𝐨 𝐞𝐧 𝐬𝐚𝐥𝐚 𝐩𝐚𝐬𝐭𝐚, 𝐞𝐧 𝐥𝐨𝐬 𝐛𝐥𝐨𝐪𝐮𝐞𝐬 𝐩𝐫𝐨𝐭𝐞𝐠𝐢𝐝𝐨𝐬 𝐲 𝐝𝐞 𝐚𝐥𝐦𝐮𝐞𝐫𝐳𝐨. 𝐋𝐨𝐬 𝐝𝐢́𝐚𝐬 𝐦𝐚𝐫𝐭𝐞𝐬 𝐬𝐞𝐫𝐚́𝐧 𝐥𝐚 𝐞𝐱𝐜𝐞𝐩𝐜𝐢𝐨́𝐧, 𝐩𝐮𝐞𝐬 𝐜𝐨𝐧𝐭𝐢𝐧𝐮𝐚𝐫𝐚́𝐧 𝐝𝐞𝐬𝐩𝐮𝐞́𝐬 𝐝𝐞 𝐜𝐨𝐥𝐚𝐜𝐢𝐨́𝐧.
𝐀𝐭𝐭𝐞: 𝐋𝐨𝐬 𝐞𝐬𝐪𝐮𝐢𝐳𝐨𝐟𝐫𝐞́𝐧𝐢𝐜𝐨𝐬 𝐝𝐞 𝐥𝐚 𝐒𝐚𝐥𝐚 𝐏𝐚𝐬𝐭𝐚.",,🏛️ San Joaquín
17/5/2025 15:09:22,"Es muy difícil encontrar un hombre con quien regalonear y no sé, salir a pasear o tener algo sano y bonito? :(  (atte un gay de SJ)",,🏛️ San Joaquín
17/5/2025 15:53:33,"WN, hay una QUIMICA con pelo risado y que siempre viene con falda que está pa
derretirse... la vi y no podía dejar de verla. Casi me da algo de lo bonita que esta. Está tan linda que me dejó completamente loco y el estomago lleno de mariposas.
NECESITO su IG y/o su WhatsApp, o me voy a morir. Esa chica es una ridicules lo linda que esta! 

Espero no sea borrado es que me encantó ese mina.",,🏛️ San Joaquín
17/5/2025 17:02:43,"Hace poquito hubiesemos cumplido 27 meses juntos :(  te extraño todos los días, me muero de ganas de escribirte pero tengo que entender que te debo dejar ir y que el no querer estar conmigo fue una decisión tomada y debo aprender a vivir con eso y respetar tu espacio :c  a veces me pregunto si piensas en mi y si aún vivo en tu corazón 🥺",,🏛️ San Joaquín
17/5/2025 17:20:49,"Para el de la 1351

Acá otro wn de segundo año.
Hermano, te entiendo completamente, osea, en el colegio yo era el típico que siempre pasaba todas las pruebas con 7 sin esforzarse ni nada, pero una vez que llegue acá a la USM el primer certamen de mate me hizo mierda, y aunque me saqué la cresta estudiando, consultando con profesores, viendo las clases grabadas, resolviendo ejercicios, etc, me hizo mierda el certamen, y al final pasé por el puro laboratorio de mate, esos 5 puntos extra me ayudaron a pasar con un 55 justo. Física también me fue mal (100 y 110); mate 2 pa que decir, me lo eché y lo di en verano y casi me lo echo de nuevo, y pese a que estudiaba y me esforzara, me iba como el pico, y no entendía por qué. Ahora este año un profesor dijo en una clase ""si tu te esfuerzas mucho para un certamen con tal método de estudio, y sacas un 30, 20, o 40, te fue excelente, esa nota es la mejor que pudiste haber sacado combinando ese esfuerzo y ese método de estudio, pero si tu quieres aspirar a más, podrías tratar de cambiar el método de estudio como tal"", no se como habrá sido tu método de estudio hasta ahora, pero si ves que eso no te esta dando buenos resultados, re-inventate, busca una nueva forma de estudiar que esta vez si te ayude a comprender realmente los temas y que es lo que debes hacer, yo lo hice, y por primera vez ahora en mate 3 saqué una nota arriba de 80, wn fue la alegría más grande, no pasé rascando puntos, mis esfuerzos habían dado resultados y en el certamen del otro día también me fue bien, realmente no puedo comparar mi situación con la tuya, pero en un momento si te puedo decir que si me llegue a sentir miserable, sobre todo por ser tan wn como para echarme un ramo volverlo a dar y aun así quedar a punto de echármelo de nuevo, no quería saber nada de la U, y muchas veces también tuve discusiones con mi mamá por aquello, ""si te atrasas como vas a pagar la U""(estudio con gratuidad).
Pero al final, lo que quiero decirte y aconsejarte con todo esto, a ti y a todos los que vean esto, que lo necesiten escuchar, en la universidad se van a encontrar muchas dificultades, de todo tipo, y puede que vean a todos a su alrededor avanzado y ustedes quedándose estancados, pero no se rindan, nunca es demasiado tarde para intentar tomar las riendas de tu vida y salir adelante, el hoy, si, es más tarde que el ayer, pero sigue siendo mucho más temprano que mañana y que pasado mañana, más allá del cliché de ""tu puedes eres capaz de grandes cosas si te lo propones y te esfuerzas lo suficiente"", que si es verdad hasta cierto punto, pero puede que muchas veces todo tu esfuerzo no se vea reflejado en el papel, que derechamente te vaya como el pico y que a nadie parezca importarle como lentamente te hundes y que todos esos pensamientos intrusivos de mierda aparezcan con frecuencia. Pero a pesar de todas esas mierdas de la vida, sigan intentándolo no por nadie más que ustedes, todos y cada uno de ustedes lo vale 100%, todos tienen sus propios motivos para entrar a la U, y que más da echarse el ramo 1-2 veces, siempre se puede retomar y seguir intentándolo, mientras no lo des todo por perdido, eres capaz de superar eso y más, espero que esto no te llegue demasiado tarde nomas, inténtalo, encuentra alguna forma de estudiar que te resulte cómoda y que te ayude a comprender realmente la materia, más allá de simplemente saber como resolver los ejercicios concentrate en entender lo que implica y lo que significa lo que estás haciendo, espero realmente que te vaya bien de ahora en adelante y que seas capaz de superar los obstáculos que se encuentran en tu camino ahora mismo, y sí, leyendo los comentarios de la publicación, te recomendaría pedir una hora con algún psicólogo de la U o de fuera para que seas capaz de obtener las herramientas necesarias para salir del agujero en el que te encuentras, busca y encuentra la forma de salir adelante y recuerda que probablemente hay mucha gente dispuesta a ayudarte a salir adelante, muchos con quienes puedes acudir por consejos o ayuda para entender lo que no entiendes, no se quien seas pero confío en ti y en que podrás lograrlo",,🏛️ San Joaquín
17/5/2025 17:43:38,"Me dan risa las confes de la U, no sabrías distinguir si son pendejos de 2do medio o weones de 5to año con 5 ramos atrasados",,🏛️ San Joaquín
17/5/2025 19:05:33,"Encontré la billetera de Miguel Naranjo en la micro!! Por lo que vi en su facebook es alumno de la USM, me ayudan a encontrarlo porfis!! ",,🏖️ Viña del Mar
17/5/2025 19:21:33,"Alguien sabe si en alguna sede hay un Glory Hole que no sea gay?, no me gusta cuando la barba me hace cosquillas en las bolas.",,🏖️ Viña del Mar
17/5/2025 20:28:44,"Soy comercial sureño, desde que llegué a santiago me cago de frio incluso en los dias mas frios de invierno, descubri que lo mejor forma de disfrutar los dias ""frios"" y de ""lluvia"" lo escribo así ya que son gotitas estas weas, es abriendo todas las ventanas y cagar parai, manito, me encanta cagar de pie y sentir la adrenalina de ensuciarme, además es mas rico todo cuando me llega el viento directo de provi ooo weon me encanta

- L",,🏫 Vitacura
17/5/2025 20:40:26,Fumadores cuando le dices que apaguen su palo en brasas con olor a putrefacción (ooo el olor insoportable):,https://drive.google.com/open?id=1C2g6sAkC0ssylgpNdsjRvMCgfSkrSByg,🏛️ San Joaquín
17/5/2025 21:25:34,"pa mi que el coordinador de mat021 se fuma uno weno antes de hacer los certamenes porque puta que los hace complicados, esto lo digo comparando los certamenes del año pasado que eran muchos mas faciles",,🚢 Casa Central
17/5/2025 22:24:29,"Me acuerdo haber leído una confe hace rato, bueno somos un grupo de amigos que hicimos algo mejor, juntamos esperma y lo pusimos en los jabones líquidos le tuvimos que echar maicena porque a los días se ponía muy líquido no se porque jajaaajajaj quise esperar porque si lo decía pronto lo iban a sacar pero bueno ya se lo acabaron jajajaja en vita somos mejor, atentamente los ingecos 🚬",,🏫 Vitacura
17/5/2025 22:28:05,"Tengo una teoría que he comprobado experimentalmente espero muy de corazón que alguien lo haga y me lo comente a través de otra confesión, es un postulado más que una teoría es un hecho, diría que una ley con esa seguridad planteó esto, tus peos pueden oler muy diferentes según si estas que te cagas o dependiendo de lo que comiste, pero si te haces autobombitas tienen un olor distinto que no cambia en el tiempo, creo sinceramente que podría ser algún tipo de simetría como las de nother. Atte: ing civil física
Pd: después de tener clases de filosofía mi mente se ha abierto y me siento más científico que nunca ",,🏛️ San Joaquín
17/5/2025 22:29:27,"A la persona de la 1352:
Si te quejas con tu centro de alumnos ellos pueden tratar de hacer algo
-Alguien de un centro de alumnos",,🏛️ San Joaquín
17/5/2025 23:26:27,Me da risa como los de piel color humilde se dan el tiempo de cambiar los emojis a los de su respectivo color,,🏫 Vitacura
17/5/2025 23:47:53,Antonia dejate de faltar a clases y estudia alguna wea sino mejor andate de la u si vas a puro webear,,🏫 Vitacura
18/5/2025 3:28:14,pan con semen,,🚢 Casa Central
18/5/2025 9:44:14,"Me gusta ver a la gente que tiene estilo propio para vestirse, tipo, en su vestimenta puedes cachar que tipo de cosas le gustan y creo que es mucho mejor a ser una npc, lo digo porque más de una vez he visto a la típica mina ropero paula que miran en menos casi como burla a las minas que se visten medio de otra onda más vanguardista (góticas, Otakus, streetwear)amikas, dos dedos de frente, la ropa es ropa. ",,🚢 Casa Central
18/5/2025 11:08:07,"WEON PQ LOS HOMBRES ESTÁN TAN PRINCESOS, SI LES GUSTA UNA MINA, INVÍTENLA A SALIR, NO BASTA CON HABLARLE DE VEZ EN CUANDO A VER SI CAE, LAS MINAS NOS ABURRIMOS SI EL WEON TIRA ONDA PERO NO HACE NADA PARA HACER ALGO AL RESPECTO Y NO PUEDEN ESPERAR QUE LA MINA TOME LA INICIATIVA PQ LES DA MIEDO A USTEDES WEON, SEAN HOMBRES E INVÍTENLAS A SALIR, NO SEAN AWEONAOS",,🚢 Casa Central
18/5/2025 13:39:28,"No suelo hacerlo pero escribi un poema inspirado por una chica de la u, es electrica y tiene el pelo liso negro hasta los hombros, y partido hacía los lados. Siento que no tiene sentido haberlo escrito si es que no lo lee ella... Debería simplemente darselo con un mensaje?... A las mujeres les gustaria recibir un poema, asi nadamas? O por ig, por ultimo, si lo tuviera 👀.",,🏛️ San Joaquín
18/5/2025 14:12:49,"hay un chico de ingeniería mecánica q está uffff tiene el los ojos verdes y es super narizón hay q rico, y se parece a davo xeneize es muy lindo me gustaría llegar a conocerlo ",,🚢 Casa Central
18/5/2025 14:35:54,Suban alguna wea via andan valiendo pico,,Chupenla
18/5/2025 15:05:08,tanto q se burlan de comercial y de nuestro campus pero es pura envidia porque saben que no van a terminar la carrera y nosotros forrados de plata wajajaja,,🏫 Vitacura
18/5/2025 15:45:48,Increíble como sersansano puede valer tanto pico. Puro que suben memes robados,,🏫 Vitacura
18/5/2025 16:30:16,El 1er csm que deje la caga en los nuevos baños del C se gana un combo en el hocico 🗣🗣,,🚢 Casa Central
18/5/2025 16:44:07,"Hay un mechón que no se como se llama ni q estudia pero lo vi en la ceremonia del 1er día, el wn es hermoso, es super alto, se viste re bien, siempre está con audífonos. Solo te quiero decir q te ves super simpático y q pases todos tus ramos pq tengo 0 oportunidad contigo 😞😞",,🚢 Casa Central
18/5/2025 16:48:18,"Oye q wea con el mechón de ambiental como q lo he visto siguiendo a mujeres de la carrera. Chiquillas si es así reportenlo nomas, no se queden calladas",,🚢 Casa Central
18/5/2025 16:59:15,"Soy el que escribió la wea del mechón de ambiental, se me olvidó mencionar que lo he visto afuera del baño de mujeres y algunas salen con cara de incomodidad (y con total razón) así q si de verdad pasa algo con el hablenle al jefe de carrera o no se pero no se queden calladas 🙏🙏",,🚢 Casa Central
18/5/2025 17:05:16,"A las minas le gustan los femboys?, busco una que me domine",,🏛️ San Joaquín
18/5/2025 18:09:49,me esforcé muchísimo para entrar a informática y ahora detesto la carrera XD,,🚢 Casa Central
18/5/2025 18:09:57,"Esto es un poco más para buscar apoyo en otra gente con experiencias similares, pero pasa que me he distanciado con el que fue mi grupo de amigos acá dentro de la u hasta el punto en el que ya no los siento como mis amigos sino como conocidos y eso ha llevado a que me sienta bien solo...
Alguien que haya pasado por eso porfa me compartiria su experiencia? Asi no me siento tan solo en esto.",,🚢 Casa Central
18/5/2025 18:15:07,Extraño a erraz...,,🚢 Casa Central
18/5/2025 18:26:36,Que todos sepan que Sersansano le roba los memes a la Atenea,,🏛️ San Joaquín
18/5/2025 18:34:01,Cabros siento que el semestre se va a terminar y el 80% de los que dan FIS111 van a terminar dándolo el segundo semestre igual porque es impresionante como nos hicieron mierda pal certamen 2,,🚢 Casa Central
18/5/2025 19:24:33,Los admin se conocen en persona?,,🏛️ San Joaquín
18/5/2025 19:49:03,A qué hora se pone interesante esta sede culiá fome  ,,🏖️ Viña del Mar
18/5/2025 19:49:16,Cabros es posible remontar un 20 en progra? Toy pa la caga,,🏛️ San Joaquín
18/5/2025 19:51:44,"Pa los que estaban el otro día al frente del M en el pasto. Amigo se que los moteles están caros pero igual se puede pagar, ta bien que anden con ganas pero no donde todos los ven.",,🏖️ Viña del Mar
18/5/2025 20:17:09,q hice mal looool no entiendo por qué me dejaste de hablar :'v ,,🚢 Casa Central
18/5/2025 20:30:57,"LP tareas culias largas, ni mi pixula es tan larga que lo que dura uno en hacer esas tareas aaaaaaaaa",,🏛️ San Joaquín
18/5/2025 20:33:38,"Sigo sin cachar como chucha funcionan los ramos coordinados, en 022 todo el mundo le esta tirando mierda a troncoso cuando se olvidan que en sj también existe otro coordinador",,🏛️ San Joaquín
18/5/2025 20:49:54,Como ayudante de un ramo que lata que vaya gente a puro webiar y no hacer nada. Si van a puro estar interrumpiendo no vayan nomas nadie los obliga 👍,,🚢 Casa Central
18/5/2025 21:00:56,Oye,,🏛️ San Joaquín
18/5/2025 21:01:07,No nada,,🏛️ San Joaquín
18/5/2025 21:11:11,"Hmno parecen cabrochico ardiendose por un repost
Mas encima los admins andan como las weas
Página qlia en decadencia ",,.
18/5/2025 21:22:07,"Hay un mechón de ojos verdes rubiecito de minería y metalurgia que me mueve el piso,,,,, ig plssss😩😩",,🏖️ Viña del Mar
18/5/2025 21:25:50,"Pal 1406, te pasó por veneco reconchetumarr, no bastaba con decirle al tostador qlio que inventamos nosotros como “tostador de arepas” veneco y la ctm wn",,Simplemente un sansano 
18/5/2025 21:43:36,Alguien sabe si el francisco faundez tiene polola o apunta para el otro lado?,,🏫 Vitacura
18/5/2025 22:27:33,"Estoy en un periodo raro, donde veo que el resto de mis compañeros muy enfocados en la carrera, se sobrexigen cuando no hay que hacerlo y siento que viven para ello... hay tantas cosas que hacer encuentro yo. No se si a mi se me hace más fácil, pero prefiero dedicarle tiempo a todo, poco a poco, a mis amigos, a la u, al deporte, a mi, a todo. Me es raro pensar que alguien le dedique tanto tiempo a la universidad y se les olvide vivir fuera de ella. La mayoria de mis compañeros son bestias en lo que hacen, pero se caen en la parte humana, los siento incompletos sin conversaciones profundas, con mucho vacio para llenar, los veo funcionales. Como un ingeniero mas no más, no como una persona valiosa, creativa y humana. ",,lerolero
18/5/2025 23:15:38,"casi a principio de año me fijé en un wn, e intente todo para llamar su atención pero nada resultó, el weon hasta me ignoraba y yo ahí seguía, hasta que poooorfin me di cuenta de que ya no 🙂‍↔️ y lo supere.
la cosa es que hace poco conocí a alguien y creo que las cosas pueden salir bien, pero este otro weon se enteró nose como y resulta que se enojó como si estuviera celoso?!? QUE WEA.",,🚢 Casa Central
18/5/2025 23:45:23,"Esta sede qla es tan tranquila, llena de gente amigable y sana con ganas de salir adelante y luego están los q viven en el departamento de electrónica que está lleno de gente muerta en vida, parece un cementerio la wea, pero peor aún está secretaría académica, puta que son pesadas y sarcásticas las secretarias csm, pareciera q les pagaran por ser apáticas, deberían echar a varias...",,🏖️ Viña del Mar
19/5/2025 0:05:53,Ayuden a pasar mate022 como van a entrar 16 ppts pa un certamen loko tengo cualquier miedo,,🏛️ San Joaquín
19/5/2025 0:12:40,"Me aburrieron las confesiones de creo que me gusta tal y no sé que hacer, la wea es simple dile la wea de frente y era, sí resulta bien, y si no bueno no, ya sabes lo que piensa la otra persona, tomate un tiempo e inténtalo con otra persona o sigue pa delante. Ya sé que es más fácil decirlo que hacerlo, pero aburre ver que no hacen nada al respecto aparte de subirlo a una pag de confes",,Wasaaa
19/5/2025 0:27:49,1480 no te da vergüenza que te vean el oyo del culo ? Es como que te gusta la degradación por eso te gusta corromper las relaciones de amistad hasta volverlas tóxicas ? Por qué eso es lo que terminarás haciendo con esa actitud ya que  eso no funciona ,,🚢 Casa Central
19/5/2025 0:41:25,"No sé ustedes pero noto una carga bastante pesada en el ambiente de fascismo y no hablo del fascismo tradicional que defienden pelmazos estúpidos como kast sino de un fascismo mucho más agresivo una especie de neofascismo recalcitrante el fascismo ya no es cosa de tíos borrachos ahora está pegando duro en la juventud es como una epidemia de estúpidos que creen en esa mierda de los recortes sociales y de que el pobre es Pobre por qué quiere ser pobre y quedarse pobre.  Hay que votar por un gobierno antifacista si te atiendes por Fonasa si tú abuelo ,padre,madre etc cobran pgu o peor aún si eres un perro esclavo y apatronado con dueño (jefe) y ganas un sueldo normal de mercado no le puedes defender el bolsillo a la derecha culia. La gente que es de derecha es una completa mierda tengo un tío que es de derecha y es la wea más cagada que puede haber para que vean el nivel de bajeza moral que tiene el fascismo todo para ellos es religión y teoría del libre mercado. Dios daba hasta más no poder pero tú eres un cagado de mierda y egoísta ahhh pero muy creyente 🙏",,🚢 Casa Central
19/5/2025 0:44:44,"15:06 apenas vuelva a la U voy a cagar en el lavamanos, aer q tanto",,🚢 Casa Central
19/5/2025 0:48:22,"1501 eso es acoso ,muchas minas sufren de ataques de ansiedad en situaciones donde un ctm les habla ,por qué está tan lleno de weones haciendo esa wea es bien molesto por si a caso. Anda a correrte una paja que se yo pero es incómodo cuando un wn se acerca y empieza a hablar por qué se notan las segundas intenciones ",,🚢 Casa Central
19/5/2025 0:56:53,"Hola... soy un pequeño femboy de informatica y quiero que sepan que estoy dispuesto a satisfacer cualquier fantasia que tengan, quiero a mi hombre de musculos masivos y mandibula cuadrada lo antes posible... o voy a cometer una locura.",,🌳 Concepción
19/5/2025 1:07:16,"Yo entiendo que la mayoria de aca son unos ineptos sociales y toda la wea, pero como chucha una fila de 10 weones pa comprar un super 8 se demora como media hora, abran su caga de hocico pa decirle su wea de rut a la tia ",,🏛️ San Joaquín
19/5/2025 1:27:22,"Pal de la 1514
Hmno, como alguien que te ve como a un ""igual"", puedo decirte que tení 2 opciones principales. Te adaptas para poder integrarte mejor, o aprendes a vivir así.
Si te adaptas, que sea de una forma que te acomode. Es posible, sí, pero tampoco es para que cambies toda tu forma de ser. No es para que te arrastres intentando mezclarte, vaya.
Si aprendes a vivir así, ten en cuenta que tendrás que desechar ese sentimiento de soledad. Quizá solventandolo con otra cosa. También es posible, sí, pero claro, la soledad es algo permanentemente presente que tendrás que aguantar.
Obviamente imagino que hay más que esas 2 opciones, pero esas eran las que yo ví en su momento. Digo que te veo como a un ""igual"" porque también me sentí así. Yo por ejemplo decidí aprender a vivir así. Estando bien yo, los demás son wns. No hablaba con nadie, o al menos no era yo el que iniciaba una interacción social y nunca intenté mantener una relación social mínimamente estable. Cada quien es diferente, pero para mí no ha sido problema. Así fue por 6 años. Si que he estado en círculos sociales, pero siempre me sentí reducido, como si no perteneces, pero estaba bien con eso. Me dejaban estar ahí y eso es todo. Últimamente estoy tratando de adaptarme pues creo que encontré un pequeño grupo que podría llegar a considerar amigos más que simples compañeros, pero eso.
No digo que te recluyad del resto, pero sí que no te arrastres por aferrarte a cualquier relación social.
Lo mismo y entendí mal tu situación y nos comparo erróneamente, pero bueno, creo que es bueno que sepas que hay más gente pasando por cosas similares a tu caso particular, para que te hagas a la idea que existe solución.
Ánimo hmno, no es mucho pero que sepai que tení todo mi apoyo",,"Atenea brava, justo como me gustan 🫦"
19/5/2025 1:28:47,"Csmmm en, soy el de la confe que dice que era pal de la 1514.
Me equivoqué, era pal de la 1512. Na q ver la otra xd",,A esta hora me pongo más wn de lo que ya soy
19/5/2025 1:51:57,"Estos weones gritones de la sala pasta creerán que uno dice las weas por webearlos? Hermano de vd corten su wea, recuerden que estamos en una comunidad donde hay que convivir con RESPETO Y EDUCACIÓN con el de al lado, weas que claramente no tienen ni por ustedes, nadie les está pidiendo que no hagan las weas que sea que hagan, solo que hay lugares y lugares para hacer las cosas, es asi de simple. Se nota que son unos cabros chicos sin respeto solo con las respuestas mierdas que dan a weas que al resto realmente les molesta. ",,🏛️ San Joaquín
19/5/2025 2:07:01,Que baño recomiendan para cagar cómodo?,,🏖️ Viña del Mar
19/5/2025 2:57:43,"comercial>>>>informatica, no leo lloros de wns que no se bañan 🤣🤣🤣",,🏫 Vitacura
19/5/2025 3:24:33,"Hace tiempo como que quiero conocer gente y no se como, ya sea para amistad algo mas o para loquear un rato nose, pero no tengo ni idea de como dar el paso la verda, siento que en la u tambien apenas se dan oportunidades para conocer gente fuera de un, oyee como te fue en x ramo?, tambien pese a que sea medio timido, no se si decir que me cuesta socializar, porque igual tengo varios amigos fuera de aqui (soy foraneo) pero aqui siento que lo unico que conozco de la gente de la u es su rendimiento academico en ves de como estan o que cosas les gusta hacer, tambien pensaba en conocer gente de fuera de la u pero ni idea de como, no se si habra gente en esta u que este igual que yo como para conocerse y charlar un rato o si de verdad el problema es la u y debiese ver la forma de conocer gente fuera.

Pero eso pls denme consejos",,🚢 Casa Central
19/5/2025 3:57:36,"Sólo vengo a pedir a los fumadores que vayan a las zonas transitorias para fumadores, o donde no transite gente porque de verdad molesta el olor, gracias :p",,🚢 Casa Central
19/5/2025 8:38:14,"Encuentran normal que teniendo pareja, tu pareja hable con sus amigos diciéndole te amo, lindo, piropos y que se joteen entre ellos, me pone demasiado incomoda, llevo 3 años pololeando y nunca ha cambiado eso, que debería hacer?",,🏛️ San Joaquín
19/5/2025 9:17:47,"La 1292 me pone en duda, porque hace tiempo mande contenido al Alphaks (como varios meses) y todavía no veo a mi amiguito (No es mucho, pero es trabajo honesto)",,🏛️ San Joaquín
19/5/2025 11:48:03,"Para la 15:18, si quieres remontar el primer paso es saber qué hay que aprender entonces ve los videos explicativos de YouTube y organizamos con los del ciac a que me refiero, por ejemplo si el primer video del ciac hacen ejercicios con materia que entra en los primeros tres videos bueno ves los primeros 3 videos, intentas resolver los ejercicios del ciac ( que probablemente no puedas a mi me pasó ) pero lo intentas luego ves como los resuelves y así sigues hasta terminarlo todo. A y quiero aclarar soy de civil fisica y con un amigo de telemática nos masturbamos mutuamente ósea nos prestamos mano y es súper lindo eso ojo no somos geys ",,🏛️ San Joaquín
19/5/2025 11:57:36,recomienden modelos de tablet,,🚢 Casa Central
19/5/2025 12:50:06,Dímelo en la cara po pájaron culiao andai como las mama haciendo confecciones esto para la 14:40 ,,🏫 Vitacura
19/5/2025 13:08:43,"qn de la sede hace musica, pa hacer un temita maton po",,🏖️ Viña del Mar
19/5/2025 13:24:34,"Soy ayudante de corrección de un ramo de progra y no sé si los estudiantes piensan que somos weones o que, ya van como 10 estudiantes que he pillado haciendo plagio  (en un certamen más encima) y me da una lata enorme esa wea de tener que avisarle al profe wn.",,🚢 Casa Central
19/5/2025 15:30:32,naaa el de la 1504 es flautista de nacimiento,,🏛️ San Joaquín
19/5/2025 16:12:53,"#1455 falto el de la biblioteca, esa wea esta en el top mas bajo de los bajos, hasta el del terminal de buses es mas decente que esa wea",,🚢 Casa Central
19/5/2025 17:01:59,"me gusta el francisco de metalurgica, el es cmo muy amable nse nknskkdk es cmo tiernito pero nse si hablarle u.u",,🚢 Casa Central
19/5/2025 18:39:56,pasen tips para superar a un h*tero 🙏,,🚢 Casa Central
19/5/2025 19:07:46,El ayudante de electricidad 🫦🫦🫦 hazme tuya ,,🏖️ Viña del Mar
19/5/2025 19:08:44,La mina flaquita de electricidad es hermosa😮‍💨 un agrado poder admirarla ,,🏖️ Viña del Mar
19/5/2025 19:50:24,"Alguien sabe como se llama el de la mochila de osito?, creo que es de comercial, es super tierna la mochila, será gay de casualidad 👉👈",,🏫 Vitacura
19/5/2025 21:17:14,sj chupenla meando 🗣️,,🏫 Vitacura
19/5/2025 21:32:56,"Ya pero, de verdad gente culea en los baños del k?",,🏛️ San Joaquín
19/5/2025 22:07:54,Duerman a los ingecos,,🏫 Vitacura
19/5/2025 22:10:41,"Que es el mish, no entiendo ayuda🧍(expliquen en los comentarios)",,🏛️ San Joaquín
19/5/2025 22:11:28,"Story time: me hablaba con una tipa por ig, me atraía caleta y creo que yo tmb a ella, pero no me daba la perso pa decirle que saliéramos, cuento corto, se chateó pq llevámamos 6 meses hablando y no pasaba na todavía, me bloqueó, después me desbloqueó, le pregunté q onda, y me dijo que ella esperaba que yo la invitara a salir, pero como no pasó prefirió no perder el tiempo con alguien quien al parecer solo quiere hablar con alguien por chat, y me dijo que me desbloqueó pa mantener la wena onda pero que ya no quería na conmigo porque en el tiempo que pude haberla invitado a salir conoció a otro wn y ya quería entrar a algo serio con el. Moraleja: si quieren demostrar interés, demuéstrenlo bien, aunque cueste la wea, inviten a salir, hagan algo, igual la tipa me pudo haber dicho a mi, pero weno, igual yo era el hombre en la relación y esperaba que yo fuera quien invitara así que quiza la cagué, no sé, siento que igual perdí una oportunidad, q no les pase a ustedes cabros. Fin.",,🚢 Casa Central
19/5/2025 22:32:23,"mat022 esta siendo un martirio este semestre, viendo los certamenes del año pasado era increible lo diferente que era la dificultad. ni si quiera se puede estudiar con esos certamenes por lo faciles que son. Troncoso discipulo de Tuma",,🚢 Casa Central
19/5/2025 23:21:12,"Hay una mechona que creo que es de informatica que la vi abriendo su celu y tenía un manga que me gustaba mucho (lo se soy muy virgo) tenía el pelo teñido como rubio por delante.
Solo quiero decirte que yo también soy fan de mairimashuta iruma Kun y si alguien tenía su ig sería bueno que me lo pase gracias",,🚢 Casa Central
19/5/2025 23:28:45,"Tengo un amigo que no le quiere hablar a la que le gusta, ya tuvo una oportunidad clarísima de hablarle pero no lo hizo, quiero ayudarlo a que no esté como yo (solito por el resto de su vida)  pero no lo quiero presionar, hermano atrévete a hablarle, tu puedes Man ",,🏛️ San Joaquín
20/5/2025 0:15:27,"pa los weones que se enojan solos y te dejan de seguir, hagan el favor de eliminar de seguidores también, que uno no es fan de ni un sacowea.",,🚢 Casa Central
20/5/2025 13:59:13,"HASTA CUANDO VAN A SEGUIR CON QUE MI CARRERA ES MEJOR QUE LA TUYA, parecen cabros culiaos tontos de 5to básico peleandose quien tiene la mejor mochila x la chucha. 
El valor de una persona no va en lo que estudia; va en lo que hace con su vida.
Cuanto te apuesto q la mayoría de wetas culiaos que se pelean por esa weá no saben cocinar, no limpian sus piezas, hacen con cuea deporte una vez a la semana, no se deben ni lavar las manos al salir del baño y creen que son mejor que el resto por romantizar el sufrimiento y se creen mejor k el resto solo porque lo que estudian es mas ""dificil"". Anda a saber tu porque eligió x carrera o esta u (pudo ser su sueño o su última opción) a la mayoría de los que están acá no les alcanzo pa la chile o pa la cato y lo dejaron como 3era opción y se refugian en la idea del dolor de que es difícil salir. 
Hermanito preocupate de ti, de crecer tu como persona, porque es bastante lamentable tener que minimizar al resto para validar tus propias decisiones y subirte el ego. Y lo digo pa ambos laos tanto como los soy mi propio jefe como los me eché el ramo tres veces tu no sabes que es dificultad 😭😭. Puros seres insoportables con una inteligencia emocional nula, pero que mas vas a esperar de un Sansano.",,todos
20/5/2025 14:46:54,Es más fácil ICQ en SJ?,,🚢 Casa Central
20/5/2025 16:53:08,Betty deja de ilusionarme 💔,,🏛️ San Joaquín
20/5/2025 20:22:41,"Necesito saber experiencia similares de personas que se hayan echado un ramo en primer año, es muy cuatico? He estudiado caleta para álgebra pero al momento del control se me olvida toda la wea y me va mal :( y no sé si la alcance a salvar a estás alturas.",,🏛️ San Joaquín
20/5/2025 22:50:58,"
／\￣ ＼
|　　　   )
＼  _＿ ノノ
　＼　 _ノ\
　　＼　ノ \
　　　＼ ノ \
　　　　＼ノ\／￣＼
　　　／￣＼ ＼＿／
　　　＼＿／",,🏖️ Viña del Mar
21/5/2025 4:41:14,"La otra vez había una niña de pelo castaño con falda que se veia súper bonita, parece que se llama javiera y va en segundo año de los industriales ¿Saben si tiene pololo que me dejaste flechado? ",,🏫 Vitacura
21/5/2025 10:49:37,Que te vaya mal en Mat070 y 060 = Skill Issue ,,🚢 Casa Central
21/5/2025 14:17:31,"Hay hombres tan hipócritas weon que se ponen a llorar diciendo que te aman para después terminar todo como si nada, como vas a mirar a la cara a alguien y llorarle en la cara tus sentimientos pa después irte como si nada de verdad hombres culiaos esta va pal futuro ingeniero en minas a quien le caiga el poncho qué se lo ponga ",,🏛️ San Joaquín
21/5/2025 16:32:06,Alguien para escuchar cueca? (nose tengo ganas de escuchar cueca),,🏖️ Viña del Mar
21/5/2025 17:19:51,"Ustedes creen que a un hombre que le gusten femboys pero que fuera de eso es 100% hetero, le llegue a gustar un hombre ""normal""?",,🚢 Casa Central
21/5/2025 17:26:49,Soy de la pucv sansanos chupenla ,,🚢 Casa Central
21/5/2025 19:30:43,"Hola gente hay una mina que es medio corte gótica, quiero puro hablarle pero me da cualquier wea porque siento que me va a mandar a la chucha altok. Hablé con ella una pura vez y fué porque me pidió permiso para pasar, a un amigo igual como que le gusta pero no sé cuál de los dos es más maricon pa la wea, la veo del cañón cuando entra al e y no sé cómo acercarme hermano, ma encima tiene tiene todo el corte de mina curomi y me da cualquier miedo porque ya saben lo que dicen de las góticas a parte de eso cacho que es mechona no ma ojalá no ande pololeando weon porque los sansanos le tenemos tanto miedo a las mujeres? deberían hacer talleres pa sacar perso",,🚢 Casa Central
21/5/2025 19:47:07,🧠❌,https://drive.google.com/open?id=1nMluxbE5LKSZq1wEMoEzebRAMLVYgsoJ,🚢 Casa Central
21/5/2025 21:55:55,Es requisito ser un ctm y hacer mierda a una persona que amas para desarrollar te como persona y estar en tu prime? Pregunto porque parece que si wn,,🏛️ San Joaquín
21/5/2025 22:08:07,"Eso de que las minas no tienen iniciativa es mentira, yo demostré mi interés por un chico y lamentablemente no fue recíproco Pero no me eché a morir por eso, a las mujeres también les pasa lo mismo que a ustedes chicos, si al final arriesgarse es un riesgo que decidimos tomar, y bueno, no todos salen ganando Pero que más da, prefiero pensar que en el futuro me voy a cagar de la risa cuando me acuerde de ese tipo de experiencias. 
No se rindan chicos y chicas, la persona correcta llegará a su debido tiempo, no apresuren ni desesperen, disfruten sanamente y tomen mucha awita, besos en el poto ",,🚢 Casa Central
21/5/2025 23:27:13,"Mi pareja está pesando más de 100 kilos y me está afectando. Lo conocí mucho más flaco, hacía deporte, tenía buen estado en general, pero ahora se nota la diferencia. Físicamente aún me atrae, pero siento que se está yendo esa atracción. Sé que me harán pico, pero me molesta profundamente que no se preocupe por su apariencia y no hablo sólo del peso, sino que ya no se corta el pelo ni menos se lo cuida, no se afeita, y con cuea se baña, lo cual lo hace ver sumamente descuidado. Además, su mal estado físico mató su líbido y cuando culeamos (cada dos meses) dura como 30 segundos y termina pal pico de cansado. Es algo que jamás podré conversar con él porque sé que le afectaría muchísimo, así que quería descargarme. Finalmente, mi pololo se transformó en un guatón informático.",,🏛️ San Joaquín
21/5/2025 23:28:13,"Me la jugué por la que me gustaba, la invite a salir (pagué todo yo como se debe) y después se arrepintió diciéndome ""Sabes, creo que no quiero arruinar nuestra amistad"".
Que paja mas grande wn (Más que nada pq me pitie casi 40 lucas)",,🏛️ San Joaquín
22/5/2025 0:06:54,"Tanto ingeniero por aquí y por allá, pero como les falta el lenguaje por la cresta. Que manera de redactar curriculums como las reverendas pelotas. Impartan un curso o algo!!!!!! ",,🏛️ San Joaquín
22/5/2025 5:54:06,garca de mierda chanta mentiroso forro hijo de puta que te pasa no te sube oxígeno al pico no podi pensar que tienes mierda en la cabeza hijo de re mil puta ,,🏛️ San Joaquín
22/5/2025 11:42:44,Joaquin de electriva me gustay date cuenta,,🚢 Casa Central
22/5/2025 12:14:23,"Siento q llevo algún tiempo volviendo a la depresión, y no solo por una cosa en particular, la verdad es q en cierto punto creo q soy muy estúpida pq pareciera q haga lo q haga siempre vuelvo a ella, y últimamente acá la U no me ha ayudado mucho, desde que entre este año pq soy de primer año, me han pasado tantas weas horribles tanto en mi vida personal como experiencia por la U, la verdad es q uno de mis mayores inseguridades es no llegar a q me quieran más allá de mi físico, y ya van dos veces q me suben a las confesiones y en las dos la terminan cagando mencionando algo sexual, y todos se dan cuenta q la gente me busca por eso y es horrible completamente pq yo no estoy interesada en eso, en persona en la U me tocó una situación netamente deplorable yo estaba en biblioteca en una mesa sola estudiando y un wn se me pone al frente y me hace señas para q me saque el audífono y me lo saco haber si me quiere decir algo y me pregunto si se podía sentar conmigo y habían más mesas vacías pero en el momento no lo juzgue solamente acepte y el me estaba intentando sacar plática y intenté ser amable hasta q en un momento me dijo y tú q talla eres? Y yo quedé en otra le dije de q? Pq de verdad me había perdido no sabía de q hablaba, y me dije de sostén es q a pesar de el poleron de nota q son bien grandes, no te duele la espalda? Ni siquiera le respondí algún insulto ni nd pq no es primera vez q vivo una situación asi a ser verdad, así q en silencio cerré el computador me acerque a su oído y le dije vete antes q te quiera golpear y yo empecé a guardar mis cosas y me fui, como puede ser q un wn de 4 año de carrera sea así se supone q deberían pensar un poquito más, no lo expongo por más q el mismo me dió sus datos para hacerlo, pq se q aunque lo haga la gente no cambia! A menos q Nazca de ellos, pero a parte he tenido muchísimas situaciones q siempre me llevan a lo mismo a la depresión, de verdad estuve muchísimo tiempo yendo a psicóloga estaba muy bien pero ahora nuevamente siento ese vacío en el pecho q es inllenable y q ni siquiera se q es lo q me hace falta para ser felíz,",,🚢 Casa Central
22/5/2025 15:06:39,"Algún dia el director de inf, jefe de carrera o quien sea hará un cambio en feria y c. Científica? He visto harto de contratar profesor@s, cambiar la malla y otras cosas necesarias, pero no tan solicitadas mientras no se abordan temas que se han dejado de lado por generaciones. A este punto siento que se esta dejando de lado por temor al cambio o conflictos entre colegas",,🏛️ San Joaquín
22/5/2025 15:28:13,"La volá fue así, el verano pasao conocí al Matías, un loco que estudia en cc, terrible piola al principio. Buena onda, buena conversa, la media conexión, y obvio, harto traka traka, el loco tenía su volá mística, pero igual me tenía pa la corneta.
La wea es que un día, justo antes de darle al mambo, el loco me sale con una volá más rara que la cresta, me dice: te podi vestir de azul y ponerte esta máscara de Sonic? yo quedé pa’l pico. Yo pensé que era una talla, pero no, el loco estaba terrible serio, ya po como una también es curiosa y estaba en la suya, dije “ya, filo, pa ver qué pasa”. La wea es que al otro día todo normal… pero a la semana me ghostea. Desapareció el sapo culiao ni un mensaje, ni un “gracias por prestarte pa la performance”.",,🏛️ San Joaquín
22/5/2025 20:00:21,me caen mal los venezolanos q opinan,,🚢 Casa Central
22/5/2025 21:27:04,"Muareira y la ctm hermano, el viejo qlo no sabe redactar, no sabe enseñar, hace las cosas que quiere.
Si se equivoca se la pela porque tú deberías saber hacerlo. Te saca adelante y te humilla frente a toda la clase con cada oportunidad que tiene. El ayudante tiene que pasar la materia como puede por que este viejo se supone que ya la vio (ni lo nombro)
Aparte la caga de ramo tiene requisito promediar arriba de 50 en los certamenes, claro po weon, copiando cualquiera 
Haganlo bolsa en la encuesta docente porfa",,🏫 Vitacura
23/5/2025 0:07:56,"Alguien que haya hecho el cambio desde CC a San Joaquin. ¿Que tal es? hay diferencia alguna para mejor o peor? y si es posible ¿que tal Telemática en SJ?? 
Estoy cansado de la V region, genuinamente me deprime vivir acá, cada vez me creo menos el cuento del prestigio de la CC , pero tengo toda mi vida acá.
Necesito esa señal que me haga dejar todo y cambiarme. 😢",,🚢 Casa Central
23/5/2025 13:42:53,Porque hay tanto weon cagao de la cabeza enfermo y con la realidad alterada acá wn ,,🏛️ San Joaquín
24/5/2025 0:52:38,yo escucho paro en sj??? cuando y donde,,🏛️ San Joaquín
24/5/2025 12:35:07,voy por ti mat021 🙏🙏,https://drive.google.com/open?id=1gJva5qImdsdtB8H-WAqOK49XOSGr9Nva,🚢 Casa Central
24/5/2025 13:24:49,Malla Nueva o Malla antigua?,,🏫 Vitacura
24/5/2025 15:07:00,"Estoy probando pelarme en Tinder y aunque no me considero un mal partido, no puedo evitar sentirme mal cada vez que dicen que buscan a alguien alto (mido 1.69) ",,🏛️ San Joaquín
24/5/2025 19:31:21,"La mayoria de informaticos en la cede de conce tienen TEA (incluyendome), no se si esto sea normal en otras cedes, espero no ser el unico 🙏",,🌳 Concepción
24/5/2025 19:56:53,Alguien de casa central que esté interesado en un grupo dance cover o idol de jpop? 😿 (Más que nada interesad@ en los de b-komachi),,🚢 Casa Central
24/5/2025 23:22:45,"Si volví después de un año congelado, pero me esta yendo igual de mal que la primera vez (posiblemente me eche el semestre) ¿cuantas veces puedo dar los ramos? O ¿tengo que tirar surrender nomas por dignidad? No sé que hacer, me siento super fracasado en la vida, y también ¿alguien sabe como pedir psicólogo en la u? En el sireb no cacho y las viejas de la ventanilla me dijeron que tenia que pedir por el sireb, pero a los psicólogos no les aparece las listas de disponibilidad como a las asistentes sociales ¿como lo hacen? ",,🏛️ San Joaquín
24/5/2025 23:49:54,"Odio no ser una persona neurotipica. Muchas veces, cuando hablo con mis amigos, no les entiendo varias cosas de las que dicen, y cuando yo abro la boca, ellos se quedan callados, como si yo acabara de arruinar la conversación. Toda mi vida me ha pasado esto, y he intentado cambiarlo, pero no sé cómo hacerlo. Odio la forma en la que me relaciono con los demás, odio la forma en la que mi cerebro piensa, odio mi forma de hablar, de reír, de moverme. Siento que todo de mí es raro.. una rareza que no me gusta. Me encantaría ser normal 
PD: Sé que la gente neuridivergente es normal, pero en esta confe uso el término ""normal"" refiriéndome a ""neurotípico""
",,🏛️ San Joaquín
25/5/2025 9:15:25,"Oye como le digo a una persona que se pasa todo el día conmigo que se consiga amigos porque ya mis otros amigos no se quieren juntar conmigo dado que siempre tiene que venir tal personita? 
De forma amable por su puesto :c 
",,🚢 Casa Central
25/5/2025 15:41:07,"loco falta algun reconocimiento a algunos profes de esta U, hay algunos que te quitan toda la gana de ir a clases y despues están estos otros que tienen hasta weones de otros paralelos disfrutando de lo buenos que son, hagan la lista de los profes bacanes y buenos, yo empiezo: Jorge Diaz de INF, Bastian Grez y Guillermo Gomez de FIS (sin esos profes mando a la chucha la carrera y la U, los tkm, subanle el sueldo)",,🏛️ San Joaquín
25/5/2025 20:48:12,oe hay vacaciones de invierno verdad?,,🏛️ San Joaquín
25/5/2025 21:06:23,"q los de sj vengan a Vita y armamos una batalla campal, que la mejor sede ganen, a ver si son tan vios",,🏫 Vitacura
25/5/2025 21:13:33,"los comerciales son puros wekos, todos se ven iguales, lo mismo informaticos ctm",,🏫 Vitacura
25/5/2025 21:56:00,Asamble general=paro?,,🏛️ San Joaquín
25/5/2025 21:57:53,Ya pero el ayudante de M021 (Dante Vargas 😍😍),,🏛️ San Joaquín
25/5/2025 22:15:29,"Primero: Lávense la raja INFORMÁTICOS CULIAOS EDIONDOS
Segundo: Cómo chucha no pueden mear bien flaites culiaos, ta bien que tenga la tula chica pero traten de mear adentro de la tasa wn voy al baño y ta too meao
Tercero: Meas rajas que entraron este año magnate 😈",,🏖️ Viña del Mar
25/5/2025 22:18:03, ,https://drive.google.com/open?id=1822_w98zDvOXt4MMpMYnfcyfBaUgiYDZ,🏛️ San Joaquín
25/5/2025 23:06:41,"Futuros sansanit@s, llevo varios meses trabajando como Ing. desde que me titule y confirmo que vale pico la dificultad de esta universidad. Mejoren las habilidades blandas y hablen bonito que con eso se gana plata 🤑",,🏛️ San Joaquín
25/5/2025 23:10:27,Quien pa escuchar a Lady Gaga juntos ,,🏖️ Viña del Mar
25/5/2025 23:22:22,"Hay un mechon mechon de industrial que es dms dms lindo es muy alto, es blanquito, usa pelo largo y castaño, y el otro día lo vi jugar ajedrez super concentrado y de vdd q quede como dms enganchada ",,🚢 Casa Central
25/5/2025 23:28:45,"Hay un waton qlo en álgebra que le pregunta puras weas al profe y no deja continuar la clase. CABRO QLO QUE EN TU CASA NO TE PRESTEN ATENCIÓN NO ES CULPA NUESTRA, CONGELA RÁPIDO ",,🏫 Vitacura
25/5/2025 23:33:33,"se hacen limpieza profunda a escrotos de cualquier tipo (negros, blancos, gruesos, flacidos,etc) cualquier interesado hablar al 
+56 9 3103 8717",,🚢 Casa Central
26/5/2025 0:01:16,"Pa la de la 1586
Primero, que paja la verdad esa situación con el wn. Puedo llegar a entender que se haya querido acercar porque le pareciste linda, iniciativa y la wea que querai, pero preguntar eso creo que no cuadra en ningún contexto. Mucho menos si de lo único que te conoce es que te hablo por unos minutos. Y para variar que sea de cuarto año la baja bastante también. Yo soy de segundo y me gusta la idea de resolver dudas que puedo resolver a los de primer año. No es mucho lo que sé, pero puedo resolver dudas que a mí me hubiera gustado que me resolvieran. Y que un wn de cuarto año sea así pta, sería fome que otros de años superiores quieran ayudar también y que les tengan miedo porque piensen que son como ese scw.
Segundo, aunque no soy el mejor para dar consejos en ningún ámbito que no sea académico o laboral en mi rubro, creo que puedo afirmar que es cosa de tiempo para que encuentres a alguien que se fije en algo más que tú físico. Por otra parte, puede que suene mal, pero hay que normalizar que se te juzgue por el físico si no te conocen, ya que, como no te conocen, es lo único que pueden ver. El físico atrae y la personalidad mantiene. A algunos no les gusta eso, pero es verdad. No digo que toleres situaciones como está o similares, pero a veces no es malo dar una oportunidad. Ya si la wea es pa sexo nada más, deja mucho que desear de la personalidad de esa persona, pero son weas que evalúas tu misma. Creo que se entiende el punto.
Y tercero, puxa, me gustaría decir algo como ""Ay, puedes contar conmigo, si quieres hablame y te escucharé y bla bla bla"" o ""Si quieres puedo ser tu amigo, no me interesa el físico y bla bla bla [...]"", pero, uno: no quiero que mi mensaje se opaque por qué parezca que tenga otra intención; y dos, no soy tan socialmente seguro de mi mismo como para querer acercarme a nadie. Además, me carga los wns que ""apoyan"" a personas en situaciones como estás solo para acercarse, por lo que intento no ser así para que no me comparen con esa clase de gente. A lo que voy es que creo que no está de más decir que espero sinceramente que encuentres a alguien que te vea por algo más que tú físico y que hay alguien que te apoya incondicionalmente. (Soy de otra sede así que no se qn xuxa eri, espero que eso le dé algo de credibilidad a esto)
[Está parte no es necesaria subirla] Perdón por lo largo de la confe pal que le toque subirla xd",,"Soy el que le gustan bravas, como se puso Atenea 🫦"
26/5/2025 0:05:14,"Para el de la 1599
Hmno te sugiero verte la confe 1537. Yo soy el que la escribió y confío en que tu situación cuadra lo suficientemente bien como para que esa te pueda servir.
No es mucho, pero espero que te sirva.
Ánimo hmno, si al final en esto cada quien está dónde debe de estar",,Ya mejor dejo de wear con lo de Atenea brava (🫦)
26/5/2025 0:52:35,"leí x ahí una confe de una mina que ya no le gusta su pololo pq se está dejando, y no pude dejar de sentirme identificada pq cada palabra que leí fue sentir un grito de ayuda, creo que nadie se despreocupa de uno mismo porque sí. Soy una persona en general sociable, no soy pesada aunque lo parezca, pero todo me está costando mil veces desde hace unos meses. Amo mi carrera pero no puedo dejar de sentir frustración. No sé como explicarle a la gente que cuando digo ""no me siento bien"" no me estoy refiriendo a algo temporal, me estoy refiriendo a que ya no puedo con la vida. Al menos en mi caso intento no dejarme estar, no soy fea, tampoco una barbie, pero no tengo idea si en un par de días la energía ya no me de ni siquiera para preocuparme de mi imagen. 
Mi vida se basa en la u y trabajar, hace poco le conté a mi tía una situación que me pasó en la u hace unos meses en los que le comenté a un profesor que no estaba faltando por que me daba lata ir sino que había faltado porque la situación que ocurrió me tenía muy mal y mi tía webeandome me dijo que era care raja. Chiquillos, actualmente estoy tan hundida que me duelen hasta los huesos, y ver que alguien a quien quiero minimice las cosas por las que estoy pasando me duele. A nadie le cuento como estoy porque no quiero ahogarlos con mis problemas, pero a veces todas esas cosas son gritos de ayuda. Yo sigo aferrada a creer que sacaré mi carrera, no soy mala estudiante,  pero no he podido dar mi 100% por falta de tiempo y eso me está matando cada día, más allá de eso, no sé que me mantiene aquí, cuiden a sus amix y cercanos, a veces un abrazo basta para saber que no estamos solos. 🫰🏻",,🏛️ San Joaquín
26/5/2025 1:53:53,Tengo sida,,🚢 Casa Central
26/5/2025 1:55:28,"Tutorial para espantar a un calistenico:
Carbos",,🚢 Casa Central
26/5/2025 1:56:03,Pastel de caca,,Sede mozambique
26/5/2025 1:56:37,Lit,,🚢 Casa Central
26/5/2025 2:01:33,"V={(elpepe,sexo,mierda)eR³| (x,y,z)+(w,q,e)=(x-w,y-q,z-e)}",,🚢 Casa Central
26/5/2025 2:02:01,✈️🏢🏢,,🚢 Casa Central
26/5/2025 2:02:15,🍗🍉🏀,,🚢 Casa Central
26/5/2025 2:03:16,🇵🇸>>>>>>>>>>>>>>>>>>>>>>🇮🇱,,🚢 Casa Central
26/5/2025 2:15:17,alo ig de los trompetistas d la orquesta 😿 vi a un weon super lindo,,🚢 Casa Central
26/5/2025 2:46:12,"Las micros de Valpo:
🚃
Las micros de Santiago: 
🚃🚃
La del Juan Escobar de Elo:
🚃🚃🚃🚃🚃🚃🚃🚃🚃🚃
",,🚢 Casa Central
26/5/2025 8:09:34,El grupo de mechones d mierda que se ponen a gritar en la mañana todos los días en la sala pasta ojalá se vayan luego son los mismos de siempre la mina cuica esa watona y la tracala de weones que la siguen son como 6 encima siempre hablan de cómo les va como el pene en todas la pruebas entre todos ellos no suman 80 de CI,,🏛️ San Joaquín
26/5/2025 8:21:02,"que opinan del cambio de carrera?, lo que pasa es q yo me quiero cambiar de carrera pero soy de primer año (quedé en mi segunda opción pero me dijeron q podía cambiarme una vez cursado un año), alguien que cache sobre esto porfa, como si te piden algo o cuando uno se tiene q inscribir pa cambiarse y así #ayuda",,🚢 Casa Central
26/5/2025 8:23:50,"Soy la de la confesión 1543 y la de varias más la verdad, efectivamente salí de ahí, este weon era un conchetumare en todas sus letras y jamás se va a dar cuenta de eso, gracias a dios salí de ahí ",,🏛️ San Joaquín
26/5/2025 8:31:04,Weon es increíble la capacidad de algunos weones para alterarse la realidad y no darse cuenta de lo enfermos que están de verdad jamás salgan con alguien que estudie ingeniería qué ganas de dar más detalle de verdad,,🏛️ San Joaquín
26/5/2025 8:54:42,Puta que quiero a mi pololo ,,🏛️ San Joaquín
26/5/2025 9:53:19,"Porque chucha se meten a una carrera para cuando toque trabajos en grupo no hagan ni una wea, acaso creen que uno está para regalar notas, que creen que uno está para weiar con otro porque no es capaz de usar sus neuronas para trabajar, si están para puro hacer nada y que le hagan todo a uno para que están estudiando ",,🏛️ San Joaquín
26/5/2025 11:24:27,"ns si es percepción mía o algo (cabe aclarar q soy de región) pero de vdd q el ambiente en Stgo es cmo super depresivo wn, sobretdo ahora anda cmo muy lúgubre la wea, solo hablando del clima y el ambiente en general, cmo q no dan ganas ni de salir a la calle, terminando el receso venía en bus llegando a stgo, y cmo q de repente cambió tda la wea entré a una burbuja tda depresiva y de soledad ns, necesito opiniones de los de región tmb y de los nativos de acá. ",,🏛️ San Joaquín
26/5/2025 11:26:33,"Cuchufli cuchuflai
__ ____ __ ___

*Solo los que toman micro en el reloj de flores entenderán*",,🏖️ Viña del Mar
26/5/2025 12:23:55,"15:69 hermano wn probablemente eri un cabro de a lo mucho 20 años tienes toda la vida la terminar la carrera, nadie te apura hazlo con calma ( a no ser que estes pagando xd) ",,🏛️ San Joaquín
26/5/2025 12:36:39,"Pq hay wnes q vienen al piso 6 de la biblioteca a hablar, tienen literal 5 pisos para hablar y vienen al 6 xd",,🚢 Casa Central
26/5/2025 13:12:11,"Soy telematico y hoy tuve la peor masturbacion de mi vida. Estaba yo sentado en el baño con mi miembro de fuera apreciando la soledad envolvente y veía fotos, vídeos, todo tipo de pornografia, pero nada excitaba a mi miembro, yo sé lo que mi pene quería, era ver a mi femboy de infomatica y lo empecé a regañar diciéndole: ""No hijo de puta, no ves que te haces daño"". Pero al final el ganó, mientras a mi pene le caían lágrimas en el glande, yo me masturbaba con los ojos cerrados pensando en mi informatico sumiso. Ya después de venirme me quede haí sentado un buen rato, sintiéndome miserable, admirando el semen que quedo mezclado con mis lágrimas.",,🏛️ San Joaquín
26/5/2025 13:40:00,BUSCO GÓTICAS CAGAS DE LA CABEZA ,,🚢 Casa Central
26/5/2025 14:01:27,"olii soy un femboy furry de informática en busca de otros femboys ingenieros para crear un grupo y hacer una orgía de ingenieros femboys furry.
interesados responder por aca o hablar a orgiaingfemboy@gmail.com",,🌳 Concepción
26/5/2025 14:11:42,ola busco a un femboy culon sumiso y inteligente que me complazca y yo lo complazca a el y que me ayude a pasar mis ramos si no es mucho pedir🙏🙏🙏,,🌳 Concepción
26/5/2025 14:16:41,"alguna gotica guitarrista que me toque canciones y me cante para quedarme dormido?
sufro de insomnio y desorden del sueño y mi rendimiento cada vez es peor...
si ademas me acaricia los pezones me haría muy feliz",,🚢 Casa Central
26/5/2025 15:00:46,"Para la 15:98 hermano si estás pagando la
U deja la carrera, en YouTube y almacén teni toda la info para estudiar los primeros 2 años de u por ti solo wn, deja de gastar plata estudia solo hasta que puedas resolver los certámenes antiguos sin problema, hasta entiendas y disfrutes las materias, hasta que cierres los ojos y puedas visualizar la materia de todos los semestres sin problema, si tienes menos de 25 aún estás demasiado joven para gastar tanta plata al peo feo foncjerumare te lo dice un weon de telemática que empezó a estudiar a los 24 y no tengo problemas y me masturbo y me echo el semen en la cara para mantenerme joven.",,🏛️ San Joaquín
26/5/2025 15:07:31,"El alto de pelo negro que estaba jugando ping pong el lunes de lluvia😍, quedé toda mojada y no fue por la lluvia. Alguien sabe su ig o si está dispo? ",,🏫 Vitacura
26/5/2025 16:47:04,"Súper simple chavales, en vez de decir anónimamente q tan solin solitos, digan ""hola soy yo el @..., toy medio solo, alguien q quiera hablar pa cachar gente??"" No sean weones, no le tengan miedo a la gente, se los digo con mucho cariño, saludos y mucho ánimo!!!! Tengan en mente q si no tienen conocidos en la u, no es pq sean un raritos (aunque puede ser), es pq no han dado con gente con la q conecten bien. Salgan a hablar con gente, saluden a las personas q vean seguido (de formas normales), re'pete pa q lo re'peten, no se frustren si aún no pasa nada, ya llegará el momento.
Saludos pa todos mi gente, mucha suerte en los estudios.
ATTE: un weon solo",,🚢 Casa Central
26/5/2025 17:43:10,puros aweonaos en la usm porfavor matense,,🚢 Casa Central
26/5/2025 18:10:16,Comenten cuantos años llevan en la u y cuantos les falta para terminar 💪,,🏛️ San Joaquín
26/5/2025 18:37:10,como cresta pasamos de ser los más piola a tener puro femboy,,🌳 Concepción
26/5/2025 19:26:59,"Estoy en primer semestre y ya reprobando mat070 trabajo y estudio y vivo super lejos de la uni, se que no es el ramo más complicado pero estoy cansado y me cuesta entender, mis compañeros son todos super mateos y me siento súper inferior a ellos, no se que hacer para enfocarme más, no logro administrar bien mi tiempo y ese ramo no lo logro entender, me da vergüenza pedir ayuda porque obvio siento que molesto y además no hablo con nadie, estoy acostumbrado a hacer todo solo pero ahora no sé qué hacer, hay certamen este viernes y por más que estudio siento que no estoy listo y que no me irá bien, estoy preocupado, no quiero reprobar y me exijo demasiado, tengo que ser bueno en todo, en el trabajo, en la u, y en la casa, ayudar y compartir con la familia, no salgo con amigos ni nada, mi día a día es la casa la uni y el trabajo, pero aún así no soy suficiente, es el único ramo que me está costando, se que a nadie le importa pero necesitaba un desahogo :c",,🚢 Casa Central
26/5/2025 19:33:22,Como van a haber minas tan lindas en CC la cago,,🚢 Casa Central
26/5/2025 20:01:14,15:31 q wea estay hablando conchetumare queri que te agarre a combo en locico hijo de la maraka traga sables mate 022 son puro saberse las fórmulas nomas wachoconchetumare soy de telematica y aquí somos todos wekos y amamos a los de informática y q wea así somos y al Diego gift me lo paso por los cocos porque uno le pidió 2 gift para una encuesta o algo así y el culiao le dio el meo color dime donde quería Diego gift y te saco la conchetumare guaton culiao asqueroso sin vida te meto toa mi integral en tus nalgas pasaas a raja ,,🏛️ San Joaquín
26/5/2025 20:06:50,"hoy (lunes) saliendo de la u estaba esperando a que se pusiera verde el semáforo y siento como se ponen cerca mío y era un chiquillo con un paraguas, le dije q no era necesario pero igual no lo quitó, me dio pena dps pq se desvió de su camino para que yo no me mojara pq yo iba al paradero y el al metro 🥺 muchas gracias amigo, no sé quien seas pero teni bonito corazón. escribo esto mientras veo lego batman, no sé, me acordé ",,🏛️ San Joaquín
26/5/2025 20:10:00,"Heracles se Que eres medio para no decir entero de weon, para que suben una confe si la censuran toda, de ultima la línea de censura un poco menos gruesa para alcanzar a leer algo. Pregunta, te da la pera publicar esta ? ",,🏛️ San Joaquín
26/5/2025 20:33:50,"Lo cierto es que no solo un ingeniero comercial paso el primer semestre sin repetir nada, sino también Atenea, Hermes, Heracles, el papá de Atenea, la mamá de Arenea, el primo de Atenea, el gato de Atenea, Iza@ac, el general Momazos Piazze, el director Don Fede, la señora Incógnita, el club ""USM anónimo"", el ejercito, la tropa FIS120, el Mish, el presidente Carlisho, la mimi, las sansanas del Cheerleading, función cuadrática, un perro del yo te cuido y un onigiri del pulpo... ¿Y sin salsa de soya, sansano?",,🏛️ San Joaquín
26/5/2025 20:40:59,Que rabia wn porque empiezan a seguir a minas altiro después de terminar irrespetuosos culiaos que rabia que rabia siempre fue igual a sus amigos de mierda xd,,🏛️ San Joaquín
26/5/2025 21:15:46,"Soy el de la 1581 (el pololo con mal estado físico) y al final hablé el tema con él lo más suave que pude. Me dijo que dejó de preocuparse por su físico porque yo tampoco me cuido mucho y creo que tiene razón, si también estoy guatón. Pero no me dijo nada sobre estar deprimido, aunque los comentarios me dejaron pensando bastante, y veré si hay algún patrón alarmante que pueda estar pasando por alto. Me arrepiento un poco de mandar eso porque fui bastante despectivo sin darme cuenta, así que gracias a los que comentaron. Pd: él no es de esta u, pero quizás le traspasé el efecto usm xd ",,🏛️ San Joaquín
26/5/2025 21:48:02,"En san juakin están de la. Perra los urinales, una ves en el 4to piso fui a mear y taba un profe alao en el urinal y tire la cadena y se subió el pichi y se meo toda la piernaxdd, disculpe caballero",,🏛️ San Joaquín
27/5/2025 0:09:43,"Los industriales de generaciones anteriores a la del 2025 se pueden cambiar de malla, el departamento de industrias dio a entender que si y que avisarian pero nunca mas dieron mas info",,🚢 Casa Central
27/5/2025 4:39:05,"La Javi de ingeniería biotecnología es tan linda, pero no me pesca ni en bajada 😔 yapo javi date cuenta que me pareces mas interesante que la chucha y ojalá me hablases más ",,🏖️ Viña del Mar
27/5/2025 5:59:07,#2YVLLVPRR pal que buscaba clan de clash of clans,,🏖️ Viña del Mar
27/5/2025 8:42:56,"Ya paren la wea de los estacionamientos un dia, tienen todo el semestre dando 13 estacionamientos para alumnos y ahora que hay espacio los weones abren el lunes. Ahora lo cierran para todos y de nuevo lo mismo que antes jKSKSKDDKDKD les quedó la raja !!! ",,🏛️ San Joaquín
27/5/2025 13:40:31,"Entonces, entendamos esto:
PUC es la Premier League y nosotros somos somos el campeonato chileno.
Si es así, entonces,
Ingenierías Civiles son la Primera A
Arquitectura, Licenciaturas son la Primera B
Ingenierías no Civiles son la Segunda
los técnicos son la Tercera
e Ingeniería Comercial son la Cuarta

¿Algún comentario?",,🏛️ San Joaquín
27/5/2025 14:40:13,"Como podi ser tan mala persona, llegar a pegarle a tu polola y hacer como si nada mas encima ni siquiera darte cuenta, que asco de hombre chiquillxs, agradece que no te denuncian porque es buena la weona pero ojalá te busques ayuda profesional porque la necesitas, el culiao estudia ing civil en minas 1er año, mi amiga sabe que hizo cosas malas tambien, igual lo tienes merecido, pero tu te pasaste",,🏛️ San Joaquín
27/5/2025 15:04:05,"Todos los urinales llenos de pendejos, pásense una tijerita de vez en cuando, pa que no anden repartiendo sus crespitos por todos lados.
",,🏛️ San Joaquín
27/5/2025 18:01:40,"Como la persona no va a captar las indirectas que le digo pa que nos juntemos, wn he dicho caleta pero no sé si no me quiere ver o de vdd no capta, mas vios pala wea xfa, si uno dice Tendria que verte para saber algo REPETIDAMENTE o ns algo por el estilo, es pa que nos juntemos ctmre ",,🚢 Casa Central
27/5/2025 18:24:53,quisiera saber si alguien me puede ayudar a poder ver o saber de experiencias de personas que hicieron el cambio desde la sede de viña a la casa central y que tal el tema de los aranceles,,🏖️ Viña del Mar
27/5/2025 20:41:04,"hay un niño que me gusta, vamos juntos en una ayudantía y no se como decírselo, más encima estamos en el mismo grupo y aaaa me gusta tanto!! no tengo su insta, solo su wsp y no se si me pescaría o no, ya no se que hacer, intento de llamar su atención pero no sé si funciona o si solo soy yo la tonta que se ilusiona con puras tonteras😞 ",,🚢 Casa Central
27/5/2025 21:32:28,"LA ANTONIA DE CIVIL FISICA ES TERRIBLE BORRACHA HMNO, LA WNA WENA PA TOMAR NO PARA, LO PEOR QUE LE VA BIEN A LA CTM, CONTACTENLA PA QUE DE TIPS PA SER BORRACHO Y APLICAO",,🚢 Casa Central
27/5/2025 21:42:50,"Cómo es posible estar tan enganchao por alguien que solo conoces por ig, que wea",,🚢 Casa Central
27/5/2025 22:15:41,Mat021 en plan:,https://drive.google.com/open?id=1L7DhOu1yatF0O1KHahwwnEnSxQg4TSKK,🚢 Casa Central
27/5/2025 22:25:37,puedo olvidar lo que pasó y ver que pasa contigo. también me gustaste y me arriesgaré a decir que nos imaginé en el sur bajo las estrellas. tengo ganas de saber de ti,,🚢 Casa Central
27/5/2025 23:09:50,"Quiero ayudar a mi amigo a conseguir polol@, ya que anda medio desesperado por ponerla, cualquier hoyo le sirve. Asì que si tiene a alguien que le caiga a lo que sea etiquetenlo plis, y podrà ayudar a este pobre sansano a debutar!! @digilidigilidoo 🥵🥵🥵🥵😳😳😳😳",,🏛️ San Joaquín
27/5/2025 23:31:17,Alguien juega DBL? porfavor diganme que si 😭,,🚢 Casa Central
27/5/2025 23:35:28,"Deberíamos juntarnos a rapear en la u, sus batallas de freestyle demás de acá nace el siguiente campeón nacional 🗣️🗣️🗣️",,🚢 Casa Central
28/5/2025 1:58:37,"Confe 1599, no sabes como te entiendo, ser neurodivergente y peor, que la gente no lo entienda, te desgarra el alma, hace poco tomé la decisión de dejar de hablar con todos mis amigos, me salí de los grupos, y he estado faltando a la universidad, me duele, pero siento que es la mejor decisión, estoy harto de que cada vez que me junto con gente tenga que jugar a un rompecabezas de ""es correcto lo que digo?"" ""Este es el orden de palabras correctas que diría una persona normal?"" ""Les estoy cayendo bien?"" Es horrible, pero siempre hay gente que te entenderá y esas son las personas que importan, aunque sean muy pocas, aferrate a ellas, te lo dice con mucho cariño un autista desentendido 🍀",,🚢 Casa Central
28/5/2025 2:23:35,"Al principio me daba risa ver las confesiones de gente poniendo weas terriblemente oscuras o íntimas sobre sus depresiones, estrés, porque era como, amigo, guardatelo para tí. Pero ahora pienso distinto, siento que esta universidad tiene el ambiente y condiciones perfectas para que el estrés, depresión, ansiedad y toda la penumbra del ser humano crezcan sin freno, mientras mas leo confesiones de como la gente se vuelve loca, mas me convenzo de que la universidad debe hacer algo al respecto, no son débiles, son humanos, y si necesitan ayuda yo siempre estaré apoyándolos desde el anonimato 🍀",,🚢 Casa Central
28/5/2025 9:08:25,"Cero vergüenza por lo ajeno conchetumare, como se puede ser tan cerdo para dejar los baños como están, realmente DESAGRADABLE, ya son gente lo suficientemente grande para andar dejando que les limpien el meado, aprendan a cuidar los espacios que se les están dando, es desagradable para cualquiera tener que andar viendo mierda de otro porque no tiran la cadena o no limpian lo que usan, lo otro, como tan cabro chico para andar haciendo tapones de papel en el hinodoro, seriedad porfavor.",,🏛️ San Joaquín
28/5/2025 11:16:26,"Quien para jugar jackbox 7? 
Para la gente interesada, solo se necesita el navegador 🤓",,🏛️ San Joaquín
28/5/2025 12:25:00,"Soy de icf y quería saber de quien es esta regla, quiero saber de quien es este mastodonte 🔥🔥
Digan en los cometarios y si quieres me das la posibilidad de ver la anaconda 👅👅😈",https://drive.google.com/open?id=1icQYnbrC8rIjZWzOgROghC2trbxl_Oul,🚢 Casa Central
28/5/2025 13:51:42,Alguien que explica que es el Vtr de lo que tanto están hablando? ,,🏛️ San Joaquín
28/5/2025 14:19:36,puro odio al peo entre los campus despues porq nos hacen cagar las otras u,,🏫 Vitacura
28/5/2025 14:35:36,"baneen al profe de IWI131, está en la pasta",,🏛️ San Joaquín
28/5/2025 14:57:31,Se imaginan Diego gifs es de los admin? 🤔,,🚢 Casa Central
28/5/2025 16:47:09,"Como puedes ser tan mala persona de pegarle y sacarle la cresta a tu polola y hacer como si nada weon date cuenta agradece que no te denuncia porque la weona es buena pero debería, el weon va en 1ro de ingeniería civil en minas que rabia por la xuxa",,🏛️ San Joaquín
28/5/2025 17:00:16,¿Alguien sabe que chucha hacer para q no me llamen de spam? Todo el dia llamandome de weas distintas por la re csm me voy a volver loco wn lo juro,,🏖️ Viña del Mar
28/5/2025 17:40:52,Terminé con mi pololo y no me llega la regla que hago,,🏛️ San Joaquín
28/5/2025 17:46:10,"Hoy estaba en el piso 1 de la biblioteca con una amiga en los sillones y de la nada vienen 2 weones y se sientan en el mismo lugar al frente de nosotros, luego se le terminaron sumando 2 weones más, más encima nisiquiera preguntaron si podían sentarse allí, locos falta de respeto won",,🚢 Casa Central
28/5/2025 18:06:17,Alguien que se pase el cahuin de que paso en patio central el martes 13 en el bloque libre 🗣,,🚢 Casa Central
28/5/2025 18:17:57,"Por favor que los franceses que vienen de intercambio se bañen de vez en cuando. El estereotipo es real, huelen horrible. 🤢🤢

S'il vous plaît, les étudiants d'échange français devraient prendre un bain de temps en temps. Le stéréotype est réel, ils sentent horrible. 🤢🤢",,🚢 Casa Central
28/5/2025 19:01:16,"Me paso por el remil pico a todos los weones de arquitectura son todos amanerados, ojalá fueran femboyz pero no! Estoy arto hueon me boy a ir a vitacura los ingeco tienen más pinta de fletos",,🏛️ San Joaquín
28/5/2025 19:05:21,Jajaj para la confe 1641 creo que se quien eres hjahajhaj y supuestamente Teni polola pero sabes que yo también soy teleweko y masturbo hombres con las nalgas por siaca y soy mejor que cualquier perra informática ,,🏛️ San Joaquín
28/5/2025 19:20:14,"para su tranquilidad hay gente de comercial a la que no nos complica no ser una ingeniería (la economía es una ciencia social), que no odiamos a todo el mundo y que respetamos las otras carreras y no nos creemos dioses ",,🏫 Vitacura
28/5/2025 19:38:09,"Habia una niña y congeló, bueno no se si congeló , si alguien sab si congeló, diganlo porf",,🏖️ Viña del Mar
28/5/2025 19:40:20,"Yo insisto, usm.incognito consiste en 7 IAs inventando confesiones para darle drama a la vida universitaria y el ocasional mechón caliente

Change my mind.",,u ese eme 
28/5/2025 19:45:35,1577 No te acerques a ella,,🚢 Casa Central
28/5/2025 20:22:09,"Necesito ayuda y por eso llegué aquí.
Hace unos pocos meses de la nada a mis auriculares les empezó a dar un pitido pero solo en el parlante izquierda pero lo extraño es que aveces se va si muevo el switch de encendido nuevamente si están encendidos o si apagó la cancelación de ruido he incluso si se apaga la luz roja de los auriculares pero es más suerte que una constante. Así que estoy desesperado por un dato de alguien que sepa arreglar auriculares y que sea confiable por Valpo o viña, son unos JBL Quantum 910. Porfa cabros que estos weones me dan vida😭.
",,🚢 Casa Central
28/5/2025 20:58:19,qn tiene stickers de monas chinas así bien cochinos pa pegarle a mi ds 🗣️,,🏖️ Viña del Mar
28/5/2025 21:13:04,"Me gusta mucho la ayudante de Análisis numero mat270 se llama vale, lo único q se",,🏛️ San Joaquín
28/5/2025 21:21:54,"Respuesta a la Confesión #1653: Amiga, está agregando gente en una red social, ni que te lo hubieras topado en Tinder al día siguiente o algo así XDDDD.
Además, cada quién vive sus duelos como quiere (o puede).
Si justo después de terminar está agregando mujeres, probablemente es que nunca tuvo la libertad de hablar con ninguna otra mujer cuando estaban juntos, ya sea por celos tuyos o porque alguien que le metió la idea de que si tiene polola no puede tener amigas mujeres.",,🏛️ San Joaquín
28/5/2025 21:24:39,una vez un loco que se llama ignacio bustamante de udd me toco el poto en la micro,,🏫 Vitacura
28/5/2025 21:26:04,"hay una mina en SJ q es preciosa... y yo creo q todos la cachan pq tiene el pelo muy azúl, como hasta el hombro, creo q estudia civil pq estaba parada junto a la gente que estaba administrando el centro de alumnos en lamparas, de casualidad alguien sabe🥺 me da miedo preguntar porque lo he hecho dos veces con minas en el metro y las dos me han rechazado xd",,🏛️ San Joaquín
28/5/2025 21:45:33,"quería desahogarme un poco de que me tiene harta q se me confiesen muchos hombres pero ninguna mujer😔😔, ya estamos en el 2025 chicas si les interesa una tipa díganselo, lo único que me interesa es que le guste a una ",,🏛️ San Joaquín
28/5/2025 21:48:37,"El martes fui a cagar a los baños que tienen de estos wc personales y cuando estaba cagando entraron dos weones a la parte de los lavamanos, uno de ellos entro a mear a otro de los wc personales y el amigo ctm no se le ocurrio nada mejor que ponerse a apagar y prender la luz (pq se apaga la luz en todo el baño) pa despues dejarla apagada, pa que despues de gritarle prende la luz aweonao culiao la dejara prendida.

Moraleja de la historia: una puteada siempre hace que la gente entienda mas rapido ;)",,🏛️ San Joaquín
28/5/2025 22:04:28,"(Contexto: mechon q se eximio de fis100 y esta dando 110 (fis111))
si apruebo 110, puedo tomar alguna fisica el siguiente semestre? Cual? O debo aprobar mate 2 primero? si se puede recomiendarian hacerlo?
",,🚢 Casa Central
28/5/2025 22:20:06,"les pido PORFAVOR a todos los wnes que van a la sala pasta en el primer bloque, BAÑENSE!!! me tienen chato, entro y es un aire DENSO que da nauseas, si no se va a bañar vaya a fermentar a un lugar ventilado y no nos haga sufrir a todos con sus malas elecciones de vida, hay gente que solo quiere dormir un rato sin olor a pata.",,🏛️ San Joaquín
28/5/2025 22:23:54,"Cuando vamos como universidad condenar los actos de de genocidio de del estado ficticio sobre los palestinos, hay que alzar la voz o les cortaron el prepucio?",,🚢 Casa Central
28/5/2025 22:45:42,Odio y detesto con toda mi alma que las encuestas docentes no sean anónimas. Los profes malos siguen haciendo sus ramos de forma mala y no puedes decir nada porque te agarran mala al siguiente ramo que te toca con ese profe. USM tu sistema vale corneta,,🏛️ San Joaquín
28/5/2025 22:50:55,"Oye que onda los almuerzos del casino, acaso cocinan con las patas , se que por 3 Lucas no se puede pedir una lesera 5 estrellas, pero tampoco es la idea que por culpa de  ese almuerzo de mierda tengas que hacer un certamen a las 5 de la tarde con la tremenda patada en la guata . Si bien algunas comidas que han servido si se ven apetitosas y saben bien, después el estómago sufre de todas formas (lo que si , los postres son la única lesera que nunca falla )",,🏛️ San Joaquín
28/5/2025 23:24:38,Me siento mal profe lléveme al l’hopital,,🏛️ San Joaquín
28/5/2025 23:59:20,Me gusta la Carol Puga T. pero me da cosa hablarle ,,🌳 Concepción
29/5/2025 0:10:55,"Creen que por ser telamatico soy gay? Están en lo correcto, hoy entré a clases de puros informaticos y me comencé a calentar. No pude y terminé masturbándome al ver compañeros con piel blanca y usando lentes.
Ya basta! Solo quiero acabar en sus bocas y orinar sobre ellos, y decirles ""Tu código está mal perra, sigue programando en python pequeña excoria informatica ignorante"" y meter mi miembron con todas mis fuerzas hasta que llore.
Alguien más tiene estas fantasias? ",,🏛️ San Joaquín
29/5/2025 0:15:47,"Alguien dígale a la parejita que estaba hoy en el casino que la wea no es motel, que por último búsquense una sala no sé 💀",,🏫 Vitacura
29/5/2025 0:22:37,"Pa la confe 16 53, que alegai que empezo a seguir minas despues de terminar, ustedes estando en relacion siguen a wns para cuando terminan ir al toke, el cabro por lo menos lo hizo dps de terminar no durante como otras ",,🚢 Casa Central
29/5/2025 0:32:04,"¿Has oído de la ballena más solitaria del mundo? 
Las ballenas cantan, ¿Sabes? se cantan entre sí.
Y sus canciones suenan como a 160MHz,
alrededor de ese rango.
Pero hay una ballena que canta como a 50MHz, nadie sabe por qué.
Pero ninguna de las otras ballenas pueden escucharla, así que solo va por ahí cantando, y las otras ni siquiera saben que existe.
",,El borde del acantilado.
29/5/2025 0:39:12," Alguien tendrá mano de popper? Por el amor de Dios, para esta pobre alma necesitada. La U me tiene mal",,🏛️ San Joaquín
29/5/2025 2:07:48,yapo alphaks1 sube mi fotito ☹️,,🏛️ San Joaquín
29/5/2025 4:34:22,hay fe o no hay fe?,https://drive.google.com/open?id=1-YMr8yOrHjvaW1kApWro9QWcUsKg8fl0,🚢 Casa Central
29/5/2025 7:07:33,Consejos para combatir el insomnio? Eh estado 3 dias seguidos con problemas para dormir y no quiero depender de la melatonina,,🏛️ San Joaquín
29/5/2025 8:04:58,"qué es más factible en esta u, conseguir pololo siendo mujer hetero? conseguir polola siendo hombre hetero? o conseguir un femboy informático siendo un telemático?",,🏛️ San Joaquín
29/5/2025 12:41:04,"vivo en constante sufrimiento por ser de vitacura y ver cmo los de la sede se humillan en las confesiones cada 3 segundos, quedense piola nomas plis",,🏫 Vitacura
29/5/2025 12:45:25,"En la sede conce hicieron un insta de confes (duro 3 dias xD) le cerraron la cuenta parece que por unas volas de TEAS, no se realmente, quien sepa que lo diga pa saberl chisme completo",,🌳 Concepción
29/5/2025 12:54:08,Manden el grupo horny Usm 🙏,,🏖️ Viña del Mar
29/5/2025 13:58:36,GASTÓN MORENOO QUE PROFE DE MIERDA QUE ERES…. CAGASTE A TODA LA GENTE DE 3 FÍSICAS DISTINTAS ,,🏫 Vitacura
29/5/2025 14:03:20,Para la confe 16:12 el mechoncito de industrial es @imxrtnn,,🚢 Casa Central
29/5/2025 16:10:41,"Un wn de cons.civil, se caga a su polola que estudia en Santiago, en fin, mechones.
PD: la wna con quién se la caga es de la misma carrera...XD",,🚢 Casa Central
29/5/2025 17:31:23,"Confieso que me estoy piteando mate10 y necesito como dos 100 pa salvar la weaa😢

Pd= pasen dato de algún profe 😞",,🚢 Casa Central
29/5/2025 17:49:12,"Wnnn hoy Jueves 29 me acaba de flechar una chica que estaba en el cuarto piso de la biblioteca con un sueter morado y unas zapatillas como doradas(?), flaca reportate te juro que me la re juego por vosss",,🚢 Casa Central
29/5/2025 18:10:40,"Ola, acá una mechona. Solo quería desahogarme y puede que suene medio weon. Hace como 3 meses termine una relación de 2 años. Me dejó como las weas, incluso me enteré de muchas cosas malas que hizo esa persona a mis espaldas, me dejo mal con sus amigos, diciendo weas cómo que el amor y el sexo no le iban a faltar, que conseguir una relación para el era cosa facil, y encima el aweonaito me andaba buscando después de terminarme para puro tirarme la chacota(quería desahogarse conmigo de su mrd, intento volver conmigo, busco excusas para mantener contacto.. en fin, puras weas). Para rematar, me terminó justo para entrar a la u. Estoy con un cansancio emocional terrible, ni siquiera puedo estudiar bien y no se muy bien que puedo hacer. Me estoy echando álgebra y me siento super impotente, porque se que soy capaz, pero mi cuerpo no hace nada, no se mueve. Sobrellevar una relación toxica(me di cuenta que me manipuló de una manera súper cuatica, por suerte me pude alejar) mientras estaba en la mierda(también se murió mi gatita, 12 años con ella, aún siento culpa por no poder acompañarla en sus últimos momentos) me desgasto de tal manera que estoy al borde de querer congelar la carrera. Puedo notar como lentamente me estoy hundiendo de nuevo, refungiandome en mi mente otra vez, cuando pensé que había avanzado tanto.

Enfin, eso era nomás, solo quería soltarlo en alguna parte. Gracias x leer.",,🏛️ San Joaquín
29/5/2025 18:25:01,Busco polola yandere que me amenaze de muerte si le hablo a otra mujer ,,🌳 Concepción
29/5/2025 18:59:22,armemos una barra para animar al equipo de futbol 😎,,🏖️ Viña del Mar
29/5/2025 20:45:14,Es mi idea o sólo habla gente de la CC?,,🏖️ Viña del Mar
29/5/2025 20:54:00,El que advierte no traiciona.,https://drive.google.com/open?id=14wy879pZqlP2PBBZbh4B9263PaAalZ_j,🏖️ Viña del Mar
29/5/2025 23:17:09,Confirmen si también en otras carreras la mayoría de profes a partir de 3er año se vuelven alérgicos a las pizarras y usan pura ppt 🫠,,🏛️ San Joaquín
30/5/2025 0:51:30,"Hay una mechona de ingecom preciosa que al devolver la mirada ns si quiere decir ""dejame piola ktm"" o si real algo pasa ahí aajdjshd",,🏫 Vitacura
30/5/2025 6:15:59,"Loco nunca vuelvan con su ex (menos si está con la regla o cualquiera de sus weas raras) me dijo todo lo que quería escuchar y me hizo hacerme pasar por su pololo otra vez, culiamos los 3 días me decía lo mucho que me extraño y ama para el tercer día me diga que está confusa y me gosthee. No le crean a una mujer cuando anda con la regla porque te quieren meter la vagina y ya",,🏖️ Viña del Mar
30/5/2025 13:08:11,"Mi pareja me contagió hdmi, cuidado es de la sede de viña la maraka esa",,🏖️ Viña del Mar
30/5/2025 17:53:51,Daniel Albornoz coordinador ql,,🏛️ San Joaquín
30/5/2025 20:19:34,"Busco góticas pelo azul, rojo o negro. Sin sorpresa. 
Tengo tatuajes
",,🏛️ San Joaquín
30/5/2025 20:22:11,"Me gusta el rock y Death Note 
Por ti voy al miniso y te compro la tienda (me baño) 
Avísame, las borro a todos (preferentemente góticas que haga ejercicio) ",,🏛️ San Joaquín
31/5/2025 12:25:03,Que va a pasar con las confesiones que faltan?,,A
31/5/2025 18:01:44,Hay mercadito negro en la U SJ? Quién se pasa el link para la pobre sansana 😔,,🏛️ San Joaquín
31/5/2025 20:16:23,"El sofá del nurys no es cama de motel gente, hay lugares mas piola para comerse ",,🚢 Casa Central
31/5/2025 20:20:19,"Para la mina de Ing civil que fue con un poleron del 29, que sepa que está entera rika",,🚢 Casa Central
31/5/2025 23:06:57,"alguien que haya estudiado o esté estudiando ingeniería en contruccion, con licenciatura en ingeniería? necesito hacerle unas preguntas😔",,mish
1/6/2025 12:23:26,"Ayer estaba con mis amigos y me di cuenta lo mucho que extraño tener a mi mujer, extraño ser pololo y abrazar y besarla cuando quiera, ahora toi solo tratando de mejorar pero es inevitable querer a mi niña devuelta;(",,🏛️ San Joaquín
1/6/2025 15:14:58,El Aníbal de taekwondo está entero rico 🗣️,,🏛️ San Joaquín
1/6/2025 15:22:07,Suelten el ig de Alonso de mecánica,,🏛️ San Joaquín
1/6/2025 16:37:46,"soy trans 🏳️‍⚧️ y soy bonita, entonces no se dan cuenta los hombres y hartos se me acercan, y ya a los días cuando les cuento después me dejan 😞 ni de morbosos me quieren jkajdjajj y eso que no se me nota",,🏫 Vitacura
1/6/2025 17:32:18,"La alta de pelo negro que estaba jugando ping pong el lunes de la lluvia 😍, quedé todo mojado y no fue por la lluvia 🫦. Alguien tiene su ig o sabe si esta disponible?",,🏫 Vitacura
1/6/2025 21:06:07,Q pasó con el wn que contaba las confes? xdd,,🏛️ San Joaquín
1/6/2025 21:08:54,sigue dispo la niña que hacia cachitas en sj?,,🏫 Vitacura
1/6/2025 23:32:46,"estabamos viendo la final de la champions en la sala pasta, y de la nada llegó una pareja e hicieron camita con 2 sillones y se pusieron a culear ahí mismo JDJDKFJSKSKSK por lo menos en un lugar mas piola o en la casa, pero no en frente de otras personas y menos siendo tan evidente ",,🏛️ San Joaquín
2/6/2025 9:20:03,"Estoy pa la caga en 2 ramos, botó1 o doy mi 500% pa pasarlos?",,🏛️ San Joaquín
2/6/2025 13:36:33,"en verdad no entiendo lo ""dolido"" de ahora, exagero pero me demostraste eso. ni te disculpaste por dejarme en visto, fuiste directo a preguntar ""lo que importaba"" no?
creo que viste las cosas negativas y ya.
nunca te quise hacer sentir mal",,🚢 Casa Central
2/6/2025 13:38:12,"necesito saber el ig del loquito q jugaba d 5 y 15 d la seleccion balonmano d la u q jugo como en octubre del semestre pasado, d lo q m acuerdo es q era muy lindo y tenia un tatuaje en el antebrazo y usaba lentes parece y tenia el pelo castaño claro medio",,🏖️ Viña del Mar
2/6/2025 14:30:40,"Otra vez para casa central buscamos a alguien interesado en un grupo idol de b-komachi, solo nos falta una hoshino ruby 😿 para quien quiera ser parte ",,🚢 Casa Central
2/6/2025 14:38:54,Ahí una tipa súper linda que asiste a mentoría de MAT060,,🏛️ San Joaquín
2/6/2025 16:10:29,Por qué hay tantos sansanos con pareja ahora? No que esta era la Universidad Terrible Fome Sin Minas y que los sansanos no le hablan a las mujeres?,,🏛️ San Joaquín
2/6/2025 16:30:32,mechonas con tula al DM,,🌳 Concepción
2/6/2025 18:05:52,"Ojalá echen a los flaites que se pelearon el lunes del 02/06, siempre se pasan agarrando a golpes ya parece excusa pa manosearse los monos esos, el mismo grupo neandertal que deben tener maximo 18 añitos recién cumplidos.",,🏖️ Viña del Mar
2/6/2025 18:32:36,"entré este año a la u y ya me dieron un trabajo grupal. no me gusta como está mi grupo, no nos conociamos. podrían hablar más, comunicarse mejor.
no sé por qué me ignoran, no solo a mi. hay cosas que ha dicho otra compañera y simplemente no responden. tmb otro compañero y solo hablan encima.
me da lata. me estresa trabajar así.
me cayeron bien pero como se están dando las cosas está raro.
me gustaría mucho que se esforzaran por tener una buena comunicación así como lo hago yo. no sé si les caí mal o algo :( pero ya vi que es en general solo que ahora si pienso que tal vez a mi me ignoran mas por caerles mal. la otra vez iba bajando por un lugar y una niña del grupo solo pasó, no sé si me vio pero no me di cuenta que era ella hasta toparmela mas abajo y ahí la saludé.
quiero caerles bien T_T hice algo mal? no hay razones para haberles caido mal mas que edtar bien timida esa vez que nos conocimos(no nos hemos juntado luego de eso)
siento que yo soy super consciente de que siempre trato de no pasar a llevar a nadie pero creo que hay personas que simplemente no están ni ahí con nadie, 0 empatía con el que es mas timido. a mi me cuesta la parte social, ultimamente me siento bien autista muchas veces y me ha costado hablar tmb.
quizas no fui timida porque si hablé pero si me sentí incómoda, como con ansiedad social, sentía mi cara caliente pero igual me esfuerzo y le hablo a todos, no siento que haya hecho nada mal ahora :(. ese día despues nadie se preocupó como de despedirse bien tampoco.",,prefiero no decir campus :(
2/6/2025 20:54:06,Sonic sapeo la cuenta,,🏛️ San Joaquín
2/6/2025 21:17:49,"Vale la pena una persona que constantemente esté pidiendo perdón por sus acciones? Llevo tiempo así con mi pareja pero siempre se esfuerza en mi perdón para terminar siempre actuando igual, lx amo pero me promete el mundo para después dejarme asi:( que hago cabros de verdad es bonito su esfuerzo sin embargo siempre vuelve a lo mismo y siemore perdono pero me vuelven a dañar",,🏛️ San Joaquín
2/6/2025 21:22:05,"Alguien me puede decir si conoce algún lugar para ir a botar plásticos, hablo de un centro de reciclaje o algo así... Se los agradecería mucho ",,🚢 Casa Central
3/6/2025 2:51:59,"Soy la persona de la 1351, fue lindo ver apoyo de varias personas, al final hice caso con lo de ver una psicóloga en la uni y sinceramente, la experiencia más mierda de la vida, al final me terminó tratando de que por poco estaba loca solo por ciertos síntomas del autismo (como crisis por ciertas cosas de la vida diaria y la socialización) y de una decir que necesitaba medicación (imposible eso con una sesión de 20 min explicando que problemas tenía con la uni, que onda?) para que al final me dijera que la próxima hora es en agosto, me hace dudar mucho de la calidad de ayuda que da la uni y estoy segura de que más personas tuvieron problemas parecidos. Por lo que reflexioné que es mejor no forzar las cosas y si todo está muy mal mejor tomar un descanso, independiente de las presiones familiares y económicas de que como demonios voy a pagar la uni atrasandome cuando se quite la gratuidad, es preferible cuidar la salud mental, que las opiniones no importen, siempre vale más mi vida que todo y espero que si alguien más está pasando por lo mismo, no se rinda.",,🏛️ San Joaquín
3/6/2025 10:19:00,"Pa los weonsitos que van a puro comerse a los sillones del piso 1 de la biblio, hay mil lugares pa meter lengua y deo q no sean los destinados A ESTUDIAR así que dos neuronas porfa pq con q una funcione se dan cuenta ",,🚢 Casa Central
3/6/2025 11:09:06,"La cabras de ambiental, son las más lindas de CC, no hay duda😍",,🚢 Casa Central
3/6/2025 11:17:35,"Qué pasa si en el primer semestre me echo MAT060 (Se que es una de las mates más básica por no decir la más básica) pero que podría pasar si tengo gratuidad, tengo que hacerlo de nuevo en el segundo semestre? O ya tengo que esperar un año más,? Cuanto me atrasaría? O lo puedo dar en verano y pagar? Si me lo echo no puedo tomar otros ramos más avanzados? Perdería la gratuidad? Soy de Ing. Civil informatica 😔",,🏛️ San Joaquín
3/6/2025 13:38:57,Lo unico q banco d icomercial son las minas ,,🏫 Vitacura
3/6/2025 15:36:27,Alguien que pase el dato de algún lugar certero para hacer kickboxing/boxeo (que esté relativamente cerca de la u),,🚢 Casa Central
3/6/2025 15:51:18,Mi gente no me lo van a creer 🗣️,https://drive.google.com/open?id=1E8snJGbeiv26K9Z-p5UJ9jlZGsQoH59U,El que le gusta cuando la Atenea se pone brava 🫦
3/6/2025 15:52:47,"Estos ayudantes qIos que se creen bakanes, y cuando dieron el ramo fueron unas lacras qlas y los tuvieron que acarriar de pana. Oooh los ctm desagradable wn.",,🚢 Casa Central
3/6/2025 15:52:47,Cabros y cabras si quedan con alguien para juntarse y fallan REITERADAS VECES sepan q el daño mental y emocional q le hacen al otro es enorme 🖕🏽 y si a una niña le cayo el palo q sepas q te odioo,,🏛️ San Joaquín
3/6/2025 15:57:52,"Heracles, no dejes que la Atenea vea mi correo, confío en que sabes cuál",,"Sí, yo"
3/6/2025 16:43:41,ay 2 jovencitos k m topo seguido x la u y como k tienen mucha onda y andan siempre juntos y nse si son algo o nop,,🚢 Casa Central
3/6/2025 17:19:51,"no publiquen esto, es un mensaje para ustedes: me arrepiento de escribir varias confesiones ahora. no se han publicado pero al menos no publiquen el tremendo texto que escribí acerca de un trabajo grupal.. decía que entré a la u este año y me tocó un trabajo grupal en que me sentia mal creo y que había mala comunicación.. por fi ",,.
3/6/2025 17:31:17,"Crecí en una familia que siempre apoyó mis estudios, pero no mis sentimientos. Cometí errores que alimentaron el bullying de toda una generación, en un entorno donde no se esperaba más que la asistencia a clases. Creo en el egoísmo, salpicado por breves aventuras de empatía. La universidad simplemente me lanzó a una realidad para la que ya venía preparado, aunque no completamente: enfrentarme solo a un cuaderno, con mi familia lejos y desafíos cada vez más grandes. En ese contexto, perder una hora puede bastar para que la ansiedad se sume a la locura que, poco a poco, se va haciendo presente.
Quería compartir esto porque instalé Balatro, y ahora soy un poco más feliz.",,🚢 Casa Central
3/6/2025 17:44:01,"Debo decir que me ilusione mucho contigo, queria estar contigo, queria importarte, pero tomé la mejor decisión y me alejé de tí, quizá en algún futuro podríamos intentarlo una vez más.",,🚢 Casa Central
3/6/2025 17:45:42,"OOOOOOH CONCHETUMARE QUÉ RABIA LOS WNES Q USAN CHATGPT EN LOS CONTROLES/CERTÁMENES, OJALÁ SE ECHEN TODOS SUS RAMOS LOS SCW. Q RABIA WN DE VERDA. yo sé q uno se tiene q preocupar de uno mismo y la wea pero esq no es justo wn NO LO ES. OJALÁ MUERAN, SI LLEGAN A SALIR DE LA U, OJALÁ NUNCA ENCUENTREN TRABAJO Y MUERAN SOLOS Y POBRES. 😍",,🚢 Casa Central
3/6/2025 17:55:02,Por la 1677 se nota que el admin le sabe harto a los vtr 🤣🤣🤪🤫,,🚢 Casa Central
3/6/2025 18:35:34,cómo se olvida al casi algo? 😢,,🚢 Casa Central
3/6/2025 19:03:06,"Confesión 1661 parte 2
Le tengo tanta rabia wn, el no se da cuenta de la mierda que hizo por su egocentrismo e inmadurez. Lo único que puedo decir es que todo se devuelve en esta vida, que la gente de tu alrededor sepa quién eres, porque nadie se imagina lo mala persona que fuiste. ¿Qué es eso de que te cause rechazo tener a tu pareja llorando por tus acciones y agredirla por eso? A alguien que amas se le cuida y respeta. Lo único que puedo decir de él, por respeto a mi amiga, es que va en primero de civil en minas y que hace poco fue esto. Ojalá algún día tome la valentía de hacer algo contra ti, porque ni a ella ni a ninguna mujer deberías acercarte, y ojo que la dejaste con una CONTUSIÓN. Deberías, por favor, tratarte con un psicólogo como ella lo está haciendo, porque yo se todo y a detalle lo que ella hizo en esa relacion, aunque son cosas que hizo gracias a tus acciones de mierda y por el desgaste de estar con una persona como tú aun así no se compara a lo que hiciste y no hablo solo de las agresiones fisicas, al menos ella se dió cuenta a tiempo y cambió sus errores, tú no, porque ni perdón fuiste capaz de pedir, según tú con la realidad absurdamente alterada no están juntos para preocuparte de ti. Un asco, ojalá te llegue esto y se comparta entre los mechones de ing civil en minas, que te pongas a pensar bien las cosas y tener un poco más de empatia en vez de ir diciendo weas.
",,🏛️ San Joaquín
3/6/2025 20:11:56,Necesito un femboy sumiso con un poco de TEA y un poco de plata prfa 🙏🙏🙏,,🏛️ San Joaquín
3/6/2025 20:16:02,"Si es niño: Boylestad, Si es Niña: Floyd. Si es hermafrodita: Rofraiders",,🏖️ Viña del Mar
3/6/2025 20:19:54,Los de informatica son puros watones otakus y weones chatos y las minas que se creen ricas que no se callan nunca,,🏛️ San Joaquín
3/6/2025 20:35:00,"pasen spots buenos para echarse una lloradita piola después de los certámenes, vivo a hora y media de mi casa como para ir a llorar allá ",,🚢 Casa Central
3/6/2025 20:36:42,Quiero saber si el jugador 12 de la selección de voley esta soltero,,🚢 Casa Central
3/6/2025 20:37:07,"Hay un chico de mecanica 2do año creo, que es pelucon pelo liso claro, santiago o samuel creo que se llama, lo encuentro super lindo y dicen que es mateo, si alguien lo conoce o tiene su ig agradecida estaría🥹🤗",,🚢 Casa Central
3/6/2025 20:37:19,Las Sofias son peligrosas,,🚢 Casa Central
3/6/2025 20:39:46,El 12 del equipo de voloy tiene 3 piernas pa saltar,,🚢 Casa Central
3/6/2025 20:51:00,"Re: 1697

Me suena a que solo quieres que te dediquen una ",,🏛️ San Joaquín
3/6/2025 20:51:54,"wn si no quieren ser ayudantes, no lo sean, hay muchas maneras de conseguir plata si es por la plata, pero si no tienen la capacidad para enseñar porfa no lo hagan q terminan cagando a todos pq ramos como física las ayudantías son con asistencia. No estoy generalizando solo digo que hay ayudantes q no saben ni donde están parados (al igual q claramente hay algunos q son un amor de persona) ",,🚢 Casa Central
3/6/2025 21:01:41,"Respuesta a 1694
Amigx soy hombre jajaj mi ex pareja es o era bisexual, no sé porque asumen que soy mujer sjsjs",,🏛️ San Joaquín
3/6/2025 21:18:54,El Dfis ser como:,https://drive.google.com/open?id=1JsZjOWxeg8j8zJ1b1Lm4U58q0VIVEKXz,🚢 Casa Central
3/6/2025 21:49:22,"al loco de la 1701, por q mejor no te poni a alzar tus notas perkinazo tonto conchetumare, que wea tengo que andar pescando weas que pasan en el otro lado del mundo para que te sintai feliz zangano reklo? pesca un libro y ponete a resolver weas que queda un mes de clases perkin.",,🚢 Casa Central
3/6/2025 21:57:14,"Girls consejo supremo: no se metan con personas que tienen mejores amigas/os, pero no cualquier clase de mejores amigos, me refiero a esos que llegan a parecer pareja pero no lo son.",,🏛️ San Joaquín
3/6/2025 23:40:24,"Ojalá alguien me describiera en una confesion 

mi autoestima subiría en +1000 de aura 

Pero después recuerdo que solo soy otro wn de la usm 🚬

Bueno alguna quiere fumar o tomar en las ventanas ? ",,🏛️ San Joaquín
3/6/2025 23:53:51,"Flaites qliaos que se quedan en medio de la pasa con sus pantalones a media raja pa verles los Calvin Kerin, dejen pasar weones, como sacoweas parados en el pasillo o subiendo la escalera como si les faltará una pata, hay gente que intenta llegar a la sala wn, aparte los qliaos ni se bañan sobretodo los mecánicos, electrónicos y eléctricos qliaos pasados a raja

👍 Ah y las listas qlias que salieron pa federación parecen alianzas de 4to medio las weas, al menos hay una que se toma enserio el cargo ",,🏖️ Viña del Mar
4/6/2025 1:28:55,"El compa de la 17:27 tiene toda la razón, las ex son lo peor en la universidad, se aprovechan de uno, consiguen lo que quieren, se hacen las confundidas y te pegan el sendo ghosteo y se van con algún wn que les sea seguro zgskdhdksnd o por lo menos es lo que me contaron 🥹",,🏖️ Viña del Mar
4/6/2025 6:53:34,Atención buco polola yandere like si eres yandere,,🌳 Concepción
4/6/2025 7:16:06,"Está U tapizada en guardias tiene el peor ambiente universitario, directamente no tiene ambiente universitario, es un colegio-penitenciaria y l@s cabr@s de acá tampoco salvan.
Le falta un día a la semana de carrete, espacio tiene para fomentar, la usach abre 3 espacios y pasas por mochas, cumbias, tech, de toh por tirar un ejemplo, el peda tiene sus edificios “abandonados” donde se carretea, la utem tira los jueves para. Te sientes como en casa weando y aquí te quieren tirar a un cubo para fumar un cigarro?.  
                                                    N1",,🏛️ San Joaquín
4/6/2025 8:11:27,casi todos en esta u son unos pesaos ctm les juro q no van a perder prestigio por ser un pokito ma simpaticos con razon dicen k los sansanos no tienen habilidades blandas,,mi pichula
4/6/2025 9:00:36,"No entiendo por qué nadie hace nada con esta universidad de mierda, obvio que en todas hay carga académica, pero nunca había visto una en la que tantas personas se quieran matar, se desprecien y piensen que son la mayor mierda del mundo. Siempre veo weones diciendo que si no se la pueden se vayan, pero no se fijan en que tal vez tienen privilegios que los demás no (mejores bases educativas, plata, vivir cerca) el puro hecho de ser neurodivergente agota, más otros problemas personales para que te pongan dificultades que comparadas con otras unis nada que ver y al final no sirven de nada al salir a veces y terminan faltando habilidades que nada que ver con mates. No hay un modo de que alguien fiscalice las weas de la en la uni? Denuncias a algún canal de televisión o algo? Entro y parece un hoyo de depresión y ansiedad con las personas que veo o escucho sin querer a diario, no me parece normal quedarse sin vida propia por estudiar, paso con el miedo de que un día realmente pase un caso de alguien que se tire desde alguna parte alta. Algunos presumen de que en el año se fueron como 15 de la carrera, NO NORMALICEN NI GLORIFIQUEN PASARLA COMO EL PICO POR CULPA DE UNA UNI QUE LE VALE CALLAMPA LA SALUD MENTAL DE LOS ALUMNOS.",,🏛️ San Joaquín
4/6/2025 10:27:18,Juanpi Weko,,🏫 Vitacura
4/6/2025 11:04:18,"La otra vez en el Crocante (negocio ubicado cerca de CC) me habló una chica súper bonita... La verdad admito no habele pescado mucho, simple y llanamente por lo estresado que estaba ese día. Me gustaría volver a encontrarte si es posible, me pareciste súper bonita, pero yo weon no supe reaccionar. 
Fue un día miércoles, aprox. 19:40. Yo andaba con una bomber del estilo universitario gringo. ",,🚢 Casa Central
4/6/2025 12:35:34,"los de sj quedense piola, mala tu wea de campus 🤣🤣🤣",,🏫 Vitacura
4/6/2025 12:37:08,Mi meta es visitar todas las sedes antes de que termine la universidad,,🏛️ San Joaquín
4/6/2025 13:06:23,"la niña trans de vitacura en super bonita, si es quien pienso que es, me tiene que puro pescar a mi 😔",,🏫 Vitacura
4/6/2025 13:11:36,Por qué los de SJ son tan raros wn? Ayer martes fui por un ramo y habia un tipo sentado en flor de loto haciendo la t pose,,🏫 Vitacura
4/6/2025 13:41:53,Mi mente solo dijo que lo hiciera.,https://drive.google.com/open?id=1ror03QkkTcmFEX7uJ_Z6JjDVnTtpmLzF,🏛️ San Joaquín
4/6/2025 13:51:38,Oye los wns que se pelearon el otro día son puro pollo qliao. El de rojo parece pastero y siempre anda vendiendo weas en la u. Y siempre anda acompañado de un negro que se parece al sech que anda con gorro rojo y siempre pasa mirando a las minas y tirándole piropos el cochino qliao,,🏖️ Viña del Mar
4/6/2025 13:56:01,ㅤㅤ,https://drive.google.com/open?id=1TyUqfO4kaGcHd1trvmGRIrHQzWdGXMZs,🏖️ Viña del Mar
4/6/2025 14:14:33,"El pastero que se peleó el otro día siempre anda como con 6 wns. Y siempre se hacen los choritos y son puro perro. Con el que siempre anda e con uno negro que anda con gorro rojo y siempre andan mirando a las minas en el patio del H son terrible cochino los wns 
Pd: adjunto fto de los 2 wns ",https://drive.google.com/open?id=1m1pkG6xYBQmM8-yBQnGo7MCDsYrUXdju,🏖️ Viña del Mar
4/6/2025 14:53:14,"Cual es la trans de vita, yo me la como ",,🏫 Vitacura
4/6/2025 15:08:55,Siento que estoy tomando puras malas decisiones y toy arruinando mi vida. Y si volvemos un par de años al pasado y hacemos como si nada pasó,,🦃🐁
4/6/2025 15:23:23,"Hay un chico muy alto de comercial con un tatuaje en arabe en el brazo, q ta todo riko, pasen el ig",,🚢 Casa Central
4/6/2025 15:25:58,"Hay un chico de ingeco q es medio influencer y siempre anda con shorts, me tienen loca sus piernas",,🚢 Casa Central
4/6/2025 15:36:19,Como que se pusieron a pelear el lunes? Pasen chisme oe jsjsjs,,🏖️ Viña del Mar
4/6/2025 15:47:23,"Pasen video de la pelea po o algo, si el chisme eh para todos🥺🥲",,🏖️ Viña del Mar
4/6/2025 16:04:09,"Necesito desahogarme, siento que soy horrible físicamente, aparento tener mucha confianza en mi mismo pero mentalmente soy débil, soy enorme pero soy horrible de cara no se si alguna vez a alguna mujer le atraerá mi físico tal y como soy, soy intento, alto, muy fuerte. Estoy inseguo de mi mismo porque pienso que le doy miedo a las mujeres y quizá por eso no se me acercan me comparo constantemente pero a la vez soy tan autoexigente conmigo mismo, en equipo exigo a los demás y en el fondo me autoexigo aun más conmigo mismo, por otro lado me equivoco más que nadie constamente y me frustra equivocarme. Eso",,🌳 Concepción
4/6/2025 16:16:56,"Hay una mina que nunca va a clases y me anda preguntando todos los días qué hay que hacer, cómo llegas a quinto año sin saber NADA weon?? No lo entiendo, la ghosteé e igual tengo casi 20 mensajes de ""hola que hicieron en clases?"" ""hola que hay que hacer para mañana?"" ""hola como se hace el trabajo?"" ""cuándo hay que presentar?"" OHHHHGGSGGS CTM ESTÁ BIEN QUE PREGUNTEN PERO COMO TANTO y demás está decir que los trabajos que hice con ella los hice SOLO WEON ME SALE TODO EL MACHISMO CON MINAS ASÍ",,🚢 Casa Central
4/6/2025 17:00:21,cata b de primer año de industrial se cree florerito de mesa wna chata,,🏫 Vitacura
4/6/2025 17:37:15,"La universidad exige excelencia académica, casi perfección, pero muchos profesores dejan bastante que desear. Por ejemplo, hay docentes que nunca responden correos, llegan tarde constantemente y, si uno llega dos minutos después que ellos, te tiran comentarios al respecto.
Para los primeros certámenes del semestre, le escribí al profesor varios días antes del certamen para preguntarle por la pauta. Sin embargo, recién me respondió el día anterior, diciendo que entrarían tres temas. Pero cuando llegó el día del certamen, no entran todos los temas y en cambio preguntan por unos que solo se habían mencionado superficialmente en la clase anterior xd clase a la que, además, el profesor llegó atrasado por 45 minutos.
En fin, esta universidad parece estar más interesada en lucrar que en ofrecer una educación de calidad.
Y ni hablar de las secretarias de la secretaría académica, el trato de la mayoría es bastante desagradable, se te quitan las ganas de preguntar :(.",,🏖️ Viña del Mar
4/6/2025 17:40:17,"hola, se puede tener otro vtr 3 cuando el otro vtr 3 ya lo pasé?",,🏛️ San Joaquín
4/6/2025 18:03:42,Eliminen 023,,🚢 Casa Central
4/6/2025 18:30:38,"Para los de la 1762 y la 1765 y en general a todos de los que se quejan de la carga académica.
No me gustan mucho los discursos, así que se las hago corta. Hace como 2 años le pregunté al encargado de recursos humanos y al jefe de mi departamento de cierta empresa importante en mi rubro:
""Cuando les llegan currículums para pedir trabajo, ¿En qué se fija para descartarlos si hay muchos o si hay algunos que se ven similares?""
La respuesta de ambos: ""De dónde egresaron. Entre un currículum de alguien de la santo tomas, otro de la inacap, y otro de la Santa María, el de la Santa María tiene puntos extra para mí""
Todos saben de esa carga académica, y por eso prefieren a los que egresan de la usm, porque saben que son alumnos que, a rastras o de manera efectiva, superaron la cantidad de semestres que dura su carrera con esa carga académica. Déjense de llorar ",,El que le gusta la Atenea cuando se pone brava 🫦 (Desde hoy firmo así)
4/6/2025 18:37:57,"A veces pienso que sería bkn que abriera Instagram y ver una confesión de alguna mina describiendome porque le guste o algo así.
Luego me acuerdo que me dan miedo las mujeres y se me pasa",,🏖️ Viña del Mar
4/6/2025 18:38:59,"para la 1750, manda más detalles, creo que soy yo wn jakjskajaj lpm",https://drive.google.com/open?id=1Cj87CfQ4a8byeAW3D1_v3yfNBSBpw1O5,🚢 Casa Central
4/6/2025 18:40:58,Alguna minita que venda contenido? 🥵,,🏛️ San Joaquín
4/6/2025 19:18:01,"Si el martes tuviste clases en una de las salas del primer piso del P en la mañana y se te quedo el apple pencil, lo encontré y se lo pase a la guardia que siempre anda con un cuello negro para que lo dejara en cosas perdidas, por si aun no lo encuentras ahí debe estar",,🚢 Casa Central
4/6/2025 19:18:23,:))),,🏛️ San Joaquín
4/6/2025 20:14:16,Las weonas q hablan cmo expañolas en la biblioteca me tienen chata,,🚢 Casa Central
4/6/2025 20:26:29,"Me interesó la trans de vita 🫦
Que deje el ig o algo por que le tengo ganas
 
Y tengo casa sola por si se anima ",,🏛️ San Joaquín
4/6/2025 20:42:41,"pucha q son lindas las minas de astrooo :( y los minos tbn ! pero todos en pareja, wtf porqué la vida es tan injusta??? ellos tan inteligentes y yo soy solo un ingeniero medio wekito ;vv",,🏛️ San Joaquín
4/6/2025 21:08:36,"De las pocas veces que voy a los baños en el patio de los tacas, hay una tía del aseo que siempre está enojá, se anda quejando y habla sola, me re incomoda aveces 😔 Nos desenchufó el agua caliente del dispensador una vez también jhskahjs",,🚢 Casa Central
4/6/2025 21:22:24,"No me gusta que se romantice tanto una relación en donde la mina tiene un montón de problemas y cambios de humor y que el pololo esté ahí 24/7 de buen humor para arreglar todos los temas de la mina. A ver, mi pololo y yo sí somos así xd, pero al menos sé que eso no está bien e intento mejorar y sé que no debo depender de él y que él no debe arreglar todos los problemas que tengo. Simplemente quería contarlo lol",,USM
4/6/2025 21:36:17,Juan Jiménez G.O.A.T 🐐,https://drive.google.com/open?id=1XqLOZiThn_0DWwI9sRNvUOUK6i62ZB5V,🚢 Casa Central
4/6/2025 21:39:48,"Que nadie toque a la minita trans, son todos unos morbosos kl",,🏫 Vitacura
4/6/2025 21:45:56,"franceses qls como pueden oler tan mal wn, literalmente pasai por al lado de ellos y te da un golpe el olor a axila q tienen como chucha hacen",,🚢 Casa Central
4/6/2025 21:56:44,"Le ponen color al traba qlo, si igual me lo detono.",,🏫 Vitacura
4/6/2025 21:56:54,soy mechona y  necesito contexto de lo del busto en sj,,🏛️ San Joaquín
4/6/2025 22:23:37,Profe Walter de la usm vdm se pone a wear al profe de mecánica mientras esta en plena clase y la wea es muy random xdd. Pd: le vale pico todo.,,🏖️ Viña del Mar
4/6/2025 22:29:35,"qué sede más nefasta SJ, puros monitos picantes",,🏫 Vitacura
4/6/2025 23:16:17,"Compa de la confe 1734, mira al Temach!!!",,🏛️ San Joaquín
4/6/2025 23:31:47,"A la persona de la 1712
Puedes prepararte una leche con cáscara de naranja, calientas la leche sin dejarla hervir con cáscara de naranja, recomiendo que sea sin la parte blanca, puedes usar un pelador de papas para que sea más fácil.
Eso como dije, lo dejas hasta que esté caliente y te lo tomas antes de dormir, si lo quieres endulzar, usa miel, no azúcar.
Si no te gusta tomar leche, puedes hacerlo solo con agua y la cáscara, aunque tal vez no sea el mismo efecto.
Espero te sirva ☺️",,🏛️ San Joaquín
5/6/2025 0:37:49,"#1736 pasa insta, soy de CC pero igual nomás",,🚢 Casa Central
5/6/2025 0:40:29,"SJ es piola, pero tan piola que es fome la wea. Yapo cabrxs algún drama o chisme por ahí, no se, algn depravao, a chirlito en la zorra, tu lazo en el ojo, combo en el osico 🗣️",,🏛️ San Joaquín
5/6/2025 0:41:02,Se remonta? Tengo un 45 en el control 2 y en el certamen 2 me fue como el pico ,https://drive.google.com/open?id=1kkkmmetRFTo_1u1LJ298KjwFZdPwZFve,🚢 Casa Central
5/6/2025 5:02:34,Oe Loretin que erí chistosa,,🚢 Casa Central
5/6/2025 7:28:59,"A ver, es simple
Pololo despistado + charla con paciencia = flores y detalles
Pololo despistado + indirectas = pololo despistado sin flores
Si en 8 meses el wn no te da flores (aplica para cualquier tipo de detalle/cambio) y tú no le dices directamente qué es lo que quieres, a él no se le va a ocurrir por sí solo. La gente no lee mentes. Sean directxs con las cosas que quieren, por favor, tampoco hay que echarle la culpa al wn sólo porque no sabe qué cosa te molesta y qué no (si es que no le has dicho nada, claro)
Bueno, y si tu polola aún no te lo dice, te lo digo yo: DALE FLORES/DETALLES A TU POLOLA. Chao",,🚢 Casa Central
5/6/2025 9:29:17,"Abran la cuenta de confes de conceee, queremos chisme",,🌳 Concepción
5/6/2025 10:47:49,"El día 5 de junio en la cafetería que está al lado del gym había una mina con pelo castaño,una bufanda negra y un poleron blanco si vez esto me dejaste flechado por la mierda ",,🏖️ Viña del Mar
5/6/2025 11:12:57,"Hay una minita hermosa en casa central es híper mega linda, creo que estudia industrial dios quiero que sea mi jefa, pero full miedo hablarla ayudaaaa ",,🚢 Casa Central
5/6/2025 12:34:50,"Hoy entre el H y el gimnasio estábamos en unas bancas de esas redondas con plantas, estaba más cerca del gym, estaba acompañando a un compa y estaban viendo a otros compas jugando futbol, cuando se acercan 2 chicas, una alta y con el pelo oscuro y otra más baja con el pelo un poco más claro (creo) a pedir escanear un QR, lo que pasó es q vi a la más bajita un momento y me pareció bastante linda (creo que hasta se rió cuando la vi o quizás fue coincidencia) sin embargo YO el menos tímido le empeze a esquivar la mirada por miedo, no sé por qué pero era involuntario, si lees esto perdón y ojalá podamos hablar y conocernos.(Recién me doy cuenta lo específico pero esq paso hace poco) :(",,🏖️ Viña del Mar
5/6/2025 13:02:52,pasen el ig de la mina que estaba vendiendo pockies en san joaquín ,,🏛️ San Joaquín
5/6/2025 13:22:46,Creo q el lokito de civil en minas que habla la confesión 1661 es uno de bigote que se junta con un cabro de pelo largo pq lo escuche una vez hablando de la polola y parece que terminaron nose yo solo escuchw,,🏛️ San Joaquín
5/6/2025 14:23:58,Está bien que vayai al gimnasio pero cómo no vai a poder estar en ninguna de las +5 reuniones que tuvimos para hacer el trabajo porque estabai levantando pesitas wnnn estoy hasta el loly de tanta irresponsabilidad,,🚢 Casa Central
5/6/2025 14:32:14,Universidad Sin Mish o Universidad Tetas Follar Sexo Mamada?,,🏖️ Viña del Mar
5/6/2025 14:38:54,"Quiero llamar su atención a la parte superior donde en lo que pareciera ser un reloj que indica la hora hay confes que marcan horas con más de 59 minutos y/o números entre paréntesis al costado derecho. Los números Mason, ¿qué significan?",,🏛️ San Joaquín
5/6/2025 16:22:20,"Pal iluminad@ de la 1765 hay varios puntos en que tienes razon pero de verdad crees que la gente que se mantiene en la u es porque tienen privilegios? De verdad vas a minimizar e invisibilizar el sacrificio que muchos hacen reduciendolo a privilegios? Te has dado una vuelta por la u pa saber cual es el común de la gente que entra? Tener plata, venir de un colegio bueno, esas cosas no bastan por si solas para mantenerte en esta u si quieres hablar de privilegios andate a la cato a pasear y despues hablamos. Otra cosa si tan preocupad@ estas de lo que pasa en la u no has pensado tomar el PRIVILEGIO que tienes y al menos intentar cambiar tu situación recolectando firmas, haciendote escuchar en vez de quejarte por una pagina de confes de insta?",,🏛️ San Joaquín
5/6/2025 17:09:16,"no te creas tanto por hablar conmigo, solo lo hago porque tienes conexion con el círculo de mi ex y quiero volver con él.
eri un scw, nunca hablaría contigo ni te seguiría el juego de no ser por ese hecho, solo juego contigo.
espero terminar bloqueandote, que te duela y me termines escribiendome por gmail xd
de alguna forma quiero que veas esto
que clase de psicopata publicaría esto? no se. no logro leer que quiere hacer mi inconsciente, subconsciente? 
te alejarías de mi sabiendo esto? yo creo que ya te encariñaste.
tal vez solo quiero que vea esto mi ex y cuando esté abriendo mi casillero se aparezca con un ramo grande blanco de rosas rosadas, que me bese y nos vayamos a una cita armada a toda velocidad sintiendo adrenalina de f1, irnos lejos a comer y luego terminar durmiendo juntos en modo full tiernos",,🚢 Casa Central
5/6/2025 18:42:47,"Me enamoré de un profe ctmm, que hago.",,🚢 Casa Central
5/6/2025 19:17:57,Hay una mina castaña que siempre se junta con un grupo de telemáticos pasen el ig ,,🚢 Casa Central
5/6/2025 20:44:42,"Hola soy el de la 17 27 y quiero decir que extraño mas que la mierda a mi ex y estoy en el momento en el.que más eh tocado fondo, llegó un punto en que me siento horrible al verme al espejo y que nadien me va a querer. Eso po cabros cuidense y no dejen que ninguna mujer les haga lo que a mí me hizo. Enamorarme.",,🏖️ Viña del Mar
5/6/2025 22:19:45,"no puedo soportarlo mas, llevo toda mi vida ocultando lo que siento y quiero, quiero ser una mariposa, quiero estar con hombres, hombres peludos y musculosos. tengo polola pero solo para que nadie vea que soy gay, mis amigos piensan de webeo que lo soy pero nunca les he confesado que lo que dicen es verdad, soy gay, mi nombre es Pablo Galleguillos y soy muy gay",,🚢 Casa Central
6/6/2025 7:58:00,"Hay uno en la u que tiene lentes y el pelo lo tiene corte tipo poco largo liso/poco ondulado pelo negro (no pasa de las orejas el pelo), debe medir como 1.67 por ahí pero se me hace muy lindo 😭 si no fuera una waren waton con cigarro le hablaría pero no me da la perso, lo he visto los días jueves tipo en la mañana, no me acuerdo de más pero se veía muy nerdy (mi debilidad perdón)",,🏖️ Viña del Mar
6/6/2025 12:20:53,La mayonesa es una sopa!!!!,,🏛️ San Joaquín
6/6/2025 13:14:36,xu chupalo,,🏖️ Viña del Mar
6/6/2025 14:17:35,"Para todos los wnes que buscan minas por este foro, qlo paga una prostituta. Te sale más barato que mantener a una wna con problemas mentales. Ahorras plata, eres feliz y tienes tiempo para estudiar.

No es necesario tener afecto de una mina para sentirte bien. Te recomiendo Silencio Chile. No hay minas negras, puras exportaciones de calidad.",,🏛️ San Joaquín
6/6/2025 16:08:46,hay un wn con cara e peruano bajito de tuma que tiene pura pinta de ser weko,,🏛️ San Joaquín
6/6/2025 16:40:46,Baneen al hermes,,🚢 Casa Central
6/6/2025 16:41:47,🎹<<<<<<<<<<<<<<<<<<<<<<<<🎀,,Campus simbawe
6/6/2025 18:32:44,"Confieso que me enamoré de paloma que estudia ingeniería en aeronáutica, pero ella jugó con mis sentimientos, y me dice que está con otra persona, me dolió porque si no me hubiera escrito ELLA primero, ni si quiera la conocería y lo malo es que es tan mina pero tan poco considerada con los sentimientos de los demás ",,🏫 Vitacura
6/6/2025 18:33:47,"Holaa busco algun taller artístico en la sede viña, pasen datitos",,🏖️ Viña del Mar
6/6/2025 19:07:32,"Te amo Daniel Albornoz, eres el mejor profe, ni ahí con los que te tiran la pela <3",,🏛️ San Joaquín
6/6/2025 19:15:22,Hermes te como todo 🫦🫦🫦🫦,,🚢 Casa Central
6/6/2025 23:02:54,q opinan d ing civil matemática toi pensando en entrar…,,🏛️ San Joaquín
7/6/2025 0:11:54,"Hay una chica con el pelo teñido de rosa (a medias), usa lentes y me tiene mal. Me gusta su forma de vestir; siempre lleva algo distintivo. Me gustaría hablarle, pero la verdad es que me da mucha vergüenza. ¡Necesito unos consejitos!",,🏖️ Viña del Mar
7/6/2025 13:02:39,Existe alguna mujer con el fetiche de ser fiel? O todas son iguales?,,🏫 Vitacura
7/6/2025 13:29:45,"El del 1794, consejo culiao mierda xdd",,🏛️ San Joaquín
7/6/2025 13:41:54,"Hoy sabado 7 de junio en la wea de admision usm encontre muy linda a la que animaba en el escenario, como se llama?",,🏛️ San Joaquín
7/6/2025 14:24:49,"Pa la 1798, por eso ir a clases no significa q te vaya bien….. funen a esos profes de mierda obsesionados con que uno vaya,  todos aprendemos de distinta manera , quedan pa la caga cuando nunca me veen pero siempre saco de las mejores notas del paralelo, pero aun asi me tienen mala por no ir xd ahi quedaste con tu asistencia ql de 100%. Viva no ir a clases y aprender en la noche con deepseek y psicodelicos",,🚢 Casa Central
7/6/2025 14:25:29,"SONIC, AMACHATE CONCHETUMARE, AMACHATEEEEEE ",,🏛️ San Joaquín
7/6/2025 14:56:29,"Q wea con progra como se supone q tengamos distintas tareas si para q un  código funcione tiene q ser tal cual como se supone q tengamos cosas distintas, puro weon me pusieron 0 por supuesta copia valen callampa los ayudantes de progra",,🏫 Vitacura
7/6/2025 15:38:14,"hay unos mechones qliaos que van a la biblioteca a ver puro gore, lo ponen a todos volumen y meten mas bulla que la cresta, se creen sigmas creo que son de planco ",,🚢 Casa Central
7/6/2025 15:54:50,"Sólo vengo a decir que apoyen al señor del carrito de helado que está afuera de la U. Sus helados son demasiado buenos, sobre todo el sabor del chocomenta radioactivo. K cosa más wena 🌝🫠.

Ojo que igual si ven a una vieja ahí dentro atendiendo no le compren porque es súper tacaña con las porciones, en cambio, el caballero te pone dos bolas de helados por un cono simple 🍦",https://drive.google.com/open?id=14LlXsZjuWi2dPzhNQoQY4Ifb5eKTAyiO,🏛️ San Joaquín
7/6/2025 15:58:22,"Ayudante klo de FIS100, aparte de explicar cómo las weas, y creerse la raja, todo el mundo sabe q se jotea a las mechonas, y ni lo disimula. Mateo klo te paso por el pico",,🏛️ San Joaquín
7/6/2025 16:04:47,"Hrmno, hablando full serio, por que la u no tiene calefacción. O sea, puede ser porque mucha inversión, pero wtfff no se puede hacer un proyecto con las ingenierías para nose, colocar paneles que transformen energía en calor? Hrmano, me fuckin kago de frío todos los días con caleta de capas encima ",,🚢 Casa Central
7/6/2025 16:34:32,Diego Hernández seleccionando cuidadosamente el gif en casa publicación ,https://drive.google.com/open?id=1EEl5UYQlpr2GR4oLRwHIgTQssfYOvuxH,🏛️ San Joaquín
7/6/2025 16:41:25,"Para la 1817 a pesar de que te cuides con condon siempre hay una posibilidad de pegarte algo, aparte no hay nada mejor que culiar con amor. Soy de ing en minas 
Atte: alguien que ya le pasó eso ",,🏛️ San Joaquín
7/6/2025 17:08:11,Opino que los tíos de confes podrían hacer hashtags para las distintas sedes👀 así es más fácil buscar xd,,USM
7/6/2025 17:51:27,"Pal 18:17
Toma el consejo de Chef
🎵La prostituta te dará amor 
No importa quién eres tú y como luces
Es cierto niños
Es por eso que le pagas ¿No?
No le pagas por que se quede sino por que se vaya
¡Gracias al señor por prostitutas!
Y señoras y señores James Taylor
La prostituta es cualquier mujer que toma algo a cambio de sexo y lo hacen bien
Por eso digo 
Prostitutas 
Prostitutas 
🎶",https://drive.google.com/open?id=1jI22v1rvDBnmC60-bgPEsRAXoQ9UxiJZ,South Park 
7/6/2025 18:09:36,"El viejo qlio de finanzas ese tal Richard, pesao el viejo re qlio, uno le habla super bien y responde como las weas más encima que se supone que me harían una devolución como renovante de mi beneficio y el qlio me va a devolver la plata recién por el segundo semestre, yo pensé que la wea se devolvía en ese mismo momento que uno recuperaba la gratuidad. Cabros si tienen problemas con las becas y deben pagar weas, evítese a toda costa a ese viejo re qlio de finanzas, se llama Richard ozarrondo una wea asi se llama, y es un pelao de mierda se que encuentra en el 4to piso de F ",,🏛️ San Joaquín
7/6/2025 20:33:10,"para la confe 1782, se k ambos usan gafas y k son kmo de la misma altura maomeno, se ven niños aun asi k deben ser mechones pero varias veces m los e topado d lejos, no creo k sean de mi carrera y ase poco los vi y uno tenia mascarilla puesta, nse si ahy seras tu pero si llegan a ver esto konfirmen, aka tienen fanatica de la relacion",,🚢 Casa Central
7/6/2025 20:33:26,porque los civiles físicos son tan ricos especialmente uno tú sabes quién eres bebe🫣,,🚢 Casa Central
7/6/2025 20:34:26,021 me iso el amor ,,🚢 Casa Central
7/6/2025 20:36:27,"devuelvan a yansen coordinador de 021, propongo juntar firmas.",,🚢 Casa Central
7/6/2025 20:56:25,Los quiero IDP 2025 💜,,🏛️ San Joaquín
7/6/2025 20:57:53,"Confieso que me gustaría estar entre los brazos de Palo y no que esté la otra persona por no decir una mala palabra, y que hiciéramos lo que habíamos dicho y no estar sobre pensando en cómo están esas 2 disfrutando, yo quiero ser ella, porque nunca soy yo, y ni decir de la imagen que me enviaron, estoy celosx de la persona que me quitó a la primera persona que me gustaba hace mucho tiempo.",,🏫 Vitacura
7/6/2025 21:00:42,"Parte 2.
Al menos si me hubiera dado una oportunidad de conocernos mejor, pero ni eso quiso, llevo como 4 días llorando y a ella le importa un carajo mis sentimientos.🥲😢, ahora no puedo ver una película sin pensar en que podríamos ser ella y yo viéndola en vez de la otra ",,🏫 Vitacura
7/6/2025 22:00:33,Confieso que el loco que se llama Vicente que juega a la pelota es muy mino😝😍😍😍,,🏫 Vitacura
7/6/2025 22:03:09,"Pajas>marakas>polola 
Sumando al tema kl,como alguien que folla mínimo repetidas veces con una persona al año, esta sobrevalorado, cuando no lo teni lo queri, o eso me pasa y quizá solo soy un conchetumare ,saludos",,🌳 Concepción
7/6/2025 22:39:43,"buena cabros me vengo a desahogar un poquito kshfkf soy mechona y constantemente me siento súper inutil, jamás he destacado en nada y todo me parece increiblemente difícil. tengo cero vida universitaria y no he podido hacer ningún amigo (ya que soy autista pero no del tipo ""jijiji tengo tea >.<"" sino del que genuinamente hace sentir a la gente incómoda sin intencion y no soy bonita como para que la gente lo ignore) No sé sí alguien más estará en esta situación, pero me esta comiendo los sesos. pensé que al entrar a la universidad mi vida sería menos miserable, pero aquí estamos po :< eso nomas, cualquier consejo se aprecia. perdon",,🏛️ San Joaquín
7/6/2025 22:45:09,TRABA FEO O TRABA LINDO,,🌳 Concepción
7/6/2025 23:34:32,"se sintio feo verte con tu nuevo pololo, no eras lesbiana?",,🏫 Vitacura
8/6/2025 1:03:21,"Sobre la 1780, no la confe como tal, sino lo que dijo Atenea
Primero, Atenea subió mi confe, toy felih.
Segundo, me ignorarás porque te dió vergüenza? Rawr 🫦",,El que le gusta la Atenea cuando se pone brava 🫦 (creo que es la forma perfecta)
8/6/2025 1:39:36,Que tienen con subir lo pies en la mesa estando en clases??? Y encima sin zapatos??? El olor a pata que sale hermanooo se los encargo NAMDKDKDJ,,🏛️ San Joaquín
8/6/2025 2:16:32,"necesito confesar que un chico con lentes y cabellera larga me es súper atractivo, creo q es de informática o telemática pero siempre viste de negro y se deja crecer un poco la barba ",,🏛️ San Joaquín
8/6/2025 9:39:52,"para el 1816, la mayonesa es una emulsion, lo que no quiere decir sopa (mi mami es ing en alimentos y le pregunte :v)",,🏛️ San Joaquín
8/6/2025 11:26:33,"Estoy enamorado de una arqui pelirroja, siempre la veo pasar con sus maquetas rápido y no alcanzo a hablarle:( pasen ig ",,🏛️ San Joaquín
8/6/2025 13:40:15,"Quería pedirles su opinión, llevo más de un año con mi pololo y no se si son rollos míos o se comporta extraño, antes de empezar a pololear conmigo webeando se daba piquitos con los amigos, ya con el tiempo vi que se trataba muy amoroso con ellos pero en tono de webeo, siempre inventaba excusas para decirles ""te amo mi amor"" ""lindo"" y cosas sexuales, también se manda las mismas publicaciones que me manda a mi, a veces veíamos gente en ig y decía ""este weon es demasiado lindo"" se que yo le gusto y me desea en todo sentido porque me lo demuestra, pero eso me ha estado incomodando y se lo he hecho saber, paró de hacerlo pero apenas tenemos diferencias lo hace de nuevo",,🏛️ San Joaquín
8/6/2025 13:40:40,Epoca con admin piano<<<<<<<<<<<<<<<<<<<<<<<<<<<<<<<<<<<<<<<<<<<<<<<<<<epoca sin admin piano,,🚢 Casa Central
8/6/2025 13:41:12,Dejenme piola ando testiculando,,🚢 Casa Central
8/6/2025 14:31:01,"Quiero una traba de Sj, alguna que quiera un comercial exitoso? 🥰",,🏫 Vitacura
8/6/2025 16:02:48,"Formen un grupo de acapella en la u, corte notas perfectas ",,🚢 Casa Central
8/6/2025 17:01:08," hhay una chica que me gusta mucho, el problema esque no me atrevo a hablerle porque hubo un conflicto de pormedio lo más hermoso esque nos pasamos mirando, aparte no paro de pensar en ella y la verdad no sé qué quiere ella hacía mí ¿Que puedo hacer?",,🚢 Casa Central
8/6/2025 19:33:22,El ayudante de mat011 Lucas Drago 😍😍😍,,🏛️ San Joaquín
8/6/2025 20:37:57,que vuelva a prender cerrito cabros porfavor quiero hacerme picoo,,🏛️ San Joaquín
8/6/2025 21:48:57,"Ella es mucho y yo soy nada… Si yo fuera mucho y ella fuera nada, podría hablar con ella. Pero ella es mucho y yo nada :(",,🚢 Casa Central
8/6/2025 21:54:57,"Me he sentido muy mal últimamente, siento que ya nada me sale bien, siento que me alejé mucho de mis amigos y que ahora ya no formo parte del grupo. Ya no como bien, no duermo y me cuesta estudiar. Se que debería pedir ayuda, pero puta no es fácil, vivo sola, mis papás estan lejos y si supieran que estoy asi me harían dejar los estudios y volver a casa y eso me asusta aún más, los extraño muchísimo, pero ya empecé esta mrd de la U y no puedo hecharme para atrás. Me esta consumiendo el estrés, no se que hacer pa sacarme esta angustia de encima ¿Algún consejo?",,🚢 Casa Central
8/6/2025 23:30:48,"Una adivinanza:

Grande lo tengo
Más lo quisiera
Que entre las piernas 
No me cupiera 


Que es? Muchos dirán la corneta pero es el caballo ",,🏛️ San Joaquín
8/6/2025 23:44:45,"confieso que me atrae mi ayudante de fisica 100, tiene un corte librito que me deja ufff🥵 y se llama pablo, no se si tiene novio o si siquiera es gay, ojalá le gusten los hombres como a mi 😔",,🚢 Casa Central
9/6/2025 0:36:08,"Habia una niña que creo q congeló, no se si congeló, tengo miedo si congeló la queria ayudar pero congeló no alcance a hablarle, ojala haya congelado para que vuelva... Hola sede viña. tenia pelo de anime, VUELVE PORFAVOOOOR ( no le habla ) me mato si ve esto...",,🏖️ Viña del Mar
9/6/2025 0:46:30,"Como eso de que el CEICI amenaza a los ayudantes o piden ""ayuda"" para pasar los ramos copiando¿¿¿¿???? Buen chismecitoooo",,🏫 Vitacura
9/6/2025 3:04:42,"Dejen de agarrarse a los profes weon oh, y dejen de agarrarse a lxs alumnxs tmb como tan poco circulo social KSNDKS",,🚢 Casa Central
9/6/2025 4:52:44,"Hay una chica que siempre llama mi atención. A veces lleva una bufanda oscura, otras veces cambia pequeños detalles como su peinado, y siempre se la ve tranquila, cuidada, serena.
Suelen verla con tres amigas, y verla reír o compartir con ellas es algo que me parece muy especial.
A veces camina escuchando música, y aunque probablemente no lo sepa, tiene una presencia que ilumina.
Solo quería agradecer que exista alguien así, ojala podamos hablarnos ",,🏖️ Viña del Mar
9/6/2025 10:23:57,"Quiero terminar con mi polola pero no sé como hacerlo, me siento dependiente a ella",,🏛️ San Joaquín
9/6/2025 11:00:52,"Ayuda, necesito ayuda, me está llendo pal pico en dos ramos o 3 y ns si congelar o seguir es muy malo tener un vtr siendo este mi primer año? (mechona), que dicen congelo o sigo.",,🚢 Casa Central
9/6/2025 11:00:58,quien tiene el número de la niña que vende brownie 🧚🪄 en la sede viñaaa estaban muy buenosss no la he vuelto a encontrar ,,🏖️ Viña del Mar
9/6/2025 12:30:52,Realmente las pocas minas que hay en Vita o son pesadas o no muy atractivas y las pocas que no ni pesadas o poco atractivas ya están con un wn,,🏫 Vitacura
9/6/2025 14:28:00,"El Ian de Civil Física me pegó el sida, cuidado donde meten el miembro. ",,🚢 Casa Central
9/6/2025 14:36:14,"Hay un negrito de civil física que me tiene loco, tiene unas manos tan grandes y, me muero de solo pensar que puede hacer con esos dedos.
Creo que es presidente del centro de alumnos algo así, es muy mino. Si alguien sabe su ig… me encantaría entablar una tibia conversación con él",,🚢 Casa Central
9/6/2025 14:51:24,Hasta cuando se puede usar el boton de panico?,,🚢 Casa Central
9/6/2025 16:11:31,"que alguien se pase el ig del Benjamin Eliz, es muy rericoo ese flaquitooooo, huesuo como me gustannn ",,🏫 Vitacura
9/6/2025 18:51:07,Diganle a loretin de plan comun que deje de llorar,,🚢 Casa Central
9/6/2025 19:54:56,que onda con las minitas wlw en que carrera están pa ir a caminar por su edificio haciéndome la weona 😛,,🚢 Casa Central
9/6/2025 20:26:57,"Pa todos los conchetumare que se meten a la clase de la lía en 70 y no son de ese paralelo, wn no pueden ser más cotorras qlias, si se van a cambiar pa otra clase al meno cierren un rato el hocico, y pa peor son ma q lo pokemon y dejan sin puesto los del paralelo (me pasó).",,🏫 Vitacura
9/6/2025 20:35:46,"Quiero advertir que hay un compañero que siempre que estamos en clase pone su mano en mi pierna para después tocarme el pene, no sé quién más sufrirá este abuso pero su nombre es Benjamin Suazo y es un abusador gay de alto rango",,🚢 Casa Central
9/6/2025 22:41:19,"busco el ig de una mechona con mechas blancas, la veo seguido en el gym y en el ciac",,🏛️ San Joaquín
10/6/2025 0:30:30,hay discretos en sj?,,🏛️ San Joaquín
10/6/2025 12:10:02,"HERMANO CREO QUE AUN PASO. Toy pero que chile en las clasificatorias 
Si tengo un 100 en el certamen de mate y en los siguientes controles una nota decente me salvó del global. (Falta una nota para cada cosa)",https://drive.google.com/open?id=1DxJCm-vGAYUd4XNlRFAPbExXqOU0ZQ_6,🏫 Vitacura
10/6/2025 14:39:44,"Wn no puedo estar mas chato de los +1 en informatica, entiendo y apoyo pedir plazo para una tarea que ni siquiera hay tiempo para hacerla pero que me lleguen correos todo el dia de +1 aburre y no puede ser que todas las tareas sean igual csm",,🚢 Casa Central
10/6/2025 18:16:58,"Wtf con los baños de la biblioteca de CC 
Ser considerados y más limpios no les cuesta nada  ",,🚢 Casa Central
10/6/2025 18:21:47,"Gente,¿es verdad que el pichi se guarda en los cocos? (mish)",,🏖️ Viña del Mar
10/6/2025 18:50:48,Bienvenido,https://drive.google.com/open?id=1ozM9rtj9xTCFVjGgrVBGJG98mk_OmDth,🏛️ San Joaquín
10/6/2025 18:51:30,1833 a mi solo me pone una bola no dos? ,,🏛️ San Joaquín
10/6/2025 19:05:51,Sigue dispo la niña que hacía heladitos en sj? 🙊,,🏫 Vitacura
10/6/2025 19:42:12,"TODO ESTÁ EN TU CABEZA, si ambos se miran y ella te sonríe, no te ilusiones, está todo en tu cabeza. Me pasó, le pedí el ig y me dijo q no. el colmo la mala cuea ctm me voy a volver loco NO ENTIENDO, TODO ME SALE MAL CTM",,🏛️ San Joaquín
10/6/2025 19:48:18,1854* podría ser yo? Da mas pistas ,,🏛️ San Joaquín
10/6/2025 20:14:16,#1871 Aprende a redactar enfermo ctm. La niña congeló solo para no verte más.,,🏖️ Viña del Mar
10/6/2025 20:15:53,Por que las chicas que tienen solo unos mechones de rubio se ven tan hermosas? 😭😭😭,,🚢 Casa Central
10/6/2025 20:19:17,#1868 El hoyo de tu vieja,,🏛️ San Joaquín
10/6/2025 20:21:17,"Pra ña comfe 18:49, déjame decirte que yo me sentía igual. Soy autista del mismo tipo que tu, pero logré encontrar un grupo que me acepta tal cual como soy. Estuve todo el primer año sola, pero al final los pude encontrar y me siento lo suficientemente cómoda como para no hacer masking frente a ellos ^^. Espero esta confe te sirva ^^, suerte y ojalá encuentres gente",,.
10/6/2025 20:24:05,Q se reporte un loquito q iba subiendo la escalera del A en la mañana con un cepillo d dientes en la boca me dejó loca e tu sabes quien eres 😘,,🚢 Casa Central
10/6/2025 20:41:10,"si sigues pensando que no quería saber nada de ti entonces haz lo que quieras, finjamos no conocernos en persona, que importa. pero yo si quería saber de ti. ni si quiera te he juzgado. a veces uno piensa lo peor de uno y la mayoría de las veces no es así. elegí confiar en ti y te envié lo último pero sorry me arrepentí. lo borré aunque quizás ya le sacaste captura o sea cualquiera, demás lo viste, lo borré a los 17min según mi memoria fotográfica. no sé pero ya no me atrevo ni a hablarte, no sé que piensas, ni que sientes.
conecté con lo que me dijiste este año en el camino, la verdad sentí mucho las cosas y por eso me reservé, me cerré y no dije casi nada.
si tengo ganas de hablar contigo por si no quedó claro pero parece que ahora tu no quieres saber nada de mi y respeto eso.
algo que si me gustaría es que queden las cosas claras porque te veo en esa clase y quedamos cerca hoy entonces pensé en ti y es fome estar así pero entiendo si quieres dejarlo de esta forma.",,🚢 Casa Central
10/6/2025 20:47:35,"Ya sabi que, me acuerdo que un wn dijo que si queriamos conocer gente que dejaramos el insta, les dejo este @ayudaquieroconocergente los que me agreguen ahi o me manden soli de mensaje un rato despues los agregare a mi cuenta real, que me medio da verguenza que la gente que si conozco de la u cachen que ando solo y por eso no deje altiro mi insta real, a ver como introduccion corta, tengo 21 soy foraneo me gustan las charlas profundas y no se que ma decir fkfkfkg",,🚢 Casa Central
10/6/2025 20:47:37,"Hay una chica de mi paralelo que me encanta, creo que se llama damaris, es supeer linda",,🏫 Vitacura
10/6/2025 21:02:37,"Tengo una amiga que me cae muy bien , asi super bien , nos reimos caleta de cualquier wea y es super linda , se perfectamente que no me gusta asi como pareja pero me atrae de manera sexual  , es muy enfermo eso o que wea",,🏛️ San Joaquín
10/6/2025 21:13:08,Los jugadores de Deportes Ficulos estan muy minos. El de pelo rojo uf 🤩,,🏫 Vitacura
10/6/2025 21:15:47,"Un wn de mi carrera se rindió al como al 4to control de mate 060 y para después publicar en ig q el profe era como la corneta siendo q lo vi en fácil 5 clases. Además soy con el en CATEDRA Y AYUDANTIA de física (FIS100 q la wea es clase activa) y puedo confirmar q no hace nada por la vida, se queda pegado viendo el teléfono y le decimos q trabaje y no nos pesca. Ojalá se eche hasta ed. Física wn no lo quiero ver más ",,🚢 Casa Central
10/6/2025 21:25:29,"Un wn q me cae como el pico se anda AUTOINVITANDO a cualquier wea q con mi grupo hagamos, si decidimos ir a comer al casino, el nos sigue, si nos vamos todos a estudiar a X parte, el nos sigue. Incluso una vez nos estábamos organizando para quedarnos en el depa de uno del grupo para estudiar y dar el certamen de física (q son los sabados) y el wn viene DE LA NADA y dice ""yo feliz duermo en el sillón"" ???????????? Le hemos dado señales de q no conectamos como amigos pero el wn insiste. Aparte q es un flojo qlo, siempre está en el teléfono, nunca va a clases, y poco más no se sabe ni su rut",,🚢 Casa Central
10/6/2025 21:26:23,TRABA FEO O TRABA LINDO?,,🌳 Concepción
10/6/2025 22:18:59,"Dónde están las watoncitas rikas de la u, que ando con ganas de ganar fuerza. Watoncitas rikas con tea a mi dm.",,🏖️ Viña del Mar
10/6/2025 22:38:41,"Hoy en la biblio vi a una mina TAN pero TANNN rica con un culo uuyuyy por la CTM que se me paro y casi me rompe el pantalon, eso quería decir saludos.",,🏛️ San Joaquín
10/6/2025 23:07:27,es requisito tener como fetiche agarrar en la biblioteca para ser sansano???,,🚢 Casa Central
10/6/2025 23:23:03,porke hay tanto weon tea ctm porque,,🚢 Casa Central
10/6/2025 23:40:46,mish,,🏛️ San Joaquín
10/6/2025 23:47:50,"En la catolica hay una mina tea que se viste de Ben 10, se viene ship con el sonic?",,🏛️ San Joaquín
11/6/2025 0:04:08,"Quedan todos invitados a mi primer Bar-Mish-Va todos los creyentes del San Mish, pastor del shitpost sansano.

Dejo la invitación también a los de San Carlisho, pastor de la Matrix y de los mechones.

Saludos",,🏛️ San Joaquín
11/6/2025 0:05:19,"Mis requisitos para novias:
- Respirar automáticamente
- Me quiera

Listo",,🏛️ San Joaquín
11/6/2025 7:41:27,Weon el mechon que llega siempre con la parka verde que siempre se sienta al frente me trae malllllll pero me da pena hablarle pq siempre lo veo con una tipa al lado 😔 alguien sabe si son algo?,,🚢 Casa Central
11/6/2025 11:12:04,"alguien de mat071 se puede matar en clases?para pasar el ramo.              














porfa",,🏛️ San Joaquín
11/6/2025 11:40:13,"en invierno tmb pueden bañarse por si acaso, el bus de acercamiento huele fuerte en las mañanas, EN LAS MAÑANAS !!! vamos lavandonos el ortito ",,🏫 Vitacura
11/6/2025 12:29:50,Renato culiao eres un narcisista y un manipulador de mierda,,🏛️ San Joaquín
11/6/2025 12:32:57,Renato culiao eres un narcisista y un manipulador de mierda jamás había escuchado de un hombre tan inmaduro como tú ,,🏛️ San Joaquín
11/6/2025 12:34:16,"la vieja de relaciones estudiantiles no puede ser más insoportable, es cómo que le da lata hacer su pega, paq es secretaría si se chatea tanto, tira puro desprecio ns",,🏛️ San Joaquín
11/6/2025 15:24:57,"Se busca chiquilla gotica para una idepiano de 24 años, dark, 1.80. quedo atento a los likes.",,🏛️ San Joaquín
11/6/2025 16:08:33,"BASTA DE PRECLASES, ENTIENDE NO ERES JULIOPROFE, NO ERES PROFE ALEX, EXPLICAS MAL EN LOS VIDEOS, TE TRABAS, LOS VIDEOS ESTÁN TAPADOS EN CORRECCIÓN Y UPS FE DE ERRATAS, AL FINAL UNO TERMINA HACIENDO INVESTIGACIÓN SOLO PA IR AL DIA CON LA MATERIA, VAMOS A CATEDRA SOLAMENTE PARA LA ASISTENCIA Y HACER DOS EJERCICIOS SIMPLONES PARA Q DESPUES TIREN EJERCICIOS TREMENDOS EN LOS CONTROLES",,Toy hasta el cock
11/6/2025 21:53:42,YO DIGO QUE SUSPENDAN LAS CLASES POR LAS LLUVIAS😭😭😭😭😭,,🏛️ San Joaquín
11/6/2025 22:05:06,"En clases de un ramo chico, hay un compañero que teniendo toda la sala siempre se sienta cerca mío y actúa extraño cuando está cerca de mí, por ejemplo, he cachado que a cada rato gira la cabeza a mirarme, algunas veces quedándose fijo xd.
Me tiene psicoseado y me incomoda caleta",,🚢 Casa Central
11/6/2025 22:28:17,Imagen,https://drive.google.com/open?id=1o60EVn6yYE0KKGRji4b1hfL7kn3tUf1r,Anonimo
11/6/2025 23:11:07,"Cuanto tiempo es aceptable para pedir disculpas?:[
Hace unos meses me aleje de alguien muy especial para mi y ahora me arrepiento pero no se si sera tarde",,🚢 Casa Central
12/6/2025 0:12:42,hay un grupo de mechones de comercial que estan todos minoss jajsja,,🚢 Casa Central
12/6/2025 1:04:10,"A veces solo quisiera un amigo, poder estudiar juntos, jugar juntos, ir a clases y discutir sobre los cursos.
Tener competencia sana supongo, pero realmente me cuesta encontrarlo, más cuando ya todos se conocen, qué soy yo en ese caso? un random

Detesto sentirme tan ajeno",,🏫 Vitacura
12/6/2025 3:43:40,"Gente sean serios, si ustedes ven en la u a una persona que les atrae físicamente que hacen? Me siento todo rato si le hablo a una persona que no conozco de la nada solo por esa razón",,🚢 Casa Central
12/6/2025 7:44:25,"Te sigo extrañando cabeza de cobre. se que sigues a la página. Me haces falta en las noches, ahora mis pies están siempre helados  extrañándote me haces falta mucha falta F",,🏖️ Viña del Mar
12/6/2025 8:12:18,"No entiendo como hay gente que llora por la lluvia
""Cómo que no suspenden las clases?""
Weon estai en la universidad, no en el jardín porque ni en el colegio se suspendían.
O vo creí que te van a dejar faltar a la pega por un poco de lluvia? Te creo si viví cerca de la costa y hay alerta por marejadas, pero no podí llorar solo por vivir lejos si tú elegiste está u, está sede y/o campus y dónde viví.
""No es que no tengo plata""
Trabaja. Tení que buscartelas, las weas ya no se te entregan, tení que buscarte más cosas.
Yo igual vivo lejos y tengo que moverme a pata un buen tramo para tomar la micro y lo hago igual porque yo decidí no buscar mejores opciones.
Déjense de llorar y vayan a estudiar.",,"El que le gusta la Atenea cuando anda brava 🫦 (no todas mis opiniones son buenas, perdón Atenea)"
12/6/2025 8:48:39,"por la puta reculia weon patio de las lámparas y la conchetumare casi me saco la mierda como 5 veces intentando pasar por ahí conchetumare, cómo no van a poner no sé aserrín o cualquier puta mierda pa q la gente no se fokin caiga SI VEI Q ESTA LLOVIENDO WEON, PUTA PREPARACIÓN LES PIDOOO, universidad culia como tan inoperantes pa poner TODO UN PASILLO AL AIRE LIBRE CON PUTAS BALDOSAS SIN ROCE AWEONAOS DE MIERDA, universidad de ingenierías cabe recalcar, concha de su madre weon (lease con voz del corxxea emputado pq así me siento ahora)",,🏛️ San Joaquín
12/6/2025 10:20:29,"Confieso que mi expololo de idp me cagaba con alguna de sus compañeras, y dsp me terminó diciendo que yo era muy tóxica. ",,🏖️ Viña del Mar
12/6/2025 11:07:39,Se remonta?,https://drive.google.com/open?id=1vfgUOgDMb6zatRgMXyublI56hMkbFWtf,🏖️ Viña del Mar
12/6/2025 16:28:36,"Soy ayudante de fis100 y encuentro tan linda a una niña de mi paralelo, me parece muy adorable como son sus facciones, el como es su tono de voz y el como le quedan sus lentes. Me da lata sentir que estoy aportando al estereotipo de que los ayudantes se intentan jotear a las mechonas, al menos no lo hago, ya que nunca tendría el valor de dar el primer paso y simplemente lo dejaré ahí como alguien que encuentro muy linda y me encantaría conocerla más, pero no lo haré ya que no siento correcto el intentar acercarme a ella mientras siga siendo su ayudante e incluso si ya no fuera su ayudante no me atrevería a dar el primer paso ",,🚢 Casa Central
12/6/2025 18:53:43,"Lei comentarios diciendo si congeló o no congeló, en la 1871, la verdad no se si congeló, NO SE SI CONGELÓ. Pero ojala no haya congelado y si esque congeló... Yo..😭😭😭 y luego estudiar Salu2 sede viña, igual ella la pasaba en la biblioteca, antes de no verla mas, se enteró de mi. Tal haya congelado por eso... O no se si haya congelado ☃️",,🏖️ Viña del Mar
12/6/2025 19:26:26,Mi ayudante de fis100 explica como el pico pero al menos es linda,,🏛️ San Joaquín
13/6/2025 15:15:13,"Top baños para cagar en cc:
1. Los del A: Baños tranqui, centrados, amplios, modernos. Lo único que la baja es que los cubículos son muy chicos. Destacable que tiene buena ventilación a pesar de no tener ventanas
2. Los de Arqui: Baños muy cerca del comedor por si surge alguna emergencia estomacal, el único defecto es que son muy pocos cubículos 
3. Los del M, amplios, grandes cubículos, buena ventilación, lo único malo es que están a la chucha, pero si quieres prividad para echarte uno weno, son clave
4. Los del P, pero los que están hacia el fondo del edificio, son los más accesibles ya que todos tenemos clases en ese edificio y nadie se pasea por esos pasillos. Defecto, uno igual se siente intimidado por si llega a venir alguien, porque transita mucha gente ",,🚢 Casa Central
13/6/2025 17:56:23,Charaovi ,,🏛️ San Joaquín
13/6/2025 17:57:21,Ale te haría entero rico el amor oe zi me Teni entero de caliente 🥵 💕,,🏛️ San Joaquín
13/6/2025 18:37:41,REVIVAN CERRITO AHORA Q YA NO ESTA EL BUSTO DE FEDERICOO CTMM,,🏛️ San Joaquín
13/6/2025 21:10:05,"Para el 1868
La respuesta siempre es caballo ",https://drive.google.com/open?id=1Am5RV6PAOpU-oBKMeW7rx0xYcpS8DmXQ,🏛️ San Joaquín
13/6/2025 22:57:08,"Por favor sígannos en nuestra cuenta, necesitamos llegar a 100 seguidores si no nos bajan la nota. Upeer_cl (letras blancas con fondo negro)",,🏫 Vitacura
14/6/2025 0:06:59,"Solo paso a recordar que si sigues hablando con tu ex, es porque aun pasan cosas, no te hagas el weon o la weona, dile que la amai ctm y no seai pocas bolas o poco ovario, resuelvan los problemas que eso si tiene arreglo no como mat3 esa wea me la heche, amar es bonito :3

Pd: Y si l@ ves, no seai pav@ agarral@ de la mano y besal@, si la conexion no se corta es porque ahi es scw, deja el orgullo/ego aweonao",,🏫 Vitacura
14/6/2025 12:07:09,"ese día que me hablaste no sé cómo lo hiciste, si fue coincidencia o me seguiste, me esperaste? necesito saber cómo me topaste justo cerca del metro. justo cuando ya había decidido olvidarte. y justo cuando salí antes de la clase y fui a otro lugar y luego me fui por un camino de una calle entre casas que nadie se va.
si borré un mensaje anteriormente fue porque pensé que no había caso, que me dejarías en enviado para siempre entonces borré y pensé que no volveríamos a hablar. me sorprendió que me hablaras. de nuevo no pude hablar mucho, creo que me me bloquee bastante. que hayamos dicho que quedamos en buena onda al final se sintió como una despedida, me mostré como si eso fuera lo único que me importaba, pero no, solo estaba bloqueada. nunca pensé qur me toparía contigo. hasta pensaba que me detestabas un poquito y no querías hablar.",,🚢 Casa Central
14/6/2025 12:10:00,"cuando nos despedimos, se me vino un flashback a la mente de cuando acababamos de conocernos y nos despedimos de beso en la mejilla, no como ahora. se sintió distante pero cercano, como si ambos quisieramos. fue un momento más lento que lo demás, como si se hubiera ajustado un poquito para que se vea en camara lenta",,🚢 Casa Central
14/6/2025 13:32:45,"Me eche Mate 3
Hagan sus preguntas",,🏛️ San Joaquín
14/6/2025 13:33:07,"Desinscribi 120
Dudas?",,🏛️ San Joaquín
14/6/2025 15:36:53,"La niña que tocaba el violonchelo abajo del casino, toca igual bonito",,🏖️ Viña del Mar
14/6/2025 21:07:09,"1852
Pero al menos llame tu atención. Ya es un avance.
Te gusta comer completos tomando algo o solo?
🫦
Por decir algo pa que no digan que solo chamullo a la Atenea
WN YA HASTA GUSTO PASAR EN AUTO POR YUNGAY FRENTE AL MERCADO DABIENDO QUE TENGO AL MENOS 2 CARRILES Y NO 0,8 CARRILES POR DIOS",,El que le Atenea cuando se pone brava 🫦
14/6/2025 21:55:29,llansen ASCII,https://drive.google.com/open?id=1y766VJfQvq9DvWkVx0a8XwVIODah-bpr,🚢 Casa Central
15/6/2025 0:13:53,no que erai lesbianaaaaaa tenía historias con tu polola ctmmmm cómo así que estai embarazada 😭😭😭,,🚢 Casa Central
15/6/2025 2:44:11,From the screen to the ring to the pen to the king,,🚢 Casa Central
15/6/2025 13:13:41,"La antonia borracha y que le va bien ya po cmo lo hace, se come a los profes o q",,🚢 Casa Central
15/6/2025 13:14:42,Usm>udech,,🚢 Casa Central
15/6/2025 18:30:15,Recomienden un baño/lugar/horario full piola para un rapidin en sj 🔥🔥escuche que por ahi por las K,,🏛️ San Joaquín
15/6/2025 18:43:19,hay un poco de industrial que me gusta hace meses pero él está ni ahí conmigo:( no sé que hacer para que me deje de gustar hajsak,,🏫 Vitacura
15/6/2025 20:35:11,"SUBANLE LA DIFICULTAD A MATE 3🗣️🗣️🗣️🗣️
(aldo paletiao)",,🚢 Casa Central
15/6/2025 20:36:48,"desde que probé mi primer pene mi vida dió un giro de 180 grados, no paro de pensar en penes, todo mi historial de búsqueda se trata de eso y me da vergüenza decir que a lo mejor puta soy gay, creo que sería el primer metalúrgico gay y no se, quiero confesarme y atragantarme con todo lo que tenga forma sinusoidal, mi ig es @pvblitoo._ y estoy abierto a que me hablen para buscar nuevas experiencias ",,🚢 Casa Central
15/6/2025 20:41:59,Damaris eres tan linda cuando te veo presentar,,🏫 Vitacura
15/6/2025 20:43:35,"Quede como payaso a ver mi  nota del certamen 2 en mat 070, 🤡 pensé que sacaba un 80 y saque 53 , me lo estoy hechando 😔",https://drive.google.com/open?id=1R7509sRQ62cyl79U8LfPZPVJlUhGqPZ1,🏛️ San Joaquín
15/6/2025 21:20:44,"Hay una mina peliroja que tiene pedazo de tetas pero siempre anda con un weon que usa una bufanda muy de lesbiana (es de como de cuadros rojos y negros) no se si serán algo, ojalá que no así que alguien me pase su ig porfa",,🏛️ San Joaquín
15/6/2025 21:42:01,"Pasense el ig de un mechon morenito medio musculoso de civil química, a veces lo veo en el gym y me deja media loquita 🙃🙃",,🏛️ San Joaquín
15/6/2025 23:16:31,"hola soy el mismo q tiró una confe sobre una cabra q usaba bandana 
Actualización la volvi aver en el certamen 2 de fisica en la a008 ando iwal de flechao x ella pasen tips kbros supe k va en ing de minas y creo q pasaron el ig",,🏛️ San Joaquín
15/6/2025 23:19:18,"hola soy tu ex, volvamos:)",,qn sabe
15/6/2025 23:30:16, en mi paralelo de educación física ay una mina q creo que es de otra carrera pero esta con casi pura gente de comercial y es muy linda pero todos la encuentran muy linda pero creo que la e visto con un weon en la u y nose si estara con el serio o weando nms o si son amigos entonses no me e atrevido a hablarle nose si esperar y ver si alguien me dice en q esta o si me la juego y le hablo nms ,,🏫 Vitacura
16/6/2025 0:42:23,"Es mi segundo año de carrera y puedo confirmar que el odio a los mechones no es algo que se decide, nace de ti por naturaleza, tengo que compartir una clase con los mechones porque me heche un ramo, y desde dia 0 los odio a todos, el otro dia un mechon se pico a choro con un profe porque los mechones(90%de ellos) no paraban de hablar en mitad de clase y el profe les metio la retada, en resumen, mechones qls",,🌳 Concepción
16/6/2025 1:20:05,"ola necesito ayuda con química básica, los últimos 3 controles y certamen 4 y global, busco a algún profe pa pagarle unas clases necesito puros 70 ojalá 🥹 cualquier cosa quedo atenta a los comentarios :3",,🏛️ San Joaquín
16/6/2025 1:54:26,"Hola, desde el más fondo de mi ser vengo a decirles algo bien importante:
Tengan cuidado con el alcohol, en serio...
Actualmente estoy a poco de sacar mi carrerra, pero pta que hay un freno de mierda que es que cada vez que me pasa algo bueno, malo o normal debe estar el copete, siempre, pa más remate usualmente vivo tomado, pero funcional xd lo cual lo hace peor...
Este vicio qlo lo agarré en la pandemia y lo extendí hasta ahora al punto en que me curo hasta apagar tele solo a veces
Y sí, he buscado ayuda, he estado en AA, mis amigos se han preocupado y ahora mismo mantengo un alcoholismo funcional, hasta voy al gym y estoy grandote (No sé hasta cuándo aguante mi hígado el alcohol y la cantidad de prote que como) 
Pero eso, disfruten el copete, pero téngale cuidado, ya casi me ha matado 3 veces xd
",,🚢 Casa Central
16/6/2025 2:52:42,No se vayan a enamorar nenas,https://drive.google.com/open?id=1U7pK-K-HiXds-7HiCRua51qggUTO3GB4,🏛️ San Joaquín
16/6/2025 9:36:12,Aqui los que prefieren cagar en los baños del aula magna que en la pensión ,,🚢 Casa Central
16/6/2025 10:08:07,"Algún contacto de alfajor 🍁?  Minitas TEA al dm, minitas con TLP que estén bien ",,🏖️ Viña del Mar
16/6/2025 10:50:01,"hola quiero confesar que en visto por los pasillos a un par de mechones súper lindos, uno tiene mochila roja y el otro en si mochila tiene algo de mario bros , escuche que son de met pero nose , y aveces andan con una tipa, será pareja de alguno?? pasen ig 🙏",,🚢 Casa Central
16/6/2025 12:57:58,"Para la confe 1897
Yo le dije q no a un wn cuando me pidió el insta 🧍
Pero en mi caso, no fue nada personal. Solo me gusta mantener mi privacidad y tener solo gente cercana en insta, además q no lo uso mucho. Y tampoco conocía muy bien al wn, ni siquiera sabía su nombre, solo hablábamos de vez en cuando cuando me saludaba. ",,🏛️ San Joaquín
16/6/2025 13:30:08,DONDE ESTAN LAS LESBIANAS??? 😩😩 Juro que no he visto niuna :( hay mas en CC o SJ? Xq si hay mas en SJ voy en camino 🫦,,🚢 Casa Central
16/6/2025 13:31:55,"DONDE ESTAN LAS LESBIANAS??? 😩😩 Juro que
no he visto niuna :( hay mas en CC o SJ? Xq si hay mas en SJ voy en camino 🫦",,🚢 Casa Central
16/6/2025 17:21:52,"A veces escucho preguntas tan pero tan weonas, y no vengan con que no hay preguntas tontas porque consultar si hay clases normales un día FERIADO es criminal",,🚢 Casa Central
16/6/2025 17:42:28,"Hoy (lunes), en la clase de crecimiento y desarrollo personal ví presentar a una chica de pelo negro y trenzas, me pareció muy bonita y tierna, y me gustaría saber su ig
(Soy el de la foto)",https://drive.google.com/open?id=1N4DqppabxUfHHYl8Sp10XlXtO0DiwGlk,🚢 Casa Central
16/6/2025 17:47:39,"No sé dónde está la Sala de Ocio ahora, necesito un lugar para ir a echarme AYUDA D:",https://drive.google.com/open?id=1LfozCpq0Fm__ra973jYDaUfN-5mS5Ztb,🏖️ Viña del Mar
16/6/2025 18:00:46,"Hola cabros una duda, falte con certificado médico a un certamen de cálculo, y el profe me dijo que tenía que dar el global en ese caso, si tengo buenas notas antes de tener el global, sera posible después eximirme del global? 🥺",,🏛️ San Joaquín
16/6/2025 18:45:23,kbros soy de 1er año y estoy en sj y estoy pensando en irme el otro año a valparaiso me lo recomiendan?,,🏛️ San Joaquín
16/6/2025 18:58:38,"Se me perdió mi paraguas en la sede de viña, es un paraguas verde de gatitos 😞",,🏖️ Viña del Mar
16/6/2025 19:07:52,"Pa los que hayan pasado mate 4 y los que lo están dando este semestre, un doble 57 en c3 y global es posible?",,🏛️ San Joaquín
16/6/2025 19:09:20,si una mina esta en algo pero no pololeando me la puedo jugar por ella si me encanta o es muy maricon meterme en su no relacion opinen porfa,,🏫 Vitacura
16/6/2025 19:17:33,Es posible tener 100 en física? Si es así pasen tips (ayúdenme a salvar el ramo),,🏛️ San Joaquín
16/6/2025 21:29:20,ig de niños lindos de ing civil en minas?,,🏛️ San Joaquín
16/6/2025 21:55:29,"Intentaron circuncidarme, pero mi prepucio solo volvió a fortalecerse. Desde entonces, me han circuncidado cada 6 meses. Mi prepucio ahora es más fuerte que el acero. Siempre que estoy en peligro, lo coloco sobre mi cuerpo como una capa exterior. Es completamente a prueba de balas, ignífugo, impermeable y extremadamente liviano. Tengo planes de venderlo como un material muy raro y muy resistente y ganar millones. Los puentes se harán con vigas de prepucio y las unidades de policía usarán chalecos de prepucio. Viviré en mi casa de prepucio y me bañaré en mi riqueza. Soy el hombre prepucio.",,🏛️ San Joaquín
16/6/2025 22:04:05,"POR QUÉ NO SE VAN A DORMIR A LA SALA DE DESCANSO EN VEZ DE A LA BIBLIOTECA EN PLENA TEMPORADA DE CERTAMENES SAPOS CONCHETUMADRE, UNO QUIERE ESTUDIAR Y LOS WNES AHI ECHAOS USANDO LAS MESAS, ALMORZANDO EN LA BIBLIOTECA, vayanse a la chucha",,🚢 Casa Central
16/6/2025 22:10:04,"Algún día, alguien identificará los llaveros que tengo en mi mochila y ese día ctm, ese día sabré que cuando egrese, lo haré feliz y sin remordimientos.",,🚢 Casa Central
16/6/2025 22:39:15,"hay un niño muy lindo de ing civil en minas (creo) con el cual siempre nos topamos y nos quedamos viendo, ayúdenme a buscarlo es merenito y alto, dejen el ig💘 ",,🏛️ San Joaquín
16/6/2025 22:39:40,suban las confes :(((,,🏛️ San Joaquín
16/6/2025 22:44:27,Hay alguna comunidad de destiny 2? llegue hace poco y seria chistoso hacer una escuadra con gente de la u :),,🚢 Casa Central
17/6/2025 0:21:21,"Si uno congela, puedo cambiarme de carrera estando congelado?",,🚢 Casa Central
17/6/2025 2:30:24,"FIS-140 en CC es más rajón que en SJ

Atte: Alguien que dio el ramo en ambas sedes",,🏛️ San Joaquín
17/6/2025 3:58:45,"pal 1896, sí wuajaja ",,🏛️ San Joaquín
17/6/2025 4:30:59,"Cuanta ciudad.... cuanta sed, y tú un hombre solo.",,🏛️ San Joaquín
17/6/2025 12:29:20,Que wea la sala B201 llena de arena 😿,,🏛️ San Joaquín
17/6/2025 13:17:23,"Hablan de lamerle la raja a una mina pero con el frío que hace más mujeres son re malas pa lavarse la cuea po si no tienen agua calientita no se lavan niuna wea  ,además por ahí las mujeres cagan ediondo no les da susto pescarse una hepatitis fulminante con transplante de hígado por lamerle la raja a una mina ?. Antes de lamerle la cuea a una mina pasable alcohol gel por el ano  y vean que no tenga fragmentos de caca o papel higiénico pegados en el ano sino no se chupa niuna wea nomás . Compran jabones baratos de mala calidad y quedan re mal lavadas las weonas ",,🚢 Casa Central
17/6/2025 14:28:00,"Hoy martes 17 de junio estaba en la sala pasta en uno de los sillones puf, estaba tapada con mi parca y un momento un chico me ofrece la suya para cubrirme las piernas, le dije que no muchas gracias, pero me hubiera gustado darte un dulcesito por tu amabilidad pero lamentablemente no tenía los lentes puestos (soy miope de -6 de graduacion) por lo que no te vi la cara, pero muchas gracias!<3",,🏛️ San Joaquín
17/6/2025 20:22:25,"que onda con ese wn que anda gritando en la cafetería ohhh mami que ricas butifarras yes yes, ???!! ósea helou? ",,🏖️ Viña del Mar
17/6/2025 21:16:19,"ando buscando a una antonela, la vi una pura vez y me gustó mucho, una sonrisa y ojos hermosos, no sé de qué carrera es pero tiene pinta de 18/19…es baja y de pelo negro, creo que usa lentes también cualquier cosa si ves esto te quiero invitar a comer sushi 👀😁 ",,🚢 Casa Central
17/6/2025 21:19:27,"mala cuea es estar enamorados y que dsps de hacer too bien por ella se aweonee y dsps le importe la nada y se ponga terrible mala onda al punto de no saber saludar, chao
una pérdida de tiempo tremenda 🤌🏻🤌🏻🤌🏻",,🚢 Casa Central
17/6/2025 22:25:58,"Hay una niña, creo que es mechona de comercial o industrial, no cacho, pero siempre me la topo saliendo de la u, es morena pelo largo y flequillo, pasen su ig porque la encuentro super mina",,🚢 Casa Central
17/6/2025 23:03:58,Encuentro al A.P. de eléctrica muy lindo,,🏛️ San Joaquín
17/6/2025 23:26:19,"la otra vez fui a mi clase de electrónica y justo ví pasar a un watonsito medio PELAO, yo me lo quedé viendo, semejante espécimen debería ser adorado, mi amigo Ignacio ribera me dijo oye aweonao se nos hace tarde y recapacite, en estos días aún me quedo pensando que será de el... Lo veo de lejos siempre y no se, de repente siento mi cuerpo acelerado y mi corazón a 1000!!! me enteré que va como en 3 o 4 años en telematica, soy del campus de viña y mi nombre es Rodrigo jeria alias potrillo, ojalá algún día podamos hablar en persona pero la vergüenza me consume 🫣🫣",,🏖️ Viña del Mar
18/6/2025 4:41:06,La que abre las puertas en el R 🥵,,🏖️ Viña del Mar
18/6/2025 13:12:16,"Yapo, suban las confes",,🚢 Casa Central
18/6/2025 15:04:48,"no es una confesión, busco un wn vio pa la wea que quiera ganarse 20 lucas por pasarse por mi y hacer el global de progra, reviso los comentarios ",,🏛️ San Joaquín
18/6/2025 16:54:03,porfa niña que congelo vuelve para que ya no estés congelada y eso po xd,,🏖️ Viña del Mar
18/6/2025 18:50:45,JJ de temu,https://drive.google.com/open?id=1LFqE6cjiZpFGcxXzHhrdIFCruzxxYci8,🚢 Casa Central
18/6/2025 19:12:17,"Carlisho eléctrico e el ma rico de toa la usm.
Watoncito rico, háceme tuyo 🫦",,🏛️ San Joaquín
18/6/2025 22:42:35,Atenea quieres pololear con un Tea como yo? 😍😍,,🏫 Vitacura
18/6/2025 22:44:33,"Me encanta, me fascina la Britney de comercial😍",,🚢 Casa Central
18/6/2025 22:57:25,This is my office ,,🚢 Casa Central
18/6/2025 23:09:02,"Pregunta en serio ¿Por qué cresta hay tanto wn raro en esta u? No por la gente con tea o alguna cosa así, si no que como que hay gente que ya viene rara de fabrica, tanto fetichista que nunca ojalá se le acerque una mujer, tanta gente que no parece importarle su higiene y como afecta el olor a los demás. El meme que venía de afuera de la u es menor de lo que uno ve adentro, gente de otras universidades sale feliz diciendo que son de tal u pero a mí me da miedo decir que soy de la usm por toda la gente rara de acá.",,🏛️ San Joaquín
18/6/2025 23:14:59,Profe orlando me lo paso por todo el pico viejo conchetumare ,,🏖️ Viña del Mar
18/6/2025 23:35:01,"Me di cuenta que las razones por la que deje de hablar con esa persona fueron por razones inmaduras y por miedos personales, que a la larga me iba a hacer mal y que no ofreciamos lo que el otro estaba buscando.
¿Pero sigue siendo normal que la busque en un mar de gente?",,-
18/6/2025 23:36:14,"Pa la 1928
No estoy orgulloso para nada, pero yo me demoré un año en darme cuenta que debía pedirle disculpas a ""alguien"". Como digo, no estoy orgulloso y aún me maldigo a mi mismo por tardar tanto, pero ya era la wea, no puedo cambiar lo que ya pasó. A mí me salió bien, pero depende de como se lo digas. Vo dale no ma, lo peor que podí hacer es no hacerlo


PD: nada que ver con esta, pero perdón Atenea, olvide poner lo del paréntesis en la confe y no en el campus. Por otro lado, logré ponerte como me gusta. Avances, avances grrr 🫦",,El que le gusta la Atenea cuando anda brava 🫦
18/6/2025 23:37:50,"Hay una mina de arquitectura de segundo año que me dejo flechado, creo que su nombre era Javiera :((",,🏛️ San Joaquín
18/6/2025 23:42:51,Es posible no atrasarme tanto si por semestre me echo 1 ramo,,🏛️ San Joaquín
18/6/2025 23:42:53,benja paga,,🚢 Casa Central
18/6/2025 23:43:01,"Cómo mechón, no sé si pasará en todas las carreras, pero como 4 sdw en mi paralelo, van a puro webiar a clases, sentarse hablar ver tiktok, no entiendo a qué van ctm(pa remate algunos son foráneos y la mamita paga arriendo obviamente)más que confesion es descargo esto, quédense en la casa o congelen hijos de la perra, generación culia mala, raza culia mala, 10/4",,🌳 Concepción
19/6/2025 0:35:16,"q cargantes son las wnas q van al ciac a hablar como españolas
ez que shAbaLA tu TieneZz qie asser ezzzzztoo priNGadA
tengan un poco de dignidad porfa",,🚢 Casa Central
19/6/2025 0:44:08,"Quisiera tener amigos más cercanos....si bien..el grupo que hice me agrandan bastante, siento que para ellos solo estoy ahí y ya....tal vez soy una persona muy aburrida...es triste supongo ",,🏛️ San Joaquín
19/6/2025 1:32:54,"de verdad que siento lo mismo, mucho. pero no te lo puedo corresponder",,🏛️ San Joaquín
19/6/2025 7:34:11,Cabros no vayan mñn a la u.. pq es feriado y pq me voy a pegar un tiro frente al departamento de mate,,🚢 Casa Central
19/6/2025 7:39:25,"Me tacharon de copia en una tarea de progra (q siendo totalmente sincero no lo hice) y automaticamente me hicieron echar el ramo, por mas q la pelie nunca me dieron bola ni me contestaban los correos los coordinadores del ramo, agradezco igual a mi profe q se preocupo, espero verla el prox smeestre xdd",,🚢 Casa Central
19/6/2025 7:58:48,"Pt2 progra
Aparte de no contestar los correos por lo menos deberian mandar la pauta que usaran los ayudantes para revisar la tarea, yo pienso en q la manden dsp de revisarla para minimo saber en que chucha me equivoque para aprender po hmn pero tuve 0 respuesta de coordinacion y ni un misero interes para saber el problema",,🚢 Casa Central
19/6/2025 8:44:20,"VOLVIO DIEGO CON LA FOTO DE TETO, VIVA LA TETO ♥️",,🚢 Casa Central
19/6/2025 10:32:42,"Para la 1931:
Nada. Personas bonitas hay y habrá muchas como para andar hablándole a cada una. Pero una persona especial, con la que pasar el rato, que las horas sean como minutos...por alguien así si me la jugaría a dar el primer paso",,Sansano iluso
19/6/2025 11:19:31,"Sananitos qlos llorones, nos jactamos de estudiamos en una universidad exigente como dijo una confe anterior y ni cerca, los de mate 3 lloran porque salió una integral
 ( que si estaba difícil pero no imposible) pero esa es verdadera exigencia, aaa pero a penas hacen eso lloran, diciendo ‘’eso es materia de mate 2 no debía de entrar” quieren todo regalado, mate 3 fue un regalo, si no lo pasas es porque literal nose xd falte a todas las clases pero hay material de sobra en internet yo mínimo encontré 2 playlist en YouTube se ayudantias, sin contar todo el material del siga aparte que teni a 3 profes que han grabado el curso. La u debería hacer pruebas más largas de 2 horas donde te regalen 45 puntos con preguntas relativamente directas y los demás puntos sean de preguntas que realmente te hagan pensar donde te tires 20 minutos pensándola y otros 20 haciéndola, eso realmente es exigencia, eso realmente es un desafío, no me siento orgulloso de estar pasando mate 3, fue un desafío pasarla sin ir a clases ni ayudantías ( aun que baje considerablemente el promedio en comparación a otros meses) pero deberíamos pedirle a la u que nos exija mas, tenemos muy pocas horas de cátedra, en la u de chile tienen calculo varias variables y Edos como cursos separados, profundizan mucho mas, sus pruebas son de 3 horas ( igual es el otro extremo) pero Porfavor, hago esto no para hacer sentir mal a aquellos que no les va bien, ni para creerme el cuento por pasar mate 3 a la primera, pero hermano dejen la arrogancia de lado wn no somos mejor que nadie, compare los cursos de mecánica intermedia nuestros con el de mecánica clásica de la u de chile y es superior, hermano no nos creamos el cuento, estamos bien pero podríamos estar mejor, cómo estar mejor bueno sencillo, guarda el semen en una botella y te haces enjuagues bucales matutinos si eres muy lechero lo llevas a la u y lo compartes, más de un teleweko te lo agradecerá 
Atte: un teleweko 
Posdata: FEMBOYS CULIAOS ME CAEN MAL SE HACEN LOS RICOS LOS WWN Y SON PUROS WEONES MARICOKES CULIAOS NO LE PONGAN TANTO COLOR POR PRESTAR EL CHICO 
POSDATA 2 : Diego gift te pasó por el pico ",,🏛️ San Joaquín
19/6/2025 11:19:45,Que es charaovi,,🏛️ San Joaquín
19/6/2025 12:21:31,Ando testiculando auxilio,,🏖️ Viña del Mar
19/6/2025 12:23:13,"Quiero parejaaa en la U 😞, siento q seria bonito tener a alguien con quien poder estar abrazados cuando nos sintamos agotados, y no solo buscar algo sexual si no q crear esa conexión q pueden hablar de cosas q los estimulen mentalmente, me considero una persona q alguien q me estimule intelectualmente me gusta más q el físico, minita triste por el momento 😞",,🚢 Casa Central
19/6/2025 13:28:37,"Consejos y protips, para estudair y poder aprobar programación, me esta costando caleta las tareas nunca las entiendo (no he aprobado ninguna :() y me fue horrible en el certamen. Por más que trato hacer ejercicios no puedo y ya no se que hacer. AYUDA URGENTEEE!!!!! 😔",,🏛️ San Joaquín
19/6/2025 13:46:23,"Al de la 19:06 es normal eso. Siempre habrán personas que encuentres atractiva de manera platonica, romántica, y sexual, y no significa que estés pensando con la pichula si te atrae sexualmente, simplemente significa que sientes que podrían ser compatibles, es algo hormonal. Así que no te sientas culpable. Ahora, podrías decirle y ver si tiene ganas de tener sexo, o aguantarte las ganas por no querer cagarla. ",,🏛️ San Joaquín
19/6/2025 13:49:25,"Para la 18:15, no sabes de qué carrera es ni nada?? En una de esas puede q sea yo, igual soy terriblemente tímido así que f 😸😸",,🏖️ Viña del Mar
19/6/2025 14:27:24,"Hola, estoy creando un server de Minecraft, llamado Nutrias SMP, este server se abrirá el viernes 20 de junio a las 6:00 PM, a continuación dejo el discord del servidor:
https://discord.gg/2HqCBGFvfE",https://drive.google.com/open?id=13TNv40DEhclsZcpMQhseVpmCkc6_Nq8l,🏛️ San Joaquín
19/6/2025 16:03:26,"Oe como chucha censuran tanto las confesiones lokoo hay una que literalmente tiene todas las palabras tachadas, este nivel de censura parece korea del norte",,🏛️ San Joaquín
19/6/2025 16:06:22,Estaba almorzando en el p y un weon pego un grito de la nada weon raro,,🚢 Casa Central
19/6/2025 17:39:18,"Oe los q se van a pajear a los baños, ¿todo bien en casa?",,🏫 Vitacura
19/6/2025 17:45:28,"Para la confe 1929.

Todos los mechonos de comercial tienen una cara de perkinazos que ni se la aguantan, algunas minas tambien",,🚢 Casa Central
19/6/2025 20:06:38,Hola! ,,🚢 Casa Central
19/6/2025 20:22:13,que wea la alarma que ponen en la biblioteca para avisar que van a cerrar? pensé que me estaba yendo al cielo,,🚢 Casa Central
19/6/2025 21:02:37,Hoy en el casino vi a un chico de poleron gris un poco moreno que andaba con otros 2 (creo) tipo 12 30 nos tiramos hartas miraditas si ves esto buscameee estudio arquitectura soy la chica del poleron azul q estaba en esas mesas de 2,,🏛️ San Joaquín
19/6/2025 21:44:25,"Me eche mate 1
Preguntas?",,🏛️ San Joaquín
19/6/2025 21:44:47,"Me culeo 140
Dudas?",,🏛️ San Joaquín
19/6/2025 21:45:06,"Me eche quimica
Preguntas?",,🏛️ San Joaquín
19/6/2025 21:46:39,"Me echaron de relaciones
(No iba a ninguna clase)
Dudas?",,🏛️ San Joaquín
19/6/2025 22:26:34,"aaaa que ojitos más lindoss, pucha si me dejara... me pasaria un buen rato acariciando su pelo y mejillas, ella me importa mucho ☺️☺️, pero me da cosa que ella sepa que soy asi de tierno y se malinterprete (soy hombre y aun estamos de amigos)",,🚢 Casa Central
19/6/2025 22:35:04,"Cual es el ig, de la niña que bailo cueca en el bingo?. 
pd: bailaste hermoso",,🚢 Casa Central
19/6/2025 22:55:43,"Alguna chica linda y bien blandita para hacernos pololos, que está terrible helao como para hacer la hora solo en la u 
",,🏖️ Viña del Mar
20/6/2025 0:10:55,oe sea serio ,https://drive.google.com/open?id=1BEGEiYpCOPgHR2-AEJF3LNWcBByf62le,🚢 Casa Central
20/6/2025 0:22:20,"Los que cachan a hesse kassel

Mariposa o G.O.A.T",,🏛️ San Joaquín
20/6/2025 7:30:49,Para la respuesta 18:15 de sede de viña no tienes mas especificaciones asi como para saber quien es ?,,🏖️ Viña del Mar
20/6/2025 10:47:34,Para la confesión #1924 esto es para ti,https://drive.google.com/open?id=1Zp7I8DQWNDPl8E8jVY6EV-XPbaIGJYyc,Anonimo
20/6/2025 17:29:27,"Martina te extraño chiquilla hermosa sueño con el día en que te cuente mi vida ahora y tu a mí la tuya, se que ahora estas bien y feliz pero estás en cada canción, gato, atardecer y felicidad que tengo, acá un mechón de la uch que extraña a su mejor compañera de vida:( ojalá lo leas marti",,🏛️ San Joaquín
21/6/2025 13:32:12,Alguien podria explicar como se hace para vender en el C?? donde se pide permiso o algo asi porfii,,🚢 Casa Central
21/6/2025 14:34:36,"He visto a una cabra que le han pedido el instagram como dos semanas seguidas en la entrada de sj, me pregunto que pasará por su cabeza y si les dijo que si o que no :o",,🏛️ San Joaquín
21/6/2025 16:33:05,"Wn soy una vergüenza en frente de los otros en el campus. Cada vez que voy a orinar, veo como son los pitos de los otros y me doy cuenta que mi vienesa es bien enana, de como 4 cm, y que para cumear me demore como 7 minutos y mi amigo se demora como 2. Alguien ayudeme.",,🏛️ San Joaquín
21/6/2025 16:41:53,"Me encanta que todos en esta u se pelean con idioteses sin fundamento y luego se perdonan como hermanos.

Com eso dicho, solo dire que la Cato es mejor que el Colo ⬜🟦⬜",,🚢 Casa Central
21/6/2025 17:01:43,Meme,https://drive.google.com/open?id=1DTp6nUbifjeFh6Zh3C-1uIKHhRqvd6tG,🏛️ San Joaquín
21/6/2025 17:03:44,Claudio Troncoso es la peor wea que le pasó a mat-022,,🚢 Casa Central
21/6/2025 17:07:32,Otro meme,https://drive.google.com/open?id=1FLF8KV8wTz_ieNwTa5hy87gR6KmjsPEi,🏛️ San Joaquín
21/6/2025 17:24:54,"A ver si entendi, ahora además del Carlisho prime, tenemos al Segundo Carlisho (Iza@ac), al Carlisho Ayudante (Mauri), la Carlisha de sedes (Blackzeta) y la de casa central (Incognita). Hay algún otro carlisho que me estoy olvidando?",,🏛️ San Joaquín
21/6/2025 18:12:58,Pa los desactualizados mandem lore del sonic🥲,,🏛️ San Joaquín
21/6/2025 19:15:04," Matías Fuentes de arqui, anda contagiando sarna, y varias its 🤮🤮🤮",,🏛️ San Joaquín
22/6/2025 0:35:52,"SON REALES TODAS LAS ADVERTENCIAS MECHONES QLIAOS, NO SE METAN CON ALGUIEN DE SU CARRERA ME HICIERON CAGAR. NO SE COMAN A LOS/LAS DE AÑOS SUPERIORES Y MENOS SI SON DE INFORMÁTICAAAAA (Yo el mechón qliao que el próximo año se va a comer a una mechona para hacerme justicia)",,🚢 Casa Central
22/6/2025 3:00:46,"Llevo más de un año soltero y no he tenido nada de aventuras casuales con alguna, extraño culear con mi ex :( y sentir su calor",,No nada
22/6/2025 6:53:11,"los baños de discapacitados son god, aunque se que no deberia usarlos no me resisto",,🏛️ San Joaquín
22/6/2025 15:11:47,Ola hay un mino que juega voley los martes en el bloque de las 2:40 y tiene un tatuaje en su brazo izquierdo PASEN SU IG PORFA ,,🏛️ San Joaquín
22/6/2025 15:33:45,Ya llevamos tiempo hablando. no será hora de salir a lokiar?,,🚢 Casa Central
22/6/2025 20:01:13,Qué onda con Charaovi?,,🏛️ San Joaquín
22/6/2025 22:32:34,Lit,https://drive.google.com/open?id=1Cb7gerfGfiQRN-kH-fkoI72AzDs_lpgx,🏖️ Viña del Mar
23/6/2025 0:20:30,como hago para que me deje de gustar ese weon,,🚢 Casa Central
23/6/2025 0:37:41,"Soy el de la 1798, si saco 65 en el control 3, el certamen 3 y el recuperativo apruebo el ramo (en el certamen 2 me saque un 21 XD)",,🚢 Casa Central
23/6/2025 8:12:43,Callen a las que hablan como españolas por favor wnnn,,🚢 Casa Central
23/6/2025 9:59:53,"Para gente que a congelado, la primera vez que congelaron que documentos necesitaron para hacerlo y presentarlo a la asistente social? Cuáles son exactamente ",,🏛️ San Joaquín
23/6/2025 12:40:02,una mina anda colgandose de kbros para sacarle pica a su ex !! tengan cuidao,,🚢 Casa Central
23/6/2025 16:27:57,Martín Calderón awnao ,,🏛️ San Joaquín
23/6/2025 16:29:08,No es confe pero que pasó hoy con tanta ambulancia?😨,,🏛️ San Joaquín
23/6/2025 17:03:39,soy mechona y me quiero ir a la casa central para el proximo año que me recomiendan?,,🏛️ San Joaquín
23/6/2025 17:17:28,"Había una chica con gorra/boina de evangelion en la entrega de Certamen/controles de fis130 y me pareció bonita pero me dió wiwi acercarme a pedirle el ig, si lees esto porfavor reportate",,🚢 Casa Central
23/6/2025 18:12:45,"Buenas, encontré un cargador negro perdido en la sala B013 hoy 23/06. Lo dejé recién en objetos perdidos en el cuarto piso para que lo vaya a buscar su dueño.

Imagen de referencia porque no le saqué foto xd",https://drive.google.com/open?id=1InaNME6c74etWn_I3zIsWBLyxO9MmN4j,🏛️ San Joaquín
23/6/2025 18:48:03,"Hay una profe que hace física q es bajita y la encuentro tan hermosa, me tiene enamorao, me colaba a sus clases solo para verla",,🏖️ Viña del Mar
23/6/2025 20:53:45,"Arreglen la caga de siga, se va la sesión a cada rato, me voy a volver loco ",,🏫 Vitacura
23/6/2025 22:48:24,"Hoy vi a un lokito que estaba como con una musculosa y era medio metalero, me gustó 🥴",,🚢 Casa Central
24/6/2025 0:55:11,"JUDIOS HIJOS DE PERRA. 
SE HA ACTIVADO EL PLAN ANDINIA🗣🔥🗣🔥, REPITO SE HA ACTIVADO EL PLAN ANDINIA 🗣🔥🗣🔥🗣🔥TENEMOS QUE BOMBARDEAR JERUSALEN ANTES DE PERDER LA PATAGONIA 💣🔥💣🔥💣🔥💣🔥💣🔥💣🔥",,🏛️ San Joaquín
24/6/2025 2:30:33,Hay un mechón de ing civil industrial que creo que le decían Benja que dijo en el baño que le tenia full ganas a una de sus compañeras de proyecto inicial q se llama Renata y no sabia como acercarse a hablarle.,,🚢 Casa Central
24/6/2025 12:28:54,"Enserió pq los hombres andan tan princesos, te juro que no lo soporto q les cuesta tener iniciativa, arriesgarse wn y después dicen que uno no los pesca.",,🏫 Vitacura
24/6/2025 16:05:31,"Me carga la gente que usa la biblioteca para todo menos para estudiar. Van solo a comerse y conversar, sin ningún respeto. ¿Tan difícil es quedarse callado un rato?",,🏛️ San Joaquín
24/6/2025 18:56:24,"ghostie a un wn de otra carrera y ahora me arrepiento:(, que puedo hacer¿",,🚢 Casa Central
25/6/2025 0:14:23,"Estoy odiando mi carrera. Odio los trabajos en grupo, odio la gente inepta y los estúpidos. Odio la irresponsabilidad y la indiferencia. Odio que estando por egresar tenga que estar besando pies para que aporten en los trabajos. Odio que me hayan echado una vez y que esta clase de gente, no sé cómo, siga en pie. Claramente no soy la persona más inteligente; reboté 4 años en las mates y me cuestan simples números. Pero cómo alguien que no va a clases y pasa copiando ha llegado tan lejos en la carrera? Cómo alguien así va a salir con el mismo cartón y va a buscar las mismas pegas que yo? Siento tanta injusticia, y siendo más honesto, envidia. Envidia de los que la tienen fácil, de los que se rascan las bolas y pasan los ramos con el celular bajo la mesa. Envidia de su viveza porque soy más pavo que la chucha, me da miedo copiar, me da vergüenza hacerme el weon. A veces me gustaría pasar por encima de todo y todos.",,🚢 Casa Central
25/6/2025 5:01:00,"Es curioso... Algunas veces al caminar por la universidad me encuentro con una niña realmente bella. Alguien alta, de tez pálida, cabello ondulado y lentes curvos, de informática si no me equivoco, como suelo hacer... 
Desde que la conocí por primera vez no habré intercambiado más que un par de palabras con ella, pero aún así, cuando cruzamos miradas en algún pasillo, nos regalamos una cálida y sincera sonrisa el uno al otro, aún siendo completos extraños desde hace ya tiempo...
Parece una persona amable, lista y sencilla, de rasgos alegres y con quien sería dichoso de escuchar cual sea el sentimiento que ella deseara expresar.
No puedo asegurar que leas este mensaje, pero si estás palabras llegan a ti, se que me recordarás y sabrás que estoy hablando de ti en particular. 
C..., ¿por qué no la próxima vez que nos volvamos a encontrar me cuentas un poquito de tu día, de tus sueños y pesares? ☄️✨",,🏛️ San Joaquín
25/6/2025 7:48:24,"Que vuelva la prioridad 🙏,¿Como es posible que los tengan buenas notas no tengan más prioridad para tomar ramos?",,🏛️ San Joaquín
25/6/2025 11:40:33,"Pregunta para los experimentados, curse Fisica 110 en el primer semestre ya que por aprobar un examen nos dejaron adelantarla, ahora nos estan ofreciendo adelantar FIS130 para este segundo semestre, consideren que solo se intro al calculo (Mat70) y algebra basica (mat60) sera recomendable adelantarla? Tengo chanches de pasar? La verdad no pase con mal promedio fisica 110 pero me costo mucho he de decir",,🏛️ San Joaquín
25/6/2025 17:40:22,Aldo Cabrera y su morbo con las cagas de trigonometricas. Te odio DMAT,,🚢 Casa Central
25/6/2025 20:24:11,Cuenten la verdas: Quien se intento suicidar en cc hoy miercoles 25. Los baños del patio central tenian una posa de sangr3 enorme.,,🚢 Casa Central
25/6/2025 20:34:23,Mandaron un correo de asamblea extraordinaria que paso el lunes para que citarán a eso,https://drive.google.com/open?id=11zs7f2dyajq0zGLsDN_GODOYs7ak2zYU,🏛️ San Joaquín
25/6/2025 22:20:48,nos vamos a paro?🥺,,🏛️ San Joaquín
26/6/2025 3:11:15,"Tengo un compañero que es parte de mi grupo de amigos y me gusta mucho (soy mujer), nos vemos casi toda la semana y nos hablamos todos los días, mis otros amigos dicen que es muy probable que sea mutuo y que le chante el beso no más pero tengo miedo que me esté pasando rollos con él y después sea muy incómodo, ayudaa ",,🏛️ San Joaquín
26/6/2025 10:35:10,"busco gente enferma como yo que juegue osrs pa q aprendamos a hacer raids, el otro dia vi un wn cortando arboles magicos en la biblioteca mientra estudiaba dejen su user",,🏛️ San Joaquín
26/6/2025 14:01:42,"Si el vicerrector mintió en su testimonio sobre un alumno que casi se muere para quedar bien, que nos queda a los demas alumnos de esta institución?",,🏛️ San Joaquín
26/6/2025 14:02:32,char recomiendan dar FIS120 Y FIS130 a la vez pero con el lab de 130 convalidado?,,🏫 Vitacura
26/6/2025 14:04:37,¿Qué pasó el lunes 23 de julio de 2025 y por qué hay posibilidades de irse a paro?,,🏛️ San Joaquín
26/6/2025 16:09:03,"Como es posible que la universidad se lave las manos, mienta a sus alumnos y no nos asegure la seguridad del alumnado, que los desfibriladoradores se encontraran descargados cuando un joven necesite reanimación, que fallen miles de protocolos con los empleados y pretendan que sigamos como si nada.
Deberíamos habernos ido a paro en el momento que el Whatsapp que envió el vice-Rector resultara decir mil mentiras sobre los hechos y que la narrativa de lo que pasó se demostrara ser una manipulación de los hechos, no es posible que nos quedemos de brazos cruzados.",,🏛️ San Joaquín
27/6/2025 12:51:39,u qla fome revivan cerrito,,🏛️ San Joaquín
27/6/2025 20:00:43,"Se busca Canelita pa este Doom Slayer, 21 años, idepiano, más tierno que combo en cámara lenta. Sincero, ñoño y buena onda. Quedo atento a los likes ☺️",,🏛️ San Joaquín
27/6/2025 20:41:42,"pa ese wn de primero que se las dió de profe y a todos les fue mal, y que despues andaba vendiendo tareas hechas con chatgpt a 10 lucas jamandkndms no aguantó la presión y se fue de la carrera lol entero logi",,🚢 Casa Central
28/6/2025 11:05:16,Pa qué nos dejan pedir sala los sábados pa estudiar antes del certamen si uno llega y no pasan las llaves?,,🚢 Casa Central
30/6/2025 19:52:44,"Top baños de SJ;
1. Los del K: piolitas, limpios y privados. El único contra que tienen es q son chicos pero son ideales pa cagar tranquilein.
2. Gimnasio: Pongo estos baños acá porque muy poca gente va y la taza es muy cómoda. 
3. Los del F: Limpios y bonitos a la vista. De los mejores cagones que me he pegado. Contra: Entre bloques pasa harta gente.
Baños malos ahora: 
Los del A: weas feas, pasa mas gente q la xuxa y casi nunca hay confort. El q está cerca del F está como inundado siempre.
Los del B: lo mismo q los baños del A solo q estos reciben mas aseo y hay confort. 
Los del E: no existen, quedan a la xuxa y están escondidos. nadie va",,🏛️ San Joaquín
30/6/2025 20:57:35,Los de 2do año de ing en proyectos vespertino valen ******,,🏛️ San Joaquín
30/6/2025 21:43:58,"la otra vez estaba en la biblioteca en el piso de abajo y había un cabro que estaba durmiendo y sus amigos le estaban sacando fotos, cuando lo veo siempre anda como con gorro o bandana si alguien lo cacha pq me da vergüenza hablarle, le vi el pin de electrónica en la mochila, creo que es mechon  ",,🚢 Casa Central
1/7/2025 13:27:31,Saben cuanto pagan las ayudantias del dep humanista?? ,,🏛️ San Joaquín
1/7/2025 19:59:15,"Yoslandy Lazo CTM, corrige como si supera enseñar 💀",,🏛️ San Joaquín
2/7/2025 0:45:09,"Sé que todos los semestres de la USM son estresantes, pero ¿soy el único que cree que este ha sido de los más brígidos del último tiempo? ",,🚢 Casa Central
2/7/2025 1:44:19,"Hay una chica de mi paralelo de crecimiento y desarrollo personal (lunes) que me parece muy linda y tierna, creo que se llama Carolina, es bajita, con lentes y pelo medio corto, por si alguien sabe su Instagram lo agradecería 😶‍🌫️",,🚢 Casa Central
2/7/2025 9:02:09,Pase IG de el Miku,,🏫 Vitacura
2/7/2025 14:11:34,@daily_cat_dancee para que vayan a pedir su canción diaria y vean al gatito bailar🥳,,🏖️ Viña del Mar
2/7/2025 17:25:24,ignacio acuña verde por las mechonas y va como en 7mo año el ql q se preocupe primero de sacar la carrera😂,,🏫 Vitacura
3/7/2025 15:05:29,"Al benjamin araya contreras de ingeniería comercial no se le para la pichula y usa productos para que le crezca el pelo, de paso, es terrible maricon con las mujeres, WUAJSJWJAJA",,🏛️ San Joaquín
3/7/2025 21:44:24,te extraño :(,,🏛️ San Joaquín
3/7/2025 21:49:44,intentemoslo una vez más¿,,🏛️ San Joaquín
3/7/2025 21:59:17,Se fueron al chancho con mat-021 este año como no va a haber material para estudiar al nivel de las pruebas y hacen pruebas con preguntas que ni ellos entienden,,🏛️ San Joaquín
3/7/2025 22:05:34,"holi, pasen el ig del chico con pelito todo decolorado rubio/blanco, porfi :) ta todo guapo.",,🏖️ Viña del Mar
4/7/2025 1:17:49,culeo tan poco con mi pololo que yo creo que volví a ser virgen... nunca pensé que a esta edad iba a tener una vida sexual digna de señora de la tercera edad,,me falta pico
4/7/2025 1:38:27,"creo que si se puede volver con una ex si es que aún se aman, inténtalo bro una vez más. juegatela ",,🏛️ San Joaquín
4/7/2025 11:47:51,"me eche FIS100, saben si el próximo semestre puedo cambiar de paralelo y con q profe me recomiendan tomarlo",,🚢 Casa Central
4/7/2025 20:56:10,"yo estoy enamorada del ayudante de fis100, era lo único emocionante de ir a física los viernes en la mañana
q lastima q no alcancé a pedirle el ig ",,🏛️ San Joaquín
5/7/2025 0:17:26,Yo confié en él y creí que teníamos una conexión especial pero supe que sus amigos hablan pésimo de mi y él participa en eso ¿cómo se sentirían ustedes? ,,🚢 Casa Central
5/7/2025 17:48:26,Uno de los ramos lo modificaron con el fondo del Balatro XDDDD,https://drive.google.com/open?id=19Wb0Dhx5hJmPzcrajpFLJYvEcwTXXxrF,🏛️ San Joaquín
7/7/2025 10:39:35,"QUIEN CHUCHA PONE LA TEMPERATURA DE LOS AIRES ACONDICIONADOS EN EL NOAC WEON. No reclamo nunca por aca pero ya me parece increible que la wea este siempre a 30 putos grados y con las ventanas cerradas que ya sofoca conchetumare. Que tanto les cuesta mantenerlo a 21 grados o por ese rango mierda, y no me vengan con que es wea de gustos porque esa es la temperatura en la que el humano no tiene que andar sobregastando energía para mantener la temperatura corporal, le permite estar en cierto equilibrio con el ambiente mierda ¿como no cacham que cuando hacen 30 putos grados andamos todos sopeados y los mierda los ponen voluntariamente? perdon pero ya me tiene chato ql.

En resumen, mantengan la temperatura en 21 weon por favor",,🏛️ San Joaquín
7/7/2025 19:59:05,"90% de los hombres de esta u, son unos infieles culiaos, aviso.",,🏛️ San Joaquín
8/7/2025 14:54:25,"Martes 8 de julio me encontre una cadena y unos aros en el patio central, preferi tenerlos yo a dejarlos en porteria, si se encuentra de quien son, que me hable.",https://drive.google.com/open?id=1pmEVsjGeVMdIk4fzDCiilE6F3aUnnwST,🚢 Casa Central
8/7/2025 19:46:04,"Algún técnico o ingeniero en electrinica que ande con ganas de ganarse una monea, de la sede de conce, nada complejo, le tomara a todo reventar 2 horas ",,🌳 Concepción
8/7/2025 20:47:58,Oiee pasen el ig de la Belén de TUMA la encuentro linda pero se me olvida pedirle el ig,,🏛️ San Joaquín
8/7/2025 23:21:58,"pense que comercial eran ma entretenido pero niun wn saca carrete ni a la disco.
se pasa fome en stgo",,🏫 Vitacura
8/7/2025 23:22:01,"De verdad que te odio, odio como siempre me manipulas para que siga contigo, odio estar contigo y no te amo, solo quiero que me termines luego para que me dejes en paz de una puta vez",,🚢 Casa Central
8/7/2025 23:28:01,"para la de la 1992, tienes algún estilo/expectativa de persona como requisito? 🤭",,🏫 Vitacura
8/7/2025 23:30:25,Suban la que mandé de la chica a la que le pidieron el ig 2 veces🤧,,🏛️ San Joaquín
8/7/2025 23:31:14,"Mi amigo personal panchito, esta todo rico, la tiene enorme, como la de un burro 💞 ",,🏛️ San Joaquín
8/7/2025 23:48:01,si me dieran una moneda por cada confe fome q leo taria forrao en plata,,puros wnes los de electrica 
9/7/2025 0:04:37,Sarita vieja ctm pasame las notaaaas,,🏖️ Viña del Mar
9/7/2025 1:00:46,"Alguna mina TEA, que huela a humedad y que tenga la pieza hecha pico de desordenada en esta sede?",,🏖️ Viña del Mar
9/7/2025 1:30:43,Me enamore y es mutuo Pero aún tengo inseguridades de las relaciones pasadas algún consejo?🥲,,🚢 Casa Central
9/7/2025 2:41:00,Dato de Glory hole por viña o valpo?,,🏖️ Viña del Mar
9/7/2025 10:37:19,Tips para pasar 140? Ya voy por vtr2 😔,,🚢 Casa Central
9/7/2025 11:08:13,"mechones culiaos, nunca los había odiado hasta que en pleno certamen tuvimos que salir a hacerlos callar CUATRO VECES porque se pasaban por el pico lo que les decíamos. Aprendan algo de respeto wn",,🚢 Casa Central
9/7/2025 11:13:00,"Es normal? Todo el tiempo que estamos solo me chupa las tetas, parece un bebé amamantando; siento que me las va a secar. Llevamos 3 años y esto empezó cuando el agarró confianza conmigo (era muy timido) y ahora no podemos dormir juntos porque se me prende y me las chupa, lame, succiona, juega, etc. Es esto normal? la verdad es que no me molesta pero me da un poco de cosita.
PD: no soy mujer, soy telematico, solo estoy un poco gordo, necesito su ayuda",,🏛️ San Joaquín
9/7/2025 11:43:25,"QUE PASA CON LAS CONFECCIONES PORQUE SE HAN DEMORADO TANTO, NO TENGO MATERIAL PA PAJEARME NO SE XUXA PASA AQUI LLEVO COMO 1 MES PAJEANDOME CON CONFECCIONES ANTIGUAS, QUÍMICA Y SOCIEDAD TE PASO POR EL PICO Atte un ingeniero civil físico que onda química y pa remate tendré que dar otra más ÓSEA QUE XUXA Y LAS CONFECCIONES PA CUANDO TENGO LA TULA DURA PERO NO PUEDO ACABAR SI NO TENGO MIS CONFECCIONES UWU",,🏛️ San Joaquín
9/7/2025 11:43:43,Que pasa con charaovi ,,🏛️ San Joaquín
9/7/2025 12:58:01,"Alguien sabe si hay algun grupo de venta en wsp
Para comer y para fumar jaja ",,🏛️ San Joaquín
9/7/2025 14:18:18,"Oh tio pelao que con tu calva ilumina el M, cuando te veo me explotan los capacitores y me rectifica la vida verte enojar ,oh tio pelao dejame amplificar tu vida como transistor en su punto Q....",,🏖️ Viña del Mar
9/7/2025 17:04:30,"Me eché la carrera




Hagan sus preguntas",,🚢 Casa Central
9/7/2025 17:48:15,"Soy mechona de civil civil y tenia que presentar unos puentes, ese día en un grupo había un niño con un pantalón morado y una chaqueta negra con blanco estaba muy lindo >~< pero me dio vergüenza acercarme...😭😭😭💔",,🏛️ San Joaquín
9/7/2025 18:43:32,"
hola, soy tu casi algo, volvamos?
",,🚢 Casa Central
9/7/2025 19:52:27,"hoy 9 de julio de 2025 vi a una niña media bajita en la biblioteca cuando estaba saliendo y era muy linda, tenia un pelo mas o menos largo y su mochila llevaba un peluche de kenny de south park, pasen el ig 🙏",,🚢 Casa Central
9/7/2025 20:38:29,"bancan tomar mate 4, fis 120 y termo a la vez?",,🏫 Vitacura
9/7/2025 21:11:10,alguien sabe donde se puede tirar carta? quiero ver si puedo salvar algo pq me fue como el pico en los globales :(,,🚢 Casa Central
9/7/2025 23:09:31,"Que alguien se tire el contexto de porque el carlisho esta eliminando a una chica que se llama ""gatita"" en los grupos del mercado ¿que paso ahí? Hasta elimino un mensaje que ella mandó ¿se puede hacer esa wea? El carlisho es hacker ",,🏛️ San Joaquín
10/7/2025 3:05:28,"donde estan las dolls 🥺 
donde esta mi pueblo
necesito a mi gente",,🏛️ San Joaquín
10/7/2025 7:31:00,alguien que de clases particulares de mate 3 el prox semestre en cc?;(,,🚢 Casa Central
10/7/2025 9:36:27,"dejen de comerse en los baños, le digo al minero k va en segundo año medio gordo que juega rugby con uno de la selección de futsal creo k se llama jcovo",,🏛️ San Joaquín
10/7/2025 13:20:24,"Hola, me quiero preparar estas vacaciones para quimica de procesos y elementos, algún libro que este en la u que recomienden?",,🏫 Vitacura
10/7/2025 22:17:50,"Que te dejen el enviado y que suban notas o historias es lo mismo q dejar el visto, no digan q no vieron los mensajes todo mensaje es respondible sean responsables afectivamente y digan q no quieren hablar o algo en vez de dejar hablando sola a la otra persona, porque eso es también una falta de respeto weon",,🚢 Casa Central
11/7/2025 10:00:14,"Hola, el año pasado había alguien que vendía audífonos a 500 en el noac, antes de que los scw de la U prohibieran el mercado

Dónde los comprabas o dónde los vendes, son los mejores audífonos baratos que he tenido y necesito unos varios xfa",,🏛️ San Joaquín
11/7/2025 14:51:04,"Mi gente, tengo un problema porq me eche un ramo de carrera y ya mande carta para la excepcion, alguien cacha alguna carrera que me admita en sj que acepten eliminados? o tambien me sirve en vita. Mucho exito a todos en el fin de semestre",,🏛️ San Joaquín
11/7/2025 14:51:56,Cual es la probabilidad que mande carta por dos vtr 3 y que me la acepten y pueda tomar los ramos de este segundo semestre en la u? ,,🏛️ San Joaquín
11/7/2025 22:15:24,"Me eche estructuras de datos, cagué con la carrera?",,🏛️ San Joaquín
12/7/2025 15:37:03,Hay un cabro de telematica qué parece que le dicen moya alguien tendrá su ig lo encuentro entero mino 🫦🫦,,🏛️ San Joaquín
12/7/2025 20:14:56,talf el mejor ramo junto al mejor profe,,🏛️ San Joaquín
13/7/2025 23:18:22,Recomienden profesores para mat071,,🚢 Casa Central
13/7/2025 23:19:41,"“F"" PAGAME LA PLATA ",,🏖️ Viña del Mar
13/7/2025 23:37:34,oh loco kiero puro chupar choro,,🏛️ San Joaquín
13/7/2025 23:38:52,"Para el de la confe 20:50, aguante GOAT !!! ",,🏛️ San Joaquín
13/7/2025 23:41:35,Pienso todos los días en el ayudante de FIS1OO,,🏛️ San Joaquín
13/7/2025 23:44:57,El mejor 3pa3,https://drive.google.com/open?id=1-d0kV2t9vsOrS9zXZcncWCbyyZZfIjEV,🚢 Casa Central
13/7/2025 23:50:41,el del 2056 acaba de admitir q va al baño a ver picos wn q chucha ajsksjkaaj,,🏛️ San Joaquín
13/7/2025 23:55:37,"porque son tan raros los de san joaquin?
pd: pq tienen esa fijación por los femboys? acaso les falta afecto femenino?",,🚢 Casa Central
14/7/2025 0:59:29,Como se puede saber si cambiaron a un coordinador o no?,,🏛️ San Joaquín
14/7/2025 1:17:17,"Hay una mina q siempre me putea en insta y creo q odia a los hombres. Yo ni la conozco en persona pero se q es de mi sede. Soy tonto, espantaviejas y me psicoseo por todo, no creo q yo le guste o quiera ser mi amiga. ¿Alguien entiende de esto? No me hagan bulin ya estoy harto :(",,🚢 Casa Central
14/7/2025 1:38:12,Yapo cuando su junta pa jugar al Tcg del poke 😩,,🏛️ San Joaquín
14/7/2025 2:03:05,"Separen las cagas de confesiones por sede, chantenle un # o alguna wea",,Rancagua
14/7/2025 2:23:33,"Uno de los profes de progra es terrible pajero, explica super mal, siempre llega tarde a clases, además para el certamen 3 el wn estaba en un meet de un trabajo como si nada xd",,🏖️ Viña del Mar
14/7/2025 2:29:40,"Wn yo me pregunto cómo chucha te echai 2 ramos que ya pasaste? (Contexto: soy de técnico en informática y hay un wn que estuvo en la ingeniería y se bajó al técnico porque se le hacía muy complicado) La wea es que el wn se echó análisis (ramo relativamente fácil) e intro a la informática po, lo peor esq el wn se pasaba de carrete en carrete todos los fines de semana xD, creo que el wn anda con gratuidad más encima, lo peor de todo esq al qliao le dió lo mismo echarse los ramos xD",,🏖️ Viña del Mar
14/7/2025 2:30:21,"Pase las mates, inscribo 140 al tiro asi a lo maldito o q pasa?, dime que pasa aver, dime po",,🏛️ San Joaquín
14/7/2025 2:40:30,"En respuesta a la confe que preguntaba como se hace para vender en el C, por reglamento no se puede hacer. Pero la U a veces hace ferias donde estudiantes con algún emprendimiento pueden anotarse e ir a vender, por lo general lo hacen en patio central, pueden ser organizadas por la U o por centros de alumnos. Otra opción seria anunciar lo que quieres vender por el grupo de mercado usm y despues coordinar por dm para entregar. Eso, espero te sirva persona desconocida",,🚢 Casa Central
14/7/2025 2:42:22,"Wn yo ya estoy medio viejo para opinar de ramos comunes (estoy en el magíster). Pero si me sorprende que ramos como progra y 140 sigan siendo igual de nefastos que cuando yo los di hace varios años wn, porque cuando leo las quejas acá son casi las mismas que había cuando yo los di. Y después la U anda llorando porque no les dan los 7 años de acreditación.",,🚢 Casa Central
14/7/2025 2:55:21,"Atenea qla, pasa mate 2, o mejor echatelo el otro semestre denuevo y asi te vas luego (ni idea si lo pasaste ahora o no)",,🚢 Casa Central
14/7/2025 4:25:33,Oe ctm ya llevo como 5 confes y ni una me la han subido son como el piko uno a veces queriendo encontrar a alguien o expresarse y no suben la wea  ,,🏛️ San Joaquín
14/7/2025 9:04:37,Como hago para desenamorarme de alguien de mi carrera y q más encima es amigo mio😞😞😞,,🚢 Casa Central
14/7/2025 10:16:42,"Pasen tips para conocer minas en la u
(No soy de casa central pero ahí están las más lindas)",,🚢 Casa Central
14/7/2025 11:07:39,Necesito chicas que quieras hacer videos conmigo para Onlyfans (preferible que sea de Santiago),,🏫 Vitacura
14/7/2025 11:48:10,Me gusta una alumna muy simpática soy gs,,🏖️ Viña del Mar
14/7/2025 14:56:08,POR LA CHUCHA NO SE CUANDO SE ACABAN LAS VACACIONES ,,🏖️ Viña del Mar
14/7/2025 15:06:38,Recomienden profes de 140 🗣️,,🏛️ San Joaquín
14/7/2025 16:05:00,te extraño mucho :c,,ninguno
14/7/2025 16:12:31,"Es increíble que cambiándose a la pucv salgas antes y te queden menos ramos, creo que la usach también es opción. Ojo sansanos",,🚢 Casa Central
14/7/2025 17:46:24,"Qué onda el orgullo de sufrir en la u, echarte hasta el alma y salir una década después ",,🏛️ San Joaquín
14/7/2025 17:55:23,"Qué le ponen color con las ""grandes"" copias en la u. La verdad es que nadie pasa copiando y si es así, es que está mal hecho el ramo. Lo otro es que muy normal en la u weon, en progra hasta se venden tareas y es común hacer las tareas con chatgpt (obviamente al más tonto lo pillan). Por qué si es tan ilegal copiar, no persiguen a las cuentas de instagram que andan vendiendo weás? Y lo otro, se han preguntado por qué uno llega a eso? Sí, la gran carga académica de esta weá de u que te hace usar el ""ingenio"" para pasar los ramos",,🏛️ San Joaquín
14/7/2025 18:13:02,"javiera soy entera maraka weon, mechona y maraka",,🏫 Vitacura
14/7/2025 19:49:36,Roberto Ruggerio te paso por el borde del picus,,🏛️ San Joaquín
14/7/2025 20:43:04,"la otra vez se me acerco un niño a hablarme dsp de clases (ya lo habia visto antes) PERO NO ME DIJO SU NOMBRE, conversamos dnvo y se me fue preguntarselo, dsp NO LO VI MAS (salimos de vacaciones)",,🚢 Casa Central
14/7/2025 21:42:32,Hay una mina que parece es de comercial tiene el pelo café largo y unos ojazos café igual va al seven porque la he visto por ahí pero no pillo su ig y me da miedo hablarleee he cachao que le dicen cona ,,🚢 Casa Central
14/7/2025 21:50:29,"quiero hacer amigos en esta u, voy en 3er año y me siento mas solo que la mierda :(",,🏫 Vitacura
14/7/2025 23:44:25,Q wea los de informática? Yo sé que no soy la única persona que tiene experiencias raras con los de info ,,🚢 Casa Central
15/7/2025 11:58:08,Alguien que me diga que tal es José Tapia para estadística pls no quiero tomar con villagol,,🚢 Casa Central
15/7/2025 14:58:58,"Como ya se viene >w< (se viene jajajaj) la toma de ramos, estoy revisando que tarifas aplicar para los puestos, denme su opinión:
>4000 - $2000
2500-3999 - $5500
1000-2499 - $7000
500-999 - $10000
250-499 - $15000
100-249 - $20000
50-99 - $25000
<50 - $35000",,🏛️ San Joaquín
15/7/2025 23:16:09,"Estoy buscando a una niña súper lindaaa, siempre la veo estudiando en el m con otra niña, tiene casquilla tiene el pelo largo y morena, andaba con cartera y su amiga con una mochila roja ",,🚢 Casa Central
16/7/2025 1:16:17,ATENEA 🎀. PAGA LA PENSION 🗣🗣🗣💋,,🚢 Casa Central
16/7/2025 2:57:10,"No soy de esta u, pero salí con un weon de ing en minas de aquí, recomiendo que se salten esa etapa. (Con la mina que esta saliendo ahora, amiga sal de ahí bdjdjdj)",,🤫
16/7/2025 11:35:37,pa entrar a industrial es requisito ser infiel ?? ,,🚢 Casa Central
16/7/2025 18:03:03,"Hay una minita de primer año de informática, pelo liso y oscurito, piernona y potona que me tiene mal 🥲. Siempre la veo en el gimnasio los lunes AM. Si pasan el ig me atrevería hablarle, me tiene mal con su carita de bebé",,🏖️ Viña del Mar
16/7/2025 21:40:59,Los wns del ceici (centro alumnos industrial) son una manga de wns tramposos y chupapicos que se metieron por beneficio propio a la wea 😴,,🏫 Vitacura
17/7/2025 13:43:01,"Se busca chiquilla para invitar a tomar técito al cafe cupido. Sin compromiso, solo conversar y conocer, alumni sansano de 100. Si le gusta el técito de like",,🏛️ San Joaquín
17/7/2025 17:03:35,"Tengo una amiga de astro, que me preocupa sus gustos, no sé si es por la ausencia de su papá. Pero si alguien de acá es psicólogo o tiene un dato de alguien particular que hable por acá. Mi amiga me ha dicho que le gusta a ese qlio del carlisho, siempre habla de que lo mucho que ha hecho por la u, y cada vez que manda un mensaje por estos grupos weones ella se emociona, e incluso la he visto preguntar cosas tontas solamente para que él le responda. Ayuda por favor no se que hacer con esta weona",,🏛️ San Joaquín
18/7/2025 16:07:57,Alguien tiene dato de psicólogo bueno? Ojalá que no esté tan lejos de la U o aunque sea online 🥹,,🚢 Casa Central
19/7/2025 14:36:26,Aca mechon que adelanto Fis111 en el primer semestre y salio vivo en el intento. Hagan sus preguntas,,🏛️ San Joaquín
19/7/2025 22:46:21,"Tanto informático/electronico/telematico y no son capaces de crean una buena página para la u, aparte cada día encuentro una nueva o una subvariante de la misma. Está el aula, siga, sireb, inscripciones, casino, biblioteca, biblioteca digital (esas son las q me acuerdo) además las páginas de cada departamento individualmente, q les cuesta hacer una sola con todo o una app",,🚢 Casa Central
24/7/2025 21:00:25,Hay alguna manera de no atrasarse si me heche calculo I?,,🏛️ San Joaquín
25/7/2025 14:54:31,Atención busco polola que juegue healer en overwatch soy main reinhardt para que me cure bien insano ,,🌳 Concepción
26/7/2025 2:08:08,"Loco he visto que pluxee ha ido a caleta de universidades menos a la nuestra, quiero puro robarme toda la mercancía o comida que tengan :( pa cuando?? Tengo hambre",,🏛️ San Joaquín
26/7/2025 2:14:58,"Alguien sabe pq chucha en el subterráneo de las k por el -2 a cierta hora sonaba una alarma? Tipo se quedaba así como por 2 minutos la caga, uno no podía estudiar tranquilo 🥀",,🏛️ San Joaquín
28/7/2025 15:24:42,Ig de Carlisho? Es para una amiga... 🤭,,🚢 Casa Central
28/7/2025 17:39:26,"Saben a mi me Me gustaría mucho vivir en un país comunista amo el comunismo he estado en cuba y no es como la derecha lo piensa saben que en cuba no existe el crimen ? En cuba todo el mundo vive tranquilo sin la presión del modelo capitalista es una sociedad bien hermosa y cálida. Me gustaría que chile por fin tenga la oportunidad de hacer un proceso de transición hacia al comunismo por qué el comunismo es como alcanzar el karma ya que es un estado social casi místico  en el que las envidias ,las rivalidades se ponen de lado para empezar a construir todos juntos como comunidad . Siempre respetando a las minorias ,la gente de color ,la gente decendiente  mapuche todos unidos bajo  los mismos derechos . Deberíamos darle una oportunidad al comunismo en chile jamás a habido verdadero comunismo siempre hemos tenido el mismo sistema neoliberal extremo desde la dictadura sangrienta de Augusto pinochet. Gente votemos en masa por Jeanette Jara y ganemoslo en primera vuelta .por un comunismo progresista ,ecológico y diverso cada mujer decidiendo sobre el aborto , cada homosexual ,lesbiana ,trans y todas las minorías viviendo en paz sin la amenaza del fascismo que los reprima y discrimine . Yo voy por Jarita en primera vuelta ❤️❤️, un cordial saludo al admi 🫂 buenas tardes pd: recuerden que el comunismo de hoy en día no es el comunismo antiguo ,Jara ofrece un comunismo renovado un comunismo progresista que respeta los derechos femeninos y de las minorías ,un comunismo social moderno justo y redistributivo mediante un estado de bienestar en materia económica y social ",,🚢 Casa Central
29/7/2025 15:25:14,"SOY YO EL CAECITA YA SABEN YA

atte: el caecita",,🚢 Casa Central
29/7/2025 19:11:48,"okay, misma carrera no, pero misma u?
estoy enamorada",,🚢 Casa Central
30/7/2025 19:13:43,"Para la confe 2080:
Hablaré desde mi perspectiva: Yo siempre he sido de tomar la iniciativa y nunca he sido correspondido.
He pasado por ""solo te veo como un amigo"", ""no estoy lista para una relación"", que le gusta otra persona, entre otras cosas. 
No me parece injusto que no me resulte con esas personas, es el hecho de que no puedo encontrar a alguien con quien si se de. Me siento bastante frustrado, insuficiente conmigo mismo con eso y por ello no quiero desgastarme más buscando, me sería grato que alguien si quisiera jugársela por mi.

PD: Déjate de webear con ese insulto, no tienen por que chucha cumplir con tus estándares.",,
30/7/2025 19:21:32,"Inscribí el ramo de Homero 
Hagan todas sus preguntas ",https://drive.google.com/open?id=1Cp_85HEDPMK-jorC6WxP-DAGN34xmLiB,🏛️ San Joaquín
30/7/2025 19:50:48,el q paso 110 y no toma 130 es weko,,🏛️ San Joaquín
30/7/2025 19:56:59,"Toi chat@ de mi grupo de amigos, peleas y dramas todas las semanas, se busca nuevo grupo porfa 🙏",,🏛️ San Joaquín
30/7/2025 19:58:59,Cabros alguien sabe si suma algo la asistencia de las clases normales? Siento que algunas cosas aprendo más en la casa hahahahahjd,,🏖️ Viña del Mar
30/7/2025 20:33:04,"Me vine a esta u pk me dijeron que habrían muchos gays lindos, me mintieron...",,🚢 Casa Central
30/7/2025 20:44:02,hay uno wn de icq que anda con mas de una,,🚢 Casa Central
30/7/2025 22:33:03,Para el 20:71 que we te pasa con Martín Calderón 🗣🗣,,🏛️ San Joaquín
30/7/2025 22:52:10,"Para 20:88, hasta eso reprobó",,🚢 Casa Central
30/7/2025 23:01:00,Solo para valientes seguir con la malla antigua💀,,🚢 Casa Central
31/7/2025 0:32:21,Suban el horario ql del semestre u qlia ,,🚢 Casa Central
31/7/2025 9:42:49,"Para la 20:83 déjame decirte que se soluciona fácil hijo de la maraca el selo es simple bastardo culiao, pa que te metí en comercial, cámbiate allá hay puros mediocres chupa penes. ",,🚢 Casa Central
31/7/2025 9:43:05,Charaovi anda muy raro últimamente ,,🌳 Concepción
31/7/2025 9:45:22,"Somos un grupo de amigos que nos juntamos a hacer competencias de eyaculacion hay 3 categorías por ganar 
1.- mejor olor 
2.- mejor consistencia
3.- mejor permanencia ( el Semen es medio blanquito con el tiempo como que se derrite)
4.- mejor sabor 
Somos 3 pilotos y 1 comercial alguien se quiere unir para tener nuevos panoramas.",,🏫 Vitacura
31/7/2025 11:40:53,Culeo tan poco con mi polola que yo creo que volví a ser virgen... nunca pensé que a esta edad iba a tener una vida sexual digna de un señor de la tercera edad,,🏛️ San Joaquín
31/7/2025 14:05:10,Puta los culiaos oh no suben niuna wea suban la confe de comunismo po ,,🚢 Casa Central
31/7/2025 14:39:10,Cuantas culieadas con su pareja consideran normal o ideal a la semana?,,🏫 Vitacura
31/7/2025 18:14:28,Que mierda es tuma?,,🏛️ San Joaquín
31/7/2025 19:33:22,"La palabra ""migajear"" se ha deformado mucho. Ser una persona migajera no es alegrarse cuando tu (ejemplo) pareja te regala flores por primera vez, sino que es cuando le has pedido varias veces flores, no te las ha dado, y cuando tú ya te quieres ir, recién ahí te da flores. Es mantener tu atención el tiempo suficiente antes de que tengan que ""esforzarse"" de nuevo. Hay que saber diferenciarlo, porque es un método de manipulación, y mientras más se confunda el significado, va a ser más difícil identificarlo.
Cuídense, aprendan a reconocer las verdaderas migajas <3",,.
1/8/2025 1:55:47,USM Y LA CONCHETUMAREWEON QUÉ MIERDA ES ESE HORARIO QUE ME DISTE WEON,,🚢 Casa Central
1/8/2025 2:49:41,"Me importa un pico lo espanta mujeres que sea, ver animes de romance es lo mejor del mundo.

Pd: la linea familiar termina conmigo",,🏛️ San Joaquín
1/8/2025 15:45:27,"Consejo para los que den mate 4
Si la respuesta no te dio 0 o multiplo de pi esta malo, da igual cuando leas esto",,Aplica pa cualquier wea
1/8/2025 17:34:49,"Pololié un tiempo con un chico, desde el inicio la relación fue muy tóxica, por ejemplo él me recriminaba cosas que había hecho antes de conocerlo. Intenté que las cosas funcionaran, también intenté dejarlo, pero él siempre encontraba la forma para que me quedara. Al final, no aguanté más y lo terminé por mensaje. Ahora mismo, me siento culpable, siento que debí haber hecho las cosas de diferente forma, no debí haberle dado una oportunidad, no debí intentar ""arreglar"" las cosas, porque siento que lo hice sufrir a él. Yo estoy tranquila, porque veo esa experiencia como un aprendizaje más, pero no sé porqué me siento tan culpable. 
A alguien más que haya estado en una relación tóxica le pasó algo parecido?",,🚢 Casa Central
1/8/2025 17:55:02,"Yapo denle estrógeno al Joaco, me lo quiero puro comer 😋",,🚢 Casa Central
2/8/2025 1:07:32,"latheralus314 es la contra parte mala de Diego hndz? Porque pura que desagradables son sus comentarios, aparte de cuenta fake. ",,🏛️ San Joaquín
2/8/2025 12:30:08,"Busco a una chica que se llama millaray estudia en VALPO/VIÑA, entiendo que se fue a Alemania un tiempo de intercambio el año pasado y perdimos contacto,😔 ojalas se reporte acá en insta. (Amiga con que por cosas de la vida dejamos de hablar un tiempo)",https://drive.google.com/open?id=1Zjc8ChycNE_gh6Qv6CnMxnhqj2Pwk4o0,🚢 Casa Central
2/8/2025 14:49:41,"Ya no publiques de que buscaba a una tal millaray, ya la encontré :v xd",,🚢 Casa Central
3/8/2025 23:12:53,"No me acuerdo que confe hablaba de esto, pero no es necesario mencionar la para que se entienda.
A veces me siento en el balcón, mirando al sol. Otras veces me siento y miro la luna y las pocas estrellas que se ven por la contaminación lumínica. Y pienso... ¿Tendrán más de 2 neuronas funcionales esas minas que llaman ""princesos"" a los hombres porque no toman iniciativa?
Llega a dar risa wn. Viven en una sociedad que ellas mismas crearon en la cual la palabra de una mujer prevalece ante la ley, en muchos casos dejando de lado el beneficio de la duda del hombre, a menos que este cuente con documentos firmados por la misma mujer dándole la razón. Incluso solo por educado o por caballero da miedo hablarles o siquiera mirarlas. ¿Y quieren que tengamos iniciativa? Están seriamente mal de la cabeza.
Hay muchos que le tienen verdaderamente miedo a las mujeres porque, unas palabras de ella, y la vida social, profesional y psicológica de alguien puede quedar desintegrada.

¿Y se enojan porque no tenemos iniciativa, luego de que mataron a la caballerosidad?

Increíble...",,El que le gusta la Atenea cuando se pone brava 🫦
4/8/2025 3:19:55,"Ya cabros, y si vamos al Teletrak a apostar por las uma musume chilenas?",,🏛️ San Joaquín
4/8/2025 3:30:15,"Recuerden señores, el largo de la espada no es lo importante. Lo que importa es el largo por el diámetro más el peso sobre el groso, dividido por el ángulo de la punta al cuadrado. Si no se la midieron con una báscula ni con un semicírculo, no escriban lloros. Entonces, si consideramos que un nepe se inclina a 92±0.5 [°], su largo es de 12.7±0.01 [cm], su diametro es de 3.6±0.01[cm] y pesa (con bolas incluidas) 20.5±0.1 [g], ¿cuánto les debería dar?",,🏛️ San Joaquín
4/8/2025 10:51:25,Alguien sabe si se puede recuperar un ramo de matemáticas en vacaciones? Repetí mat 100 y creo que me atrasare 1 año ,,🏖️ Viña del Mar
4/8/2025 21:32:24,Pa la mina de ingeniería civil de piercing y poleron gris que fue hoy dia lunes sepa que me dejó loco,,🚢 Casa Central
4/8/2025 22:53:06,"CC.Pido ayuda porque quede pal Pico hoy,me flecho una sansana (probablemente porque no tenia pinta de mechona) y ya tengo sus veintitantos  asique tengo perso y yapo me hice del valor para hablarle porque andaba con una polera de Kreator(hermano pedazo de banda) eso me llamo caleta, el tema es que voy piola, asi como haciendo en canchero y me mira como si no se, como si fuera un insecto, que la esta molestando ctmm! Se me quito todo lo macho y  luego me mata diciendome: y a ti quien te conoce. (poniendo cara de asco), pero a pesar de que me destruyo el ego :(, soy masoquista, alguno tiene el ig me quedo gustando que me traten mal, tenia pinta de estar loca y como onda pantalon militar creo que era negro con un bolso tambien negro, estoy en ultimo año y aun no me destruye una sansana, ayudenme ",,🚢 Casa Central
5/8/2025 20:35:01,Diablo loco aún no logro hago amigos en la u 😔,,🏖️ Viña del Mar
5/8/2025 21:32:30,Pasen mano activa en SJ po 🍁,,🏛️ San Joaquín
6/8/2025 1:23:32,"Estoy re enganchada con un amigo 🥲
Quiero conocerlo más en el modo romántico
Salimos una sola vez y después de eso siento que perdió el interés 😔 aunque durante la salida me dio a entender que yo sí le gusto
No sé si arriesgarme e invitarlo a salir de nuevo o pensar que solo fue algo de una vez y seguir con mi vida ☹️☹️☹️",,🚢 Casa Central
6/8/2025 9:55:59,Alguien sabe como se inscribe alemán?,,🏛️ San Joaquín
6/8/2025 10:35:02,"Fui a los baños nuevos del C, y estoy seguro que había un qlo metale pajas, pq se quejaba demasiado para el rato que entré, y no había más gente.

PD: no sean weones y tiren los papeles al basurero y no a la taza",,🚢 Casa Central
7/8/2025 16:30:44,"Pueden haber personas mas inútiles y desagradables en la u que las de dirección de estudios? Te tratan como el hoyo como si te hicieran un favor y ni se dignan en responder los correos, de verdad les cuesta tanto hacer su trabajo sin tratar como el pico a la gente? Para mas atienden hasta las 12 porque se les encrespan los dedos o que? Ojalá las reemplace una IA o una wea asi que de seguro seria mas util",,🏛️ San Joaquín
7/8/2025 18:27:57,Kn pa su T4T estoy desesperada 🥺,,🚢 Casa Central
7/8/2025 20:30:27,"“Los informáticos son raros""
Los stickers que tienen los de química 👹🗿",https://drive.google.com/open?id=1UJSwKAB-RS-gwCpn2E8DM9Jg6w_-eZsk,🏖️ Viña del Mar
7/8/2025 21:37:40,"Wn quede flechao con una mina creo que es mechona y de inge civil, es de pelo castaño largo y tiene un aro en la nariz pasen ig de la minita",,🚢 Casa Central
7/8/2025 22:11:27,Donde hay gente tohera de verdad,,🚢 Casa Central
9/8/2025 0:07:37,"busco arriendo, cerca de san joaquín, soy mujer, tengo 20, me porto bien",,🏛️ San Joaquín
9/8/2025 15:50:55,"¿Alguien interesado en ocupar la sala de música de la sede Viña para hacer una banda tributo a Madonna y Lady Gaga? Me gusta cantar, tocar, guitarra, piano y me gustaría tener dos personas interesadas en bailar. Me gustaría que alguien en mi hobbie de creerme Popstar. Necesito músicos y dos personas que bailen. A ratos quiero tocar junto a los músicos y a ratos quiero quiero cantar y bailar, mientras la banda toca de fondo. Igual me gustaría que nos pudiéramos a crear música juntos y que me ayuden a acompañar mis propias canciones pop. La idea es hacer un show novedoso y movernos por toda la ciudad tocando. Igual mi idea es media loca, pero a quién le importa? Si los artistas estamos locos. Me gustaría gente pa preparar un show bueno.",,🏖️ Viña del Mar
9/8/2025 22:24:28,nico m puro weon,,🏖️ Viña del Mar
10/8/2025 1:35:21,"Re: 21:22

Quien te manda a probarlos todos",,🏛️ San Joaquín
11/8/2025 17:09:23,"Iré rápido, me gusta una mina tea pero no sé cómo abordarla, se que tengo que darle tiempo (y es lo que siempre me aconsejan) pero mi paciencia está llegando al límite La quiero abrazar ya!!!
Parezco Pomni en el episodio 6 ",https://drive.google.com/open?id=1zZycu4_m47Cl4w7Fqabtj7-3qdqBklMO,La Asombrosa USM Digital 
11/8/2025 22:07:33,No más incógnita [CC] 🫡,,🚢 Casa Central
12/8/2025 0:30:28,"ELIAS TUMAS VS ChatGPT-3 (con voz de Peter Griffin)

Inteligencia: +1 ChatGPT

Errores: Empate -> alto margen de error 

Poder de cálculo: si les pasas un ejercicio de más de media hoja posiblemente a ChatGPT se le acabe el procesamiento y Tuma lo deje diciendo que se equivocó en cierta parte,comenzando otra vez.

Costo: +1 ChatGPT-3 — “¿Debatible?”

Correcciones: +1 ChatGPT-3 → solo tienes que decir que la respuesta tuya está bien.

Dibujos y gráficos: +1/2 Tuma — ChatGPT-3 no grafica, pero Tuma tampoco es que sea muy artista.

Espacio: +1 ChatGPT-3 → cabe en tu celular.
Tuma necesita una sala auditorio y con asistencia máxima de 6 personas.

Ganador: ChatGPT-3 
Próxima batalla Jabón líquido en los baños vs Tuma ",,🚢 Casa Central
12/8/2025 11:42:03,"al niño q está conmigo en educación física y me lo topé porque me cole a una clase de 60, dame tu ig😁 ",,🚢 Casa Central
12/8/2025 12:01:09,Hola soy de Casa central y queria saber si es buena idea cambiarme a san joaquin,,🚢 Casa Central
12/8/2025 18:19:44,"Hermano esto no es confesión ni nada, pero ví a una tipa muy linda de bioquímica, me conseguí el nombre pero no el ig 💔💔 se llama María Isabel por si alguien se pega la mision",,🌳 Concepción
13/8/2025 13:21:05,🤫🤫🤫,https://drive.google.com/open?id=1ny8_s1npfqLs-UaBA3wgf3W00BPQGJP1,🏛️ San Joaquín
14/8/2025 15:37:33,como se saca hora al psicólogo que el sireb no deja): y cual es el mejorcito?,,🏛️ San Joaquín
15/8/2025 11:48:33,"No puedo creer que el ayudante coordinador de LP nos haya hecho la ayudantía un feriado, no se puede demandar por eso?",,🏛️ San Joaquín
15/8/2025 22:36:46,El Lucas Cortes de ICOM es terrible degenerado ojalá te funen wn enfermo,,🏫 Vitacura
18/8/2025 12:19:52,Quien para una batalla Beyblade X 👾,,🏖️ Viña del Mar
18/8/2025 12:28:06,"Hace un par de semanas salí con una amiga de hace años, ibamos a weviar al centro, almorzar y de ahí ir al mall. Después de almuerzo se pone a llover y nos dio sueño, así que optamos por tomar una siesta en algún lado. Claramente ya acostados una cosa llevo a la otra y terminamos tirando. La wea es que ella me dijo que ella pagaba y yo le transfería llegando a la casa, y cuando le pedí que me diera su cuenta para transferirle la weona va y me dice que lo deje así. Me senti prostituto, como que me pagó por el culeon xd.",,🏛️ San Joaquín
18/8/2025 17:02:45,"falta webeo en la de conce, saquense carrete",,🌳 Concepción
18/8/2025 17:08:55,todas las minas de industrial son putas,,🚢 Casa Central
18/8/2025 20:32:58,alguien que me invite a Watones USM en wplace?? pls,,🚢 Casa Central
19/8/2025 0:12:33,"Hay un mino de primero de ing.comercial que me tiene 💘💘, necesito urgente su ig, es alto con rulos tiene pecas y se le nota el ejercicio que hace ayúdenme quiero invitarlo a salir 👀💘",,🏖️ Viña del Mar
19/8/2025 22:32:23,"Wn, tengo 19 años, se cocinar, soy dueño de casa, voy al Gym, soy Programador, atento, leal, etc etc, Y MUJER Q HABLO MUJER Q ES LESBIANA, Q XUXA HICE MAL WEON, a esta altura que me recomiendan?",,🏖️ Viña del Mar
20/8/2025 19:52:42,"Hola, el próximo año quería ingresar en la USM. Quiero consultar si es que vale la pena entrar en ingeniería civil industrial y especializarme después en alguna una área 😅😅",,🚢 Casa Central
21/8/2025 0:59:39,"¿Quién pa jugar Beyblade X?
Hay que entrenar pa ganarle al coleccionista, al villano y a lord dona",,🏛️ San Joaquín
21/8/2025 13:01:18,Oigan díganle al Benja de industrial que deje de llenar los microondas con semen porfa ,,🏫 Vitacura
21/8/2025 15:55:26,"Como me emperran los escolares cuando vienen a la U. Se la pasan en los baños en manada sacando se fotos. Yo solo quiero ir a cagar en paz y estan estos culiao ocupando todo el espacio y no dejan pasar a nadie. Se sacan fotos como si los baños de la U fueran una pasarela. Está bien que se quieran sacar fotos en la U, pero que ordinario andar sacando fotos en los baños, de todo los lugares prefieren los baños por la chucha. Que les cuesta sacrase fotos en los jardines, digo yo que es mas bonito.",,🚢 Casa Central
22/8/2025 18:23:03,Rafol devuélveme los 15 mil que te preste por favor ing fisica,,🏛️ San Joaquín
22/8/2025 21:23:06,"Ahora que la chica.rosadita está soltera, que empiecen los juegos del hambre xd sólo quiero decir que a mí me gustaba antes de que fuera famosa😔",,🏖️ Viña del Mar
22/8/2025 22:08:10,"Cuando finalmente hablé para dar un cierre lo hice deseándote lo mejor, pero no respondiste y eso dolió tanto que fue una sensación nueva para mi, como una nueva emoción con un nuevo matiz. Espero no sentirlo nunca más.
Pero me gustan las historias que terminan en caos bonito y quiero pensar que a pesar de todo, esto terminó en eso.",,🚢 Casa Central
26/8/2025 19:30:36,"Tengan cuidado con el weon de ing civil, iniciales L.G.L, generación 2022, tiene antecedentes de correr mano sin consentimiento y echar la culpa al alcohol. Ha tocado a varias chicas de distintas comunas y universidades y finge que se arrepiente para acercarse más a las minas. Más encima está metido en el de concurso de estructuras y hasta sus compañeros del proyecto cachan lo que hicieron y se alejaron de él. Funao kl, no merece andar por la facultad tranquilamente cuando le ha quitado la paz a medio mundo. Desde la universidad de una de las afectadas se van a tomar medidas con la federación de estudiantes de su universidad para contactarse con el centro de estudiantes de su carrera. Eso, tengan cuidado porque el energúmeno ktm es un peligro para todo el estudiantado xd",,🚢 Casa Central
27/8/2025 7:36:37,Grecia péscame 🗣🗣🗣,,🏛️ San Joaquín
27/8/2025 15:56:55,"Hay una niña muy linda en la sede de viña, creo que estudia una ingenieria y tiene el flequillo verde. Creo que se llama Scarlet, pasen ig",,🏖️ Viña del Mar
27/8/2025 23:23:30,Hola alguien que haga clases de estructuras de datos (INF134) ,,🏛️ San Joaquín
31/8/2025 21:30:20,"Para entrar alguna iniciativa hay que andar chupándole el pico al chino parece.
",,🚢 Casa Central
1/9/2025 17:31:52,"Bonfort, eri terrible saco wea, desaparece de la u",,🚢 Casa Central
3/9/2025 2:35:45,"algun grupo de wsp de motos para salir a endurear los findes en la Vta?? 👀👀 ➡️+56951891834
",https://drive.google.com/open?id=1my_yRthXwtl1SfqkCP6IptnBv0b08m-o,🚢 Casa Central
3/9/2025 14:17:28,quien es este pobre diablo al que le filtraron los datos?,https://drive.google.com/open?id=1hSiEbGgPgE33BTWXIib6kCs-9qt1tKny,🏛️ San Joaquín
3/9/2025 18:31:33,"Ig del minito de 130 con el profe alvaro, sala A6, se sienta adelante ¿Está soltero?",,🏛️ San Joaquín
3/9/2025 22:41:23,"Para 18:04, yo vendía pockies ¿Por qué? Comenta tu respuesta, te paso mi ig y te regalo un pocky",https://drive.google.com/open?id=1Hy67nJ6Hanc-HMLB703iIXLgCOVpJ_W-,🏛️ San Joaquín
4/9/2025 20:24:53,La ayudante que tomó el certamen de 120 en la p214 estaba muy linda,,🚢 Casa Central
5/9/2025 17:09:37,"La profe roxana de matematicas es pauperrima para enseñar y se pone a pelear con la gente que esta adentro o afuera de su sala, mas encima se la pitiaron en la encuesta docente y se puso a pelear denuevo en clase cuando le dijeron(se supone q es anonima lw pero aun asi cachaba maomeno quienes eran los q la sapiaron), parece q es conocida por eso q hasta los otros profes cachan como es la weaita, nose q pasara ahi ",,🌳 Concepción
5/9/2025 18:40:09,Carlos Arellano de ingeco se caga a su polola Sofia Muñoz hay pruebas ,,🏫 Vitacura
8/9/2025 13:01:04,"Hay un mechón que se llama domingo que siempre está en zona de fumadores, me contaron que se comía a la profe de fis100 🫣",,🏫 Vitacura
9/9/2025 16:42:51,"¿Cómo puedo ir al Miniso sin parecer maraco, así tipo disfrazado, o cuántas personas acompañantes?

Es una duda seria de vida o muerte 🏴󠁧󠁢󠁷󠁬󠁳󠁿",,🚢 Casa Central
9/9/2025 23:12:39,"""Una carta para alguien especial""

A ti. Nadie más que ti. No hay nadie más que quiero a mi lado que a tí. Tú, no te das cuenta que soy tu mayor admiradora. Tu fan #1. Siempre que paso a tu lado mi pulso se acelera, mi respiración se entrecorta. Cuando te veo en LDS sentado en un escritorio, rodeado de tus amigos recuerdo lo sola que estoy.

El Mafioso Informático. Así me gusta llamarte en mi cabeza. Te veo vestido de negro de cabeza a pies, tus lentes de sol que cubren tus ojos incluso aunque llueva. Te veo como nunca aguantas que alguien te falta el respeto. Como con tan solo tu mirada impones respeto. Como peleas en el metro cuando te empujan. Y también como eres caballero cuando te tratan bien....

Siempre que te veo hablando con esa chica pelirroja me pregunto que habrá hecho ella para ganarte. Siento envidia de ella por escucharte. Por mirarte con sus ojos a tí. Ojalá fuese ella.

Pero no lo soy. Y no tengo el coraje para hablarte...

Lo siento, S. Siempre te amaré... desde lejos 💔.",,🏛️ San Joaquín
10/9/2025 17:45:58,"Tengo un amigo que está buscando novio y también está haciendo una promoción de 2 depilaciónes de culo con la boca.
+56 9 3494 9095 
Este es el número de el.",,🏖️ Viña del Mar
10/9/2025 18:29:50,"confieso que el Diego de quinto en eli se ve entero rico desde que se peló, estará pololeando?? pasen el ig",,🚢 Casa Central
10/9/2025 18:45:58,Para cuando son las susto olimpiadas en la usm de viña?!! ,,🏖️ Viña del Mar
12/9/2025 13:55:38,"wn con todo respeto pero como chucha hacen pa dejar tan hediondo el baño de la biblioteca, parece q andan enfermos de la wata o q wea",,🚢 Casa Central
13/9/2025 15:21:30,"Hermano. La joven que tomo el certamen de 140 en la 301... me Heche el certamen, pero tu sonrisa me quito toda la frustracion. Gracias...",,🚢 Casa Central
13/9/2025 15:26:14,Para ser guardia en el campus vitacura es requisito ser una desagradable y flaite de mierda o no? La guardia pelirroja que wna más desagradable.,,🏫 Vitacura
13/9/2025 15:58:13,"He empezado a hablar de tí
A decirle a la gente 
Creo que me enamoré 
De un amor que es poco prudente 
He empezado a pensar en tí
A cantar tus canciones 
Y me largo a reír 

¿Dime cómo fue que me enamoraste?
¿Dime en qué momento pasó que comenzé a extrañarte?
¿Y ahora dime qué tengo que hacer para ser más valiente?
Y quedarme un ratito aquí contigo",,🏛️ San Joaquín
13/9/2025 18:14:35,"Alguien me podría dar un consejo para dejar de ser un antisocial y ligar más?
Es que estoy aburrido y con suerte me hablan
Mi ig es Quesadilla890",,🏖️ Viña del Mar
14/9/2025 10:57:30,"Hay un chico de info que tiene rulitos y es muy lindoo, a veces lo veo con una cazadora verde y tiene lentes, parece q es del 2024. pasen su ig porfi:(",,🚢 Casa Central
14/9/2025 15:53:17,"Alguien tiene el ig de una mina q se llama Rafaella, es bajita y pelo castaño , siempre la topo en paralelo de mate",,🏫 Vitacura
14/9/2025 17:43:20,Hay una mechona de elo que es terrible bonita parece que llama cata que siempre anda con un amigo con lentes,,🚢 Casa Central
19/9/2025 20:07:43,"En las clases de 022 del profe Ignacio huerta hay una super linda que tiene el pelo medio teñido de azul y lleva una mochila rosa, si alguno la cacha pasese el nombre porfa que le quiero hablar",,🏛️ San Joaquín
20/9/2025 17:06:12,"Nose si lo suban, pero después de meses sigo odiando a la heda y el nombre es por I, eso, necesitaba escribirlo.",,🏫 Vitacura
21/9/2025 20:16:57,"Puta que valen callampa el centro de estudiantes de vita, ninguna actividad ni nada, a pero para ir a comerse entre ellos a las salas son mandaos a ser.",,🏫 Vitacura
23/9/2025 12:23:14,Datoo de dulces caseros en casa central???,,🚢 Casa Central
23/9/2025 20:30:21,"me gusta una de mi carrera, es muy tonto?",,🚢 Casa Central
24/9/2025 18:18:07,"hola, estoy mas pato, recomiendan vender cosas dentro de la u? y si es asi q cosas",,🚢 Casa Central
25/9/2025 17:41:27,"Busco amiga para trio MHM 

Déjeme comentariosss",,🏖️ Viña del Mar
29/9/2025 15:30:04,"Hola, Cómo están???
Les hago el aviso de que planeo abrir un servidor con modpack durante el verano, el modpack será una modificación de DeseacedCraft versión 5.5.5 será un server de paga, abierto a toda la comunidad USM (de todas las sedes), si alguien quiere invitar a gente externa se podrá mediante un link que publicaré próximamente en mi perfil de IG (Yusei_Futuro) que será el link a un discord exclusivo para el server",https://drive.google.com/open?id=1pR4-tFlDVBMs-zlgh7QECcaT5y6uwJks,🏛️ San Joaquín
30/9/2025 2:51:39,"Hola, estuve con una evangélica, hagan sus preguntas ",,🚢 Casa Central
30/9/2025 22:54:07,liberen el insta de la ayudante de 120 🤫🤫,,🚢 Casa Central
1/10/2025 15:18:09,"Ella tan Gardevoir y yo tan:
Hcoqbxiqnfosndbwuabxowjs ün ün ün ün ün ün jflqocbqoxjwkxkwmxosjfn ööööüüüü (regirock)",,🏛️ San Joaquín
1/10/2025 18:08:01,qn se saca carrete para halloween?,,🏫 Vitacura
1/10/2025 18:53:36,"Hay un femboy (creo) entero lindo que me cruzé unas dos veces en la tarde, pasó con su amigo (espero)
me pasai tu ig 🥺

",,🏛️ San Joaquín
2/10/2025 14:35:32,Oye,,Oye
3/10/2025 11:08:06,"Hoy acabo de ver a una chica que, cuando agarré la valentía para hablarle, se habia ido...Llevaba una chaqueta verde y una botas negras largas, y el pelo corto si no mal recuerdo. Alguien la conoce o ig? [Viernes 03/Oct por si acaso] Muchas gracias 👤",,🏖️ Viña del Mar
3/10/2025 16:47:33,"Cuidado con un wn de primer año de minería, acosa mujeres de la u!",,🏖️ Viña del Mar
3/10/2025 23:17:49,Hola busco sansana dominatrix para conversar y conocer. Mi telegram es Canc223 si gustan escribir ,,🏛️ San Joaquín
6/10/2025 14:14:08,Encontré el ig del mino que estaba buscando algún amigo de el que me haga la segunda me da la pera acercarme sola 😞❤️‍🩹 (ig del minito tecitodemanzanilla_ 🤭💘),,🏖️ Viña del Mar
6/10/2025 17:54:54,"Miren, me gustaria dejar en claro a todos los chupadores de picos de profesores que venir aquí a esta universidad no tiene nada que ver con lo que ustedes creen haber visto en Monsters University por lo que dejen de tomarse tan a la ligera lo que es estudiar una carrera universitaria y tomen esto en serio. Si vienen a esta universidad a sacarse fotos, gritar como cavernícolas en las salas o jugar en las salas de computación, estamos mal allí. Mejor vuelvan a su liceo municipal de mierda de donde ustedes vienen y vayanse a otra universidad que los acepten como la SEK o la del Alba, ustedes no son material para el prestigio de nuestra universidad. No cometan el mismo error estupido y tonto que cometió ese llamado Carlisho. Saludos.

PD: No acepto lloros, menos de los niños chicos que vienen de mi carrera, Ingeniería Comercial.

PPD: ¿No lea gustaría mejor un pico de 20 cm en la traquea?",,🚢 Casa Central
6/10/2025 18:10:34,Hace tiempo vi a mi ayudante comiendose con un cabro en el campus y  en intagram ella estaba pololeando hace n,,🏫 Vitacura
6/10/2025 19:01:31,Confe #2133 amachate conchetumare ,,🏛️ San Joaquín
6/10/2025 19:02:47,"Chao Nat ql, hace años era obvio que no te la podiai 🤣",,🏛️ San Joaquín
6/10/2025 19:05:31,"oye heracles






no nada",,🚢 Casa Central
6/10/2025 19:09:53,"La confesión 2133 es una canción llamada Valiente del cantante Koko, es de sus discos solistas tras dejar la banda Glup (canciones conocidas son Grado 3, Freebola, enamorado de tí, mi destino) 
Igual es clave el temazo ¿A quién iba dedicado? ",,🏛️ San Joaquín
6/10/2025 19:21:01,"Me carga que los jueves en el bloque libre no se pueda usar la sala ocio hasta como las 2 porque está el club de ajedrez, el otro día estaba piola sentado en los sillones con audífonos y me echaron loco nos echaron a todos, siendo que ellos TIENEN SALA, ocupan las 3 mesas que tiene la sala y no dejan que nadie más entre y ocupe la sala en el BLOQUE LIBRE, que debería ser exactamente para eso, a alguien más le molesta?????",,🚢 Casa Central
6/10/2025 19:37:54,"Para el mafioso:
La verdad es que a veces me pregunto si te habrás dado cuenta de cómo te miro. O sea, no es nada raro, pero siento que mis ojos te siguen por todos lados sin que yo pueda evitarlo.

El otro dia casi nos chocamos en la salida del metro, y por un segundo crei que ibas a hablarme. Me latía el corazón tan fuerte que estoy segura de que todo el mundo lo escuchaba. Al final solo pasaste de largo con tu nuevo estilo (tu guayabera y tus lentes de sol).

Sigo viéndote con tu amiga pelirroja y, no te voy a mentir, me da una rabia... Me pregunto que tendrá que yo no tenga. Será mas divertida? Mas valiente? Porque yo, la verdad, cada vez que pienso en acercarme me entran unos nervios horribles.

Bueno, en fin. Solo quería soltarlo un poco, porque esto de admirarte desde lejos a veces cansa. Eres como mi serie favorita, pero en la vida real y sin subtítulos.

Ojalá algún dia me anime a decirte hola. O que por lo menos dejes de usar esas gafas tanto tiempo para poder verte los ojos de una vez.

Te amo, S. ❤️‍🩹",,🏛️ San Joaquín
6/10/2025 19:41:59,"Hay un traba se tiene @nacha_0244 en ig
Dice que esta dispo para todo que anda hormonal",,🏛️ San Joaquín
6/10/2025 19:49:15,"Fis100, Mat060 y Mat061 valen 87 litros de pichula, el mejor ramo del mundo: humildad001 (diganle a Daniel Erraz que lo vuelva a dar porque parece que se lo hechó)",,🚢 Casa Central
6/10/2025 20:32:27,"Tengan cuidado los de la sede viña, hay un mechon de técnico en redes y telecomunicaciones que pasa manoseando a los hombres cuando los ve solos y mi amigo ya fue su victima",,🏖️ Viña del Mar
6/10/2025 21:10:30,"**Historia copiada de la antigua cuenta de confesiones no soy el mismo que la escribió**

Historia de supermechon

Durante su Etapa escolar: Cosas insignificantes como olimpíadas de física, matematica, química etc no eran de interés de Super mechon él estaba para cosas grandes.

Cursó el PPI(Programa preeliminar para ingeniería), esto aprobando MAT021 con 100(no conoció otra nota) Al notar el profesor su interes por el tema le dió la opción de dar los CERTAMENES de MAT022, lo cual no fue ningun problema para el Super Mechón que aprobó con 100.

-DATO EXTRA: el mismo día que todos dabamos la PSU de matemáticas, Super mechón aparte de dar la PSU en la tarde tuvo que dar su ultimo certamen de MAT022, razón por la cual le fue mal en la psu (825 en mat, 797 ponderado).

-Fe de erratas: se me olvidó mencionar que tb aprobó introduccion a la ingeniería. poco le importa a supermechon pero es un dato.

Una Vez ingresado. Entró segundo a plan comun por culpa de ese inconveniente en la PSU. Pero como Super Mechón no es una persona resentida ni envidiosa, entrar segundo no fue un problema, y la solución a esto?. Nada más ni nada menos que hacerle Clases a la persona que entró primero. Siendo Ayudante de MAT021 en su primer semestre de la U.

Ramos tomados en su primer Semestre:

• MAT023

• MAT024 (No puedes inscribir mat024 si no aprobaste mat023, a menos que seas supermechón)

•Algebra Lineal (Ramo de Licenciatura en Matemáticas)

• FIS100--->Convalidado

• Programación

Saco la licenciatura en 5 semestres y la carrera+ magister en 4 años, a los 27 ya estaba haciendo un postdoctorado en China, llego a tener mas de 19000 de prioridad academica (antigua medida de lo belico que eras en la U, 19k es un numero apotiosico), y en su primer año le dieron oficina pa el solo.",,🏛️ San Joaquín
6/10/2025 22:09:02,"¿Alguien me da consejos pa ligar o no ser tan autista?. 
Unas escolares me tocaron la mano a propósito (por muy poco tiempo como esperando que no me de cuenta), pero escuché como se emocionó cuando me bajé; una chica se pegó a mi, cuando la micro no estaba ni llena, y cuando me moví al timbre para bajar se me pegó de nuevo pero no se bajó; me pelaron unas señoras cuando estaba haciendo ejercicio, pero sigo siendo alto virgo.",,🚢 Casa Central
6/10/2025 22:27:46,"Busco chicas para que hagamos contenido, para onlyfans (si alguna desea dejen like en la publicación y un punto o * en sus historias públicas)",,🏫 Vitacura
7/10/2025 0:17:56,"Son tan pocas mujeres en esta U que si digo la carrera que estudia la cachan de una XD
 L te amo caletaaaaa. Trato que pase piola cuando estoy contigo, pero el solo verte hace que se me acelere el coraçao. El día en que fuimos a comer ramen me hizo tan feliz que todavía me dura el nerviosismo aunque igual trato de que pase piola kjshdkj

Quiero llevarte a conocer la cordillera y la nieve ✨🏔️",,🌳 Concepción
7/10/2025 11:03:30,oye... cuidao con un tal felipe d elektrika... foya bien rico,,🏛️ San Joaquín
7/10/2025 11:11:21,"cómo cacho si una mina ya terminó con el weon con el k andaba en la u , ya no los veo juntos pero nose cmo saber",,🏫 Vitacura
7/10/2025 11:20:49,Huawebiados los switch y routers ,,K306
7/10/2025 15:27:52,"SEAN SOCIOS DE BOMBEROS, bomberos jamás les dirá que no! (y no solo apagamos incendios) ayúdanos a ayudarte
https://14cbs.ayudabomberos.cl/?vid=V2025098193

pd: es del cuerpo de bomberos de stgo ",https://drive.google.com/open?id=1MFm-hMd9KnLwXCPRHOG1AdocdK3d4kF8,🏫 Vitacura
7/10/2025 23:30:43,"Pregunta seria:

Que actitudes hacen que un ayudante sea bueno? Soy ayudante de un ramo de mi especialidad, y literalmente hago de todo para ayudar a mis estudiantes (soy ayudante por vocación), pero van pocos estudiantes a mis ayudantías y no sé si lo estoy haciendo bien o mal.",,🏛️ San Joaquín
7/10/2025 23:49:40,A una compañera le decimos La Alcachofa,,🏫 Vitacura
7/10/2025 23:49:48,Por qué?,,🏫 Vitacura
7/10/2025 23:50:29,Porque tiene el puro poto rico,,🏫 Vitacura
8/10/2025 2:49:07,Masivo pension 10/10 after concierto 🔥🔥🔥,,🚢 Casa Central
8/10/2025 8:12:26,"Cuidado con el Miguel Rodriguez, es un acosador sexual y cuidado con el renato de comercial, se apostaría con su propia prima",,🏫 Vitacura
8/10/2025 14:19:37,"Hay un wn de informática que me mandó solicitud de insta, onda no tengo ningún seguidor en común, ni nada.
El tiene 25 y yo soy de primer año 💀
Me han advertido mucho de los informáticos en esta u ",,🏛️ San Joaquín
8/10/2025 15:44:49,soy compañera del ignacio contreras es super lindo quiero su insta ☹️,,🚢 Casa Central
8/10/2025 20:29:58,Soy una mujer y nunca he salido con otra chica y me gustaría saber como se siente. Aviso que tendría que quedarme en el closet eso sí. Mi cuenta es by_myself712 por si alguien le interesa. ,,🚢 Casa Central
9/10/2025 10:34:41,"2146: 
estoy bien
No volvería a hacerlo, es masoquismo 
Respondiendo a tetrinam: se hacía la
Hola normas_07
",,🚢 Casa Central
9/10/2025 11:06:34,Pueden borrar el post 2146? Me arrepiento de enviarlo,,2146
9/10/2025 11:10:02,"Para el 2146, yo igual estuve con una, la extraño 😔",,Anon
9/10/2025 17:30:09,La que estaba el viernes 3 en la biblioteca entre 2 wnes antes del control de fisica demasiao bonita no me olvido,,🏛️ San Joaquín
10/10/2025 21:12:37,busco sansanas para hacer amigas estoy harta d estar sola😢 ,,🏛️ San Joaquín
11/10/2025 18:24:09,ig de la minita de pelo azul. nunca se lo alcanzamos a pedir pq nos desmayamos,,🏛️ San Joaquín
11/10/2025 19:23:51,Que onda la profe de física? Se anda joteando a los cabros siempre en el patio central,,🏖️ Viña del Mar
12/10/2025 7:12:58,"Hola yo no soy de la usm, pero el día viernes 10 de octubre en el metro hice contacto visual con un chico en el metro y ambos nos sonreímos, el iba con poleron burdeo y eran como casi cerca de la una de la tarde, sé que es de la Usm porque se bajo ahí y entró a la u, ojalá poder encontrarlo, gracias.",,🏛️ San Joaquín
13/10/2025 14:31:50,"no sé si soy yo la exagerada o no, pero cuando intento ir a la LDS (por la comodidad de los computadores más que nada), la cantidad de ruido que hay pasado las 11am es sofocante y no puedo realmente prestar atención a nada de lo que estoy estudiando.
tanta gente conversando al mismo tiempo y en voz muy alta es algo que me supera xd",,🏛️ San Joaquín
13/10/2025 15:29:42,"Chiquillos porfavor, hagamos paro, tomemos cualquier excusa aunque sea una semana, hagamos paro 😭😭😭",,🏛️ San Joaquín
14/10/2025 1:21:51,"Pucha cabros no quería sonar grave pero esto es así...
Voy a dar un paso en mi vida super importante y necesito que me entiendan, puede que me conozcan de una forma pero en el fondo soy otra persona, ya no soy el hombre que pretendía ser, ya estoy harta de mentirle a todos y de esconderme de mi misma 
Soy una mujer trans 🏳️‍⚧️ y estoy transicionando, si me ven actuar más raro de lo normal es por los cambios que estoy pasando, si me ven con ropa de mujer es porque es la que voy a usar de aquí en adelante....
Se que les va a costar acostumbrarse, pero en el fondo siempre fui la chica que ahora ven ante ustedes 
Y los que siempre me tomaron como afeminado cuando hacía de hombre tenian razón y gracias por hacérmelo ver

Ahora ya me siento mejor conmigo misma, y toca avanzar un paso a la vez
Se despide su amiga que aún no decide su nuevo nombre :3
Los amo 💓",,Sus corazones 😘
14/10/2025 8:38:48,Como ctm no hay para comprar con Junaeb en la u🥹🥹🫠,,🚢 Casa Central
14/10/2025 21:46:13,Ig del rubio crespito de pelo hasta el hombro y que siempre tiene su pelo amarrado de sj. A veces anda con un cinturon que es para levantar pesas 👀👀  ,,🏛️ San Joaquín
15/10/2025 13:34:47,"Todos los días como lo wenoe en el cañón esperando a que pase la kuromi que wea le paso a veces la veo caminando en el C pasen el ig que ma encima se hizo unos tatos en el abdomen y puta hermano, si me pide sushi por las notas de Ig si le compro q me deje ser su lokotron",,🚢 Casa Central
15/10/2025 20:41:27,"la otra vez pedi el ig de un mino rico de eli, resulta que no era de quinto, era de sexto y encima tiene polola jajaja ojalá esté comiendo bien pk si lo veo pasar hambre yo le sirvo lo que quiera!!! Diego pescame po ;) ",,🚢 Casa Central
15/10/2025 21:40:16,"Se hacen clases particulares de cálculo 1,2,3,edo.
+56950102471",,🚢 Casa Central
16/10/2025 10:58:06,"Terminé y hace más de medio año que no tengo nada de acción, es normal no poder hacer nada con alguien??? Me siento virgen wn💔. De hacerlo casi cada día a NADA, es normal???",,🚢 Casa Central
16/10/2025 17:52:01,Las ayudantes de fis 111 estan todas ricas,,🚢 Casa Central
17/10/2025 8:41:22,"María gracia deja de copiar wna, esfuérzate un poco aunque sea, nos tienes chatos con tus weas",,🏫 Vitacura
17/10/2025 14:30:33,"Si existe una letra griega llamada theta y una razón trigonométrica llamada seno, por qué no hay una letra griega llamada piko y una razón trigonométrica llamada pene?",,🚢 Casa Central
17/10/2025 14:38:29,"Encontré una niña bonita cuando estaba almorzando hace 2 semanas, y yo todo tímido reuni coraje y le fui a hablar super buena onda, Pero la Niña me quedo mirando con cara de odio y me dijo ""Que quieres!?"", le dije q el color de su pelo era bonito y me fui.

Nunca más le hablo a una mina",,🏖️ Viña del Mar
17/10/2025 14:40:18,"y el castigo?

atte: un wn de (s)exo",,🏛️ San Joaquín
17/10/2025 14:44:40,"Confieso que me encanta mi ayudante de laboratorio de 071, lo veo súper lindo amigable y divertido me encanta, me dan ganas de llegar temprano solo para conversar con el, no se si pedirle el insta porque capaz me manda al comino",,🚢 Casa Central
17/10/2025 14:52:37,"Alguien sabe si la Mai. Gonz. de ELO está en algo??, m gustai pero yo ando aquí corte nerd medio depre (y waton)",,🏖️ Viña del Mar
17/10/2025 14:56:58,"Hay un cabro que se viste super lindo como elegante, tiene el pelo largo y oscuro pero no se como se llama, aunque tiene como cara de gay alguien tendrá su ig?",,🏛️ San Joaquín
17/10/2025 15:48:03,Suben todas las confesiones o solo algunas?? Todavia estoy esperando mi confesion😡 jdjdjsjs ,,🏛️ San Joaquín
17/10/2025 16:21:12,"Estoy pasando por un mal momento y me siento sola, vivo sola y las únicas personas con las que me junto en la u probablemente piensen que soy floja. Hace meses que todo me ha costado el triple, el semestre pasado toqué fondo y solo me quería mword, no sé como pero logré salir un poco de ese vacío. Últimamente me está costando ir a la u, me da vergüenza aparecer como si nada y peor aún, quisiera contarle a alguien como estoy pero no puedo. Estoy con psicólogo y neurólogo, medicada porque ya no puedo hacer mis cosas rutinarias y tampoco sé como explicarle a mis profesores (son bien humanos la verdad y comprensivos, pero de cierta manera siento que podría estar aprovechándome de ellos), todos los días me cuesta despertar, no duermo bien a pesar de estar tomando pastillas, me cuesta mucho conciliar el sueño, paso con ansiedad y en verdad ya no sé que hacer, no quiero congelar, contarle a mis amigos de la vida es un reto seguro pero tampoco sé como decirles que estoy cansada, llevo una semana encerrada en mi casa, ni siquiera he salido a comprar. ",,🏫 Vitacura
17/10/2025 16:45:36,"hay un kbro k es mechon, q siempre anda cn una mina (q tmb es mechona y es cmo la típica kuromi) pa tdos lados, pero m da cmo pena, xq va cmo a la rastra de ella el wn, y cmo q es la típica relación q la mina no lo ve cn otros ojos y el wn persiste tdo el rato, se intenta pegar a ella cuando puede y así, sí el compa hasta le lleva la mochila po wn, y m da lata x el pero esq se ve muy perkin hacer eso, cn respeto siempre si. Pero bueno, naq hacerle, si el es feliz estando así y haciendo eso, bien x el creo yo, opiniones??",,🏛️ San Joaquín
17/10/2025 16:47:12,"el jorge de civil e weko, se la come",,🏛️ San Joaquín
17/10/2025 17:37:48,hay un wn de la u llamado claudio que es terrible irritante y me cae como el pico y quiero quiero no ser el unico wn que lo cree ,,🌳 Concepción
17/10/2025 17:49:34,"Una mina de esta u me hizo una pajilla con los pies le dejé todos los pegotiaos
*La mejor experiencia de la vida*",,🏛️ San Joaquín
17/10/2025 19:50:37,"No quiero incitar a nadie a algo que no quiere, pero si la persona que subió esto lee acá, que haga la denuncia respectiva, es horrible que te haya pasado eso, pero tambien sera horrible que lo siga haciendo mientras se pueda detener.

No sé si sera el mismo caso, pero si son los 3 hermanos, donde uno es profe, siento que es peor, porque siempre se respaldaran y nadie hará nada. Aparte es una paja porque en clases, especial en pruebas, con mis amigos siempre vemos los favoritismos y las desubicaciones de ellos.  Hay harta evidencia de como son y que horrible que pase pero como compañeros debemos apoyarnos. Si no es el mismo caso, igual consideren la denuncia",https://drive.google.com/open?id=13HenGFqmDsiLi78Okc6580uxZuqjr84W,🚢 Casa Central
17/10/2025 20:17:48,"Me comí con una mina de metalúrgica gen23 morena de pelo negro, siempre andaba con una chaqueta blanca amarilla y azul y le tenía ganas hace rato, tiene pololo pero igual noma la wea es que la mina tenía la boca más hedionda q la cresta wn como olor a sarro y andaba pasada a axila wn :( cabras lávense los dientes mínimo JS me traumaste ",,🚢 Casa Central
17/10/2025 21:46:39,"Para lo de la confe 2178, si es el Luis Letelier aka @esfirror (cache que lo etiquetaron) 
Aclaro que el tiene 25 y yo 18 ",,🏛️ San Joaquín
17/10/2025 21:59:04,Tengo clases con un loco que está funado pero al parecer nadie del paralelo cacha la funa... soy el único chismoso ql,,🚢 Casa Central
17/10/2025 22:01:32,Alguien sabe un lugar bueno y económico para ir a joder con los amigos por Viña o Quilpué? Es para matar una ventana pajera qué tengo el miercoles,,🏖️ Viña del Mar
17/10/2025 22:02:56,"el martes vi bajar a un niño con una bota ortopedica por placeres y un poleron azul. se veia lindo, algn lo ubica?",,🚢 Casa Central
17/10/2025 22:05:23,"Quede flechado con la mina que vi en woo en el after despues de harry, la vi quede flechado y cacho que la estaba viendo, me sorprendio que estuviera bailando sola despues cache que era de la u creo que es mechona",,🚢 Casa Central
17/10/2025 22:09:07,"Hay un niño de lentes bajito como con pelo ondulado y corte de pelo como de mullet, siempre anda con zapatillas DC pero lo encuentro muy lindo y tierno, siempre anda en grupo con un tipo como de mochila verde y una mina de pelo naranjo pero él se me hace muy lindooo :( no sé cómo hablarle ",,🏖️ Viña del Mar
17/10/2025 22:19:51,La amanda del equipo de promo me tiene loco hace rato (saludos desde el equipo d promo),,🚢 Casa Central
17/10/2025 22:47:19,"creo que esta es la única forma que tengo para ayudar a mi mejor amigo del colegio, resulta que el terminó hace poco una relacion de 2 años y ahora se está metiendo con una mina de su carrera, me enteré de esto el día en que hicieron ese evento con dj en la semana sansana, el iba con disfraz de minero y yo como sansano estresado, el problema es que llevan solo dos semanas y esta mina le dijo que esta embarazada y que es de el, ahora está preocupado sobre si será un buen papá y todo eso pero yo no le creo nada, más encima nadie más sabe lo de ellos y esta mina poco antes ya había estado con otros. solamente quiero que esto te llegue a ti pablo y que por favor veas como todos los demás queremos que recapacites acerca de esto y pienses sin dejarte llevar por el dolor",,🚢 Casa Central
17/10/2025 23:01:16,"LA KUROMI QUIERE 200 PIZZAS DEL PAPA JHON MANDEN LAS WEAS A LA OFI DE ROBÓTICA HIJOELAPERRA
-La kuromi ",,🚢 Casa Central
17/10/2025 23:12:54,balatreros va a ganar el babymec,,🚢 Casa Central
17/10/2025 23:36:46,"Le tengo pura envidia a un weón moreno que siempre anda con una gorra ploma. Siempre anda con las medias minas, y eso que el weón es más feo.",,🏛️ San Joaquín
17/10/2025 23:40:24,demas claudio es bastante irritante no es por ser mala onda pero alguien tiene que decirle sus verdades anda puro irritando a la gente y vive mintiendo para convivir incluso llega a dar pena porque intenta ser algo que no es o algo por el estilo🤷‍♀️ ,,🌳 Concepción
17/10/2025 23:44:07,"Vi que Heracles dijo que están al día las confes. Al final no las subieron todas? Ni me acuerdo que tan nefasta o normal era una que mandé, pero nunca la ví publicada. Ni modo.
Consejos para alterar a Atenea? Hace rato no la veo brava 🫦",,"Sí, sí, el wn de la Atenea brava"
18/10/2025 0:02:14,"oye desde cuándo existen las confesiones usm, ahora voy a andar sicoseao de que alguien me pelo y me da paja bajar post por post (soy medio tea srry)😭🥀",,🏖️ Viña del Mar
18/10/2025 0:16:41,"Pa la de la 2207
Soy terriblemente malo para socializar, así que no sé exactamente como decirlo, pero haré el intento, porque soy alguien que piensa que, al menos, un mensaje puede hacer más que solo alegrar a alguien momentáneamente. Una historia. Tengo una amiga que paso algo relativamente parecido. Medicada por ansiedad, depresión, insomnio y, por lo que leí, también tomaba unas pastillas que se recetan para la esquizofrenia. Esto desencadenó problemas académicos, al punto que repitió en total 2 años. Se menospreciaba a si misma a tal punto que creía que no podía hablar con nadie de sus problemas porque creía que solo molestaba e intentaba contentar a todos, además de que se ponía ansiosa cuando hablaba con casi quien sea, a veces provocando ataques de pánico. Problemas familiares también, que no mencionaré por respeto, pero eso. Súper fome su situación. Las pastillas para el insomnio no funcionaban, no sé dormía a horas adecuadas y eso empeoraba la ansiedad. ¿Para que digo esto? Bueno, eso era hace un año. Ahora, duerme mejor, habla con más gente, tiene amigos, gente con quién compartir sus problemas, ya no toma tantas pastillas y, en general, está más alegre.
¿Para qué conté esto? Solo quiero que sepas que es posible salir adelante. Es cosa de voluntad. La ayudé, claro, pero la mayoría de su progreso fue por su propio esfuerzo. No quiero comparar tu caso con el de mi amiga. Cada quien tiene sus problemas, sus batallas internas, sus inquietudes. Solo quiero que sepas que, aunque es difícil, es posible salir adelante, y espero muy honestamente que tú también puedas. Me gustaría darte algún consejo, pero no tengo ninguno, lo siento. Lo único que puedo decir es: puedes hacerlo. Aunque creas que no, sí puedes salir adelante. Es difícil, claro está, pero es posible. No digo que debas hacerlo sola, pero no dependas de nadie. Apoyate, pero no aferrarte (creo que se entiende?). Eso. El tema académico? Es cosa de estudiar. ¿Te cuesta estudiar o aún estudiando no entiendes? Busca ayuda. Profesores particulares, videos en Youtube, lo que sea, pero hay solución. Y, puede que no te importe y que no sea la gran cosa, o que no signifique nada para ti viniendo de un extraño desconocido de internet pero, aunque no te importe, solo quiero que sepas que hay alguien, por lo menos una persona allá afuera, que cree que eres lo suficientemente capaz de salir adelante. Eres fuerte. Eres capaz. No dejes que nadie, ni tu mismo subconsciente que a veces puede hacer malas pasadas, te diga que no puedes. Porque si puedes
Ya lo dije en otra confe en otro contexto, pero el mensaje es el mismo. Me gustaría decir algo como ""puedes hablar conmigo, te escucharé"", pero prefiero guardarmelo para que el mensaje no pierda su propósito y porque creo que tampoco es la solución porque puede generar dependencia emocional. No digo que lo hará, pero la posibilidad existe. Si crees que lo que digo no te sirve de nada, puedes desahogarte o insultarme, lo que sea que te tranquilice, no me importa. Intento ayudar, no hacerme un héroe.
Suerte, desconocida. No sé si de verdad te sirva de algo todo esto que dije, pero espero sinceramente que puedas levantarte",,El wn de la Atenea brava. 
18/10/2025 0:29:30,"Mi fascinación es leer historias eroticas homosexuales. Dedico gran parte de mi tiempo a este pasatiempo, tanto así que ya he empezado a crear historias en mi cabeza e, incluso, identifico con facilidad la química entre dos personas... Resulta que me encontraba estudiando en el CIAC, concentrado con mis quehaceres. Aburrido decidí desviar la mirada y dejar correr mi imaginación con los individuos que se encontraban a mi alrededor. Termine fijando mi interés sobre dos chicos muy apegados que coincidían con una de las tantas historias que había leído. Uno de ellos era medianamente alto, vestía una gorra algo bonita con una chaqueta negra y unos pantalones cargo que combinaba bastante bien. El otro chico, de rasgos fuertes, incluso en la voz que destacaba su acento sexy; cabe destacar que era un poco bajo con respecto al otro chico... Me los imagine en un escenario ideal. El chico alto, tímido, le solicita a su amigo que desea estar junto a él, sentados frente a caleta portales. De fondo sonaba una bachata romántica y él chico bajito le propone a su correlator continuar en el departamento de mecánica, para estudiar con la pizarra y sus plumones, repensando las ecuaciones de la termodinámica. Acto seguido dejan la sala de mecanica hecha una jungla... Eventualmente vuelvo en mi. Los chicos se habian ido, pero dejaron una nota que me dejo impactada. Esta nota dejaba en claro que no solo mi capacidad de imaginar era excepcional, sino que también tenia ojo para identificar susodichas parejas... La nota decía: De mi para ti: E x J. ",https://drive.google.com/open?id=1NGcDOH7WlDC0f2uPpGBxT3S2n0dQeg56,🚢 Casa Central
18/10/2025 0:34:41,"Hay 2 informáticos q siempre andan juntos, tan terrible lindos los 2 parece q son mechones pero pq tienen que ser informáticos ",,🏛️ San Joaquín
18/10/2025 10:11:14,Juancho cazuela te odio tontin,,🚢 Casa Central
18/10/2025 11:58:38,"saquen más confesiones de la sede viña, q no pasa niuna wea por acá 🥀🥀",,🏖️ Viña del Mar
18/10/2025 12:14:39,"En 2023, fue la única vez en mi vida en la que estuve en algo, y fue con la persona que me gustaba desde chico, desde como....2do básico? (Eso de un amor inocente, donde para mi, lo máximo en expresiones de amor era dar la mano xd, y no se, era como ese cariño de cabro chico). Lo que sucede es que esta chica (que era judía, no se, puede ser relevante o no) me dio en 2023, en mi cuarto medio, por fin la pasada de poder ser algo (tengo 20). Y fue el mes de más alegría en mi vida. Paseabamos, compartiamos, ella me hablaba de árboles y plantas y yo en ese entonces adoraba cada segundo a su lado. Decia como planeaba estudiar, que lo nuestro daria frutos y bla bla. El tema es que, el ultimo dia que nos vemos, estuvo casi todo el dia hablandome de lo maravilloso que era el ex, que era chistoso, inteligente, y que en su colegio (estabamos en diferentes) siempre la ayudaba y bla bla (ellos habian terminado en...diciembre? Noviembre? Y esto sucedio de finales de febrero a principios de abril) Entonces, todavia lo recuerdo, esa salida fue un martes. El miercoles apenas hablamos, y el jueves, me dice: ""Eres una muy buena persona, lo siento"" y me bloquea...yo a los meses me enteraria que volvio con el ex y fui su desahogo emocional, al punto que, cuando ocurrio los incendios en valparaiso y le hable para saber si estaba bien (porque me la pille por telegram) me dice: ""si, chao"" y me vuelve a bloquear....No la culpo, la verdad, cada uno puede amar como quiera y más inutil yo de haberme dejado, pero, no sé, cada vez que me acuerdo a eso me deprimo porque fue el unico momento en mi vida y en general, me cuesta mucho hablar con gente, gente nueva, soy bien retraido para la wea, y siento que, a este punto, en mi carrera ni en la U, no voy a conocer a nadie (tecnico) y simplemente me quedaré solo asi, porque como tampoco soy de salir mucho. Siento que, como alguien que se considera excesivamente romantico, me voy a morir y quedara todo ese amor en mis manos, que seré sepultado en ese abrigo miserable en el que estoy, y pucha, es lo que me toco, siempre me dio miedo y pena la gente que, por cosas de la vida, muere sola, sin recuerdos de otros y bla bla, y se que puede sonar exagerado y dirian ""estamos muy jovenes todavia, ponle color"", pero, hasta cuando lo somos? Ya es adulto uno, quiera o no, la vida es mas ocupada, mas pesada, mas responsabilidades, etc. Esa juventud, la podre vivir con alguien? O se pudrira conmigo? Bueno, eso, a lo mejor soy yo el weon, y que, no quiero parecer necesitado la verdad ni nada, pero es algo que me aqueja.
Gracias si leiste esto 🫂 tkm",,🏖️ Viña del Mar
18/10/2025 12:46:50,Para ir en la usm es requisito k te hayan ultra cagado?,,🚢 Casa Central
18/10/2025 13:02:19,La ayudante que estaba en la sala C234 pal control 2 de MAT-023 uff que pase el ig porfaaaa,,🚢 Casa Central
18/10/2025 13:42:48,Donde tan los ig de las watonsitas ricas de viña esas que huelen a algodon de azucar 🤤,,🏖️ Viña del Mar
18/10/2025 17:46:37,"Tengo una match con un loquito de telemática que me tiene uff… así q necesido ideas de temas para un playlist fogoza ;) que tema sugieren?

Prometo contar como me va",,🏛️ San Joaquín
18/10/2025 18:05:38,Damien deja de tocar a los chicos de teleco 😞,,🏖️ Viña del Mar
18/10/2025 20:20:10,Cine hecharon al ayudante de SEP ,,🚢 Casa Central
18/10/2025 21:20:04,Alguien se sabrá el ig de la ayudante de fis120 ? Me parece bonita,,🏛️ San Joaquín
18/10/2025 21:30:09,"El matias bolados de tercero de informática me trae loca, pasen el ig yaaaaaaa😍😍 el otro dia lo vi con una colita de furro todo que verrrre",,🚢 Casa Central
18/10/2025 22:36:05,"Me dio risa que un femboy explicara que si eres informático, automáticamente ibas a ese mundo (de femboys y anime) 
https://www.instagram.com/reel/DK2wWjrs1VE/?igsh=ejF5NHBqc2ZrOWh1",,🏛️ San Joaquín
18/10/2025 22:52:23,"Maite hess te amo eri el amor de mi vida, dichoso sea el hombre que este contigo!",,🏖️ Viña del Mar
19/10/2025 9:45:23,Que se hace si estás por echarte por 3 vez el mismo ramo? Te echan automático? O te pueden aceptar darlo nuevamente ,,🏛️ San Joaquín
19/10/2025 10:58:24,El Ignacio Andres Contreras Miranda está entero rico,,🚢 Casa Central
19/10/2025 18:17:44,"
when te tiran indirectas por sansano incógnito la wea patética bruh",,mis pelotas sansanas 
19/10/2025 18:26:06,Hay un wn en mecánica automotriz que se llama sebastian Rodríguez de 2do año e terrible de logi ese guaton klao se anda cagando a la mina y se cago a su ex mina cn la actual terrible MARICON el xxtumare ,,🌳 Concepción
19/10/2025 21:32:40,"Quisiera pedir un consejo externo, soy un estudiante de primer año la universidad, no diré la carrera, yo congele un semestre anteriormente porque me siento que me fue muy mal en las materias, quiero volver a congelar porque siento que no me está yendo bien y siento desmotivación que estoy fallando, le hable de eso a mi familia pero me dicen que yo me cambie de carrera nomás porque van dos veces, no sé qué hacer porque siento que quiero seguir, pero que tal vez sea la universidad Pero no puedo cambiarme, me siento tan inútil y que falle por no poder seguir, no sé si quiero otra cosa, según ustedes estoy puro weiando?",,🏛️ San Joaquín
19/10/2025 23:39:46,no tengo nada que perder yeah,,🌳 Concepción
20/10/2025 2:24:16,"no anden con minos de elo, desarrollo de personaje asegurado 💀",,🚢 Casa Central
20/10/2025 10:40:50,weonas q quieran suchy dejar like (sin pololo sipo (opcional)),,🏖️ Viña del Mar
20/10/2025 10:54:02,"Hola, soy yo de nuevo, el del server, traigo novedades:
1) la cuenta oficial del server es @project_usm (tiene la foto adjunta)
2) el servidor será finalmente vanilla, a petición de algunos, no se angustien, no será 100% vanilla, tendrá plugins, si quieres meter algún plugin, por favor hablar al dm de la cuenta que está acá.
3) será un servidor con paridad (Java y bedrock)
4) sigue siendo para toda la comunidad USM (solo un amigo externo entra gratis, a partir del segundo se cobra $1500)
5) Posible Beta test del server 
Eso es todo por ahora, espero que tengan una linda semana y un excelente fin de año 😊",https://drive.google.com/open?id=1HMItVtTbcuEK4N0AbfRg_nznLyM8u4bZ,🏛️ San Joaquín
20/10/2025 10:57:07,"Tiren la cadena oe, la wea no la cobran",,🏖️ Viña del Mar
20/10/2025 11:43:07,Una vez fui a tirar a los baños de la sede de valpo (no soy de esta u) pero la tienen fácil con los baños tan escondidos dkfkf ,,🏖️ Viña del Mar
20/10/2025 17:26:11,Mas que una confesión es una petición de ayuda con mi pareja queremos hacer un trio no definimos el sexo de la tercera persona aun pero queremos consejos ,,🚢 Casa Central
20/10/2025 20:03:56,Espero con ansias a las mechonas de comercial el próximo año muejejeje 😈😈😈,,🚢 Casa Central
20/10/2025 21:14:54,"Este lunes 20 tuve recuperación de clases de educación física. Había una chica muy simpática y tenía una linda sonrisa. Acabamos en el mismo equipo, aunque no pude hablarle mucho, pero lo intenté. Me quedó gustando y queriendo conocerla, pero no quise pedirle el IG porque encontré que sería muy desubicado, siendo que no habíamos interactuado mucho y solo la conocí ese mismo día. Lo más probable es que no la vuelva a ver. ¿Habré sido weón? Ojalá se dé la oportunidad de volver a encontrarnos.",,🏖️ Viña del Mar
20/10/2025 23:35:42,"Si un profe te saluda al menos ten la cortesía de mirarlo de vuelta y hacerle un gesto con la mano mínimo, peruano y la conchetumare ",,🏛️ San Joaquín
21/10/2025 0:41:43,Oe tanta malaya qla q se cree via y un pajaron qlo deja la bandeja tira arriba de la cancha de voley playa el lunes 20 de Octubre es pura mrda aprende a limpiarte la raja cochino ctmre weon ,,🏛️ San Joaquín
21/10/2025 11:35:40,"Que mal tener que aprender de alguien que no tiene moral dentro del aula. Si la u tiene protocolos ayudante-ayudado ¿Por qué no tiene profesor-ayudante? Igual debería estar prohibido ese nivel de nepotismo familiar. Como se dijo, se cubren y se cubrirán todo, negaran lo innegable aún ante la evidencia de todo el alumnado en sus aulas. Es bueno que la gente sepa de quien se habla, pero tampoco se podrá hacer nada sin las denuncias respectivas. Porfavor, si pueden, hagan la denuncia, porque 3ros no pueden denunciar estas situaciones sin la autorización de los afectados directamente",,🚢 Casa Central
21/10/2025 19:15:10,Para que chucha los profes hacen el foro de consultas en el aula pero cuando alguien pregunta nunca responden 😡😡,,🏖️ Viña del Mar
22/10/2025 0:23:15,"ya toi metia en 4 globales, q se hace? 😥",,🚢 Casa Central
22/10/2025 4:15:44,"Pal benja belmar, wn entiendo que te guste tu polola y todo pero como chucha va a ser de la unica wea q hablai? Y además nadie de la u es fiel pescameeeeeeeee",,🚢 Casa Central
22/10/2025 11:23:48,"Hola, estoy vendiendo energetica en vitacura, los precios cualquier cosita en el dm de momento que recien tamo empezando 🫂 el ig es @energy_usm",,🏫 Vitacura
22/10/2025 22:35:17,alguien diga el contexto de porque echaron al profe musi,,🏫 Vitacura
23/10/2025 1:36:40,"Los 3 hermanos manipulan las calificaciones,  acosan a los estudiantes tanto en puestos de ayudante como en clases Y no hacen nada contra ellos, siguen haciendo ayudantias, siguen haciendo clases. Y se ríen en la cara de todos porque hacen lo que quieren y nadie hace nada, Organizan muy bien los partidos de fútbol Y carretes, pero ni una historia para apoyar a las victimas, Los tienen haciendo clases como si No fuera alumnas a las que acosan. pura pera les tienen cualquiier miedo ",,🏛️ San Joaquín
23/10/2025 10:53:09,"Los especialitos qué ponen música en un parlante en el noac q dejen de wear un rato, gracias.",,🏛️ San Joaquín
23/10/2025 11:30:19,"A la chica rubia de celeste que la vi el otro día en el cañón llorando por un scw, eri preciosa hermana, yo x ti sería batman🦇 si tu noviooo te deja solaaaaaaaaaa 🪩🎶",,🚢 Casa Central
23/10/2025 11:31:46,"Confieso que me gusta mucho una compañera, es morenita, tatuada, tiene muxo estilo, pero tienen un pololo entero perkin, q dicen me pinto las patas o espero q el tiempo haga lo suyo?",,🚢 Casa Central
23/10/2025 11:34:29,"Deben de arreglar los baños del p wn, el otro dia me fui a cagar a los baños del pasillo del fondo y cuando me siento se me mojo toda la funda 😪 ",,🚢 Casa Central
23/10/2025 15:45:27,Wn me tiene chata mi ex son todos los sansanos iguales encima de terminarme y dejarme pa la ----------- me sigue buscando este wn ctm ,,🫶
24/10/2025 0:05:42,ANDAN ENTERO R,,🏛️ San Joaquín
24/10/2025 13:27:56,"estaba la fiesta d las funciones, la seno, la coseno y otras mas... va la función tangente y ve solita a e^x... le grita ""OYE e^x VEN A BAILAR, INTEGRATE"". Y e^x va y le dice: ""no si da igual"" ...",,🏛️ San Joaquín
24/10/2025 16:45:46,"Hermanos martinez, vayanse luego de la u, tan funados por todos lados

Asquerosos",,🚢 Casa Central
24/10/2025 17:53:04,Se salva?,https://drive.google.com/open?id=1RFDc2BrvmCduer4qKKbqfTkcjUZYsXKt,🚢 Casa Central
24/10/2025 18:11:24,"¡Hola a todos! Estoy interesada en la carrera de Ingeniería Civíl Química, quisiera saber si alguien tiene datos o información que pudieran brindarme sobre aquella carrera, como a sido la experiencia, si tiene buenos ingresos (egresados), etc. Agradezco cualquier cosa, porque no conozco a mucha gente aquí jaja, ¡gracias!",,🚢 Casa Central
25/10/2025 11:06:22,"Para quienes preguntan por la profe de física, es una nueva, se sienta siempre en el patio central (cerca del casino) y se jotea mínimo 3 alumnos, parece que no cacha que no puedes tener ese nivel de cercanía con tus estudiantes ",,🏖️ Viña del Mar
25/10/2025 15:20:05,El Bruno de eléctrica es lindo pero creo que tiene polola :(,,🏛️ San Joaquín
25/10/2025 15:50:39,Busco a alguien que le guste el arm wrestling en cc que apañe a entrenar @tecitodemanzanilla___,,🚢 Casa Central
25/10/2025 20:48:22,"parafraseando al pastor rocha: Martina Madrid, te amo!! (y el mundo se va a acabar en talca una wea así creo)",,🏛️ San Joaquín
26/10/2025 0:50:06,ya pero el MC 🫦🫦🫦,,🏛️ San Joaquín
26/10/2025 18:45:45,"IQA departamento rancio, cómo no se van a dar cuenta de lo grave que es que estos weones anden subiendo las notas de las minas que se jotean. En otros departamentos echan a los profes que hacen esa weá y ni siquiera se tienen que estar joteando a las alumnas. Bueno quizás desde cuándo que estos rancios están haciendo weás con las notas y les tapan a los depravados. Se debería exigir que le hagan revisión a todas las notas que anda poniendo el profe Gabriel y que lo haga un ente externo al departamento  ",,🚢 Casa Central
26/10/2025 21:00:28,Pregunta ¿Por que hay gente que pesco la confe 2180? Más encima ya borré la cuenta xD ,,🚢 Casa Central
27/10/2025 8:42:43,"Hace un mes me terminó mi pareja y pucha que lo extraño 😔 wn duramos 3 meses nomás y era re tóxico el mino, pero puta que lo extraño, aunq me hizo mierda, terminé pa la cagá y sigo encontrando las weas que le di tiradas en nuestro lugar.",,🚢 Casa Central
27/10/2025 18:29:48,"Valentina Carrasco la mejor chica que puede existir, linda, simpatica, deportista e inteligente que más se puede pedir?",,🏫 Vitacura
27/10/2025 19:14:46,"Update 27/10, la profe de física que se jotea a los cabros, se los está llevando para el pasto al frente del estacionamiento ",,🏖️ Viña del Mar
28/10/2025 0:19:06,Quiero pedir porfavor que funen a la chica ardilla ,,🏫 Vitacura
28/10/2025 9:16:45,Dicen por ahí que en ing en minas un profe se está afilando a las cabras 😧,,🏛️ San Joaquín
29/10/2025 14:36:28,Pasen el ig de la mechonsita de los polerones es café,,🚢 Casa Central
30/10/2025 3:47:53,Soy foráneo. ¿Es mucho pedir poder tener a alguien a quien abrazar en los momentos difíciles?,,🚢 Casa Central
2/11/2025 11:20:44,"Tengo un cahuín jejeje 
Mi prima tiene una vecina extranjera que es adicta a Tinder, Bumble, y esas páginas, ella busca personas que la ayuden $. Pq tiene como 4 cabrás chicas.
Estas apps se usan principalmente para solo tirar. Contó que se está comiendo a un wn, vi las foto y caché que era un profe de la U, Ignacio es profe de deporte, creo que es Director de deporte. Pone fotos bien provocativas en su perfil 😂😂, me dio cringe.
Y tan serio que se veía el profe",,🏛️ San Joaquín
2/11/2025 18:28:33,Quién apaña a ver a Gufi este 29 de noviembre? 😔,,🚢 Casa Central
3/11/2025 10:37:04,"Lo que dijo el otro compita de la profe de física es real, me pregunto donde se puede reportar u algo, no es normal que haya tanta ""cercanía"" entre un alumno y una profe, los lleva al pasto del estacionamiento, está toda la clase tirando la talla con ellos. Se puede prestar para malos entendidos ",,🏖️ Viña del Mar
4/11/2025 12:39:05,Estoy rifando tatuaje hace caleta y no he podido vender la rifa completa 😮‍💨 es para pagar deudas del vet de mi gato (350+k) y ya no sé cómo difundirla :( @marmo.tattoo por si puede/quiere alguien mirar/compartir uwu,https://drive.google.com/open?id=194SAeOBgrNlhZYbNdujdSZzr4QFfn_Q3,🏛️ San Joaquín
4/11/2025 17:03:31,Enero ser como,https://drive.google.com/open?id=1WPr2cGHShYaVp1frs-O4libS27aJ7qnM,🏛️ San Joaquín
4/11/2025 17:04:22,I just want be part of your SYMPHONY!!!,https://drive.google.com/open?id=1AsZKIosWQ-IGIHbmOBIjA-ZQFCe1bqrj,🏛️ San Joaquín
4/11/2025 17:04:48,SYMPHONY!!!,https://drive.google.com/open?id=1TONRSA7v8hC7ihuioT9rtt0EuCO1DXAF,🏛️ San Joaquín
4/11/2025 17:06:02,S Y M P H O N Y ! ! !,https://drive.google.com/open?id=1TAbCxaXuHDHrCmdiSXPMqOrsW9Q94dUD,🏛️ San Joaquín
4/11/2025 23:27:32,"Quienes son los de tec. mecanica industrial zzz😴😴… lea volamos la raja en la intercarrera WUAJAJAJAJ

PD: diganle al waton rekl q vaya al gym q no corre ni xcia jajajaj🤫🤫🏎️🔧",https://drive.google.com/open?id=14DrgxtAvvWD1yzLfVUFhcbafqZyIUpRf,🏖️ Viña del Mar
5/11/2025 14:18:58,"Hay un mino en cc que wn, siempre que lo veo me mata. Es alto, flaco y cejon, supongo es muy piola siempre anda en la suya y con audífonos, se viste muy bien.  Me choca que nadie lo cache creo q es de mecánica… si sigues esta pag, te mando un besote. ",,🚢 Casa Central
5/11/2025 16:35:42,Vendo entrada a Chase Atlantic el 17/11 porfi interesados escríbanme ,,🚢 Casa Central
5/11/2025 22:43:45,"holaaa, acudo a estas confesiones para q me aconsejen sobre si cambiarme de sede o no c: Actualmente estoy en mi 1er añod d ing. Civil eléctrica en casa central, pero estoy pensando en cambiarme a sede san Joaquín. Alguien que cache más o menos sobre esto, qué sede recomienda más para esta carrera? Cambia mucho en cosas importantes? Y si es así en que¿¿ muxas graciass ",,🚢 Casa Central
7/11/2025 15:04:47,"Holaa, pregunta, existe grupo que les guste coleccionar cartas de pokemon en la U???",,🏫 Vitacura
7/11/2025 16:10:27,"cuenten el cahuin o contexto, pq estaban los bomberos afuera de la u? 🧍🏻‍♀️(vie. 7)",,🏛️ San Joaquín
9/11/2025 19:36:23,"La universidad se fue a la mierda cuando empezaron a dar una servilleta en el almuerzo
(QUE NO ALCANZA PARA NADA MÁS QUE SACARSE EL ACEITE DE LAS MANOS POR LOS ORDINARIOS QUE NO SABEN ALIÑARSE BIEN LA ENSALADA) ",,🏫 Vitacura
13/11/2025 7:14:42,axel chupalo,,🚢 Casa Central
14/11/2025 12:58:52,!,https://drive.google.com/open?id=1Lt7fTtz4cNiQLwJE5NzJQTnxZcLu5y0E,🏛️ San Joaquín
16/11/2025 0:45:37,ALERTA 🚨🚨,https://drive.google.com/open?id=1oJmLk3oDyDhr-gonzuaovSilkGqVz2Wp,🏫 Vitacura
16/11/2025 0:45:49,CUENTEN EL CHISME DE MUCI,,🏫 Vitacura
18/11/2025 0:29:44,"Ando buscando a un muchacho que creo q estudia en la usm, vive en quillota xd re stalker yo sé ,,,, se baja siempre en el Santa sendero ",,🏖️ Viña del Mar
18/11/2025 12:42:26,QEPD Profesor Alejandro Muci 🕊️,,🏫 Vitacura
19/11/2025 12:40:49,Yo en el baño del A cada vez que se apaga la luz,https://drive.google.com/open?id=1Yhc7CxcyXy30CdgMZ2z33j1CNlssDxMW,🚢 Casa Central
20/11/2025 21:37:28,"Wena cabros se buscan 2 porteros fijos para jugar a la pelota los viernes, cualquier cosa me escriben al ig @Digilidigilidoo, somos de sj ",,🏛️ San Joaquín
20/11/2025 21:49:18,FERNANDO DÍAZ ME CAGASTE LA VIDA,,🏫 Vitacura
20/11/2025 21:58:02,"Tengo un cahuín jejeje 
Mi prima tiene una vecina extranjera que es adicta a Tinder, Bumble, ella busca personas que la ayuden $$$.
Estas apps se usan principalmente para solo tirar. Contó que se está comiendo a un wn, vi las foto y caché que era un profe de la U, profe de deportes ,Pone fotos bien provocativas en su perfil 😂😂, me dio cringe.
Y tan serio que se veía el profe",,🏛️ San Joaquín
20/11/2025 22:01:32,"Tengo un cahuín jejeje 
Mi prima tiene una vecina extranjera que es adicta a Tinder, Bumble, ella busca personas que la ayuden $$$.
Estas apps se usan principalmente para solo tirar. Contó que se está comiendo a un wn, vi las foto y caché que era un profe de la U, profe de deportes ,Pone fotos bien provocativas en su perfil 😂😂, me dio cringe.
Y tan serio que se veía el profe",,🏛️ San Joaquín
20/11/2025 23:21:18,Holi,https://drive.google.com/open?id=1kGcsprfikD7KxnMqoOoDoEbloHGy_ZJU,🏛️ San Joaquín
20/11/2025 23:25:19,"¿No les ha pasado que cuando estan junto con su pareja, tienen ese dilema de no poder darle todo lo que el quiere?

A mi me a pasado con mi compañero con el cuál he sido pareja desde hace un tiempo y cada vez que vamos a los baños a orinar juntos (si, lo hacemos en dos urinarios juntos) no solo vemos quien logra hacerlo por más tiempo sino que cada vez me convenzo que mi pequeña vienesa no podría darle el placer del todo aunque quisiera, a diferencia de su enorme excalibur del cuál ha logrado ayudarme a soltar uno que otro gemido. 

Me gustaría poder añadir 2 o 3 centimetros más a mi pequeña amiga para que así, la próxima vez que tengamos un momento juntos, yo sea quien pueda darle placer.",,🏛️ San Joaquín
21/11/2025 18:22:31,"Hombres, porfa achúntenle a la tasa qlia del water wn, es imposible que dejen toda la wea meada y ni la cadena tiren wn, o al menos levanten las dos tapas po, nadie quiere mear en un water así de cochino wn (imagen de los baños mixtos del primer piso de los k)",https://drive.google.com/open?id=1KR3KrismDXAt2liAwIQOfYpDTbugaQvI,🏛️ San Joaquín
22/11/2025 12:46:48,"No se como superar u olvidar a mi ex, para un poco de contexto ella y yo terminamos en el año pasado y la verdad es que no se como puedo sacármela de la cabeza, es como una tortura constante y ya me esta afectando más de lo esperado. Mi cabeza aun me culpa de todo y no puedo ni vivir en paz por ese tema",,🏖️ Viña del Mar
22/11/2025 12:54:55,ALGUIEN QUE HAYA DADO PAE DE FIS130 QUE DIGA SU EXPERIENCIA 😭 o en física en general ,,🏛️ San Joaquín
22/11/2025 13:15:16,"Me gustaría hacer amigos, soy algo retraída y me cuesta relacionarme con la gente. Vi que he tenido bastantes problemas emocionales y no tengo a nadie con quien hablar, en la u también suelo pasarla sola.",,🏛️ San Joaquín
22/11/2025 13:24:44,h,,🏖️ Viña del Mar
22/11/2025 13:58:08,"soy el de la 2218 y me dijeron que era de elo, tiene el pelo medio castaño y con textura",,🚢 Casa Central
22/11/2025 14:58:27,"Esto es anónimo? Ojalá si… creo que me está gustando mi mejor amiga. Estoy cagao de susto, ha sido una super buena amiga, cuando mi papá falleció ahí estuvo, cuando me he enfermado así mal, también. De hecho otra amiga (x la que nos conocimos) me dijo que ella no es cariñosa, ploptwist: conmigo es súper amorosa. Ayua",,🏛️ San Joaquín
22/11/2025 15:24:48,Por que las de admision son tan lindas???,,🚢 Casa Central
22/11/2025 16:11:55,"Les digo algo? Me siento súper mal, soy mujer y en la u la mayoría de las mujeres son super falsas e hipócritas, Por qué les cuesta tanto tener amigas? Yo tenía 2 mejores amigas que en un inicio eran super buenas conmigo pero después empecé a ver comportamientos en ellas que no me gustaban, me criticaban por todo, me trataban mal y sin ningún motivo, osea ellas se pueden equivocar todo lo que quieran pero yo no? Lo peor es que no me gusta tener amigos hombres porque no es lo mismo y con ellas me sentía segura pero ahora ya no sé qué hacer...",,🏖️ Viña del Mar
22/11/2025 17:50:36,"oigan kbros soy el kl de otro post que decía q estaba sicoseao por esta cuenta, ctm yo la wea la decía de verdad si hasta está mierda la estoy escribiendo sicoseao no me siento el centro del mundo solo sobre pienso mucho la weaaaa 😭😭😭😭",,🏖️ Viña del Mar
22/11/2025 19:34:55,"Hay un hueon medio gótico de tele que me trae media loquita pero siempre anda con su grupo de amigos y me da vergüenza hablarle,,,😭 consejos¿",,🏛️ San Joaquín
22/11/2025 19:35:27,"Holaa, que profesores recomiendan para  tomar los ramos de mate y fis en sj ? :)
(Estoy seguro que pasaran los mas pencas )",,🏛️ San Joaquín
22/11/2025 21:46:59,"Yapo cata, date cuenta.
Al pobre le hace falta piso pa seguir arrastrandose por ti",,🏛️ San Joaquín
23/11/2025 3:16:53,"Aun espero a que me describan en esta cuenta y digan q le parezco lindo pero esa wea no va a pasar, na que hacerle toco noma nacer asi",,🚢 Casa Central
23/11/2025 17:11:00,que tan mal de la cabeza tiene que ser mi amigo si se ha enamorado de una tipa del inacap?,,🏛️ San Joaquín
23/11/2025 18:49:51,Síganme o me enojo uwu @rociobcd,,🚢 Casa Central
23/11/2025 21:19:35,Cualquier jugo le dió la Fran al loquito en el comedor el otro día. Hasta donde yo se era ella la que todavía seguía pendiente de él después que anduvierón 😶,,🌳 Concepción
23/11/2025 21:29:10,"Pregunta gente, mas por curiosidad, como ustedes hablan con la gente? En vola si quieres conocer a alguien nuevo, hablar de algo. ¿Cómo le hacen? Quisiera mejorar la habilidad de hablar, no estar nervioso. Se que a muchos les puede pasar.",,🏖️ Viña del Mar
24/11/2025 1:49:27,""""" ""Revela tus verdades ocultas..
Confiesa tus secretos mas profundos.
Todo completamente anónimo. 🤫""""""
ok jajhajaja
a veces siento que dejé una parte tierna de mi con él. desde entonces no me nace ser así con nadie más.
no sé si es por una inseguridad que quedó flotando o porque todavía hay algo que no termino de soltar (y todavía lo quiero).
hace poco vi una frase que decía: ""si me hablaras te respondería al segundo""
algo que tu hiciste cuando te hablé después de un tiempo. #quiero pensar que eso significó algo
esa vez no te dije lo mucho que te quería ni nada.. me dolía tanto que no pude abrirme.
hasta mentí que me dolió un poco, nunca quise que te fueras de mi vida, obvio que quería que lo intentaramos.
contigo era tan linda, nadie más ha tenido esa versión de mi.
obvio que todavía te quiero aTTi",,cx
24/11/2025 11:46:56,"Lino culiao bastardo ojala te murai o te lleven preso ql porque la wea q has hecho necesita ser castigada
Lino godoy estudiante de ing civil es un violador ql que no le importa la gente q se preocupo por el si quiere algo el hará todo lo q quiera para conseguirlo porque es una persona enferma qué no le molesta arruinar la vida de las personas q mas lo querían

Lino culiao fui tu mejor amigo desde séptimo básico y toda esa wea nunca te importo bastardo ql yo de verdad espero tu muerte
Y espero q si no mueres tu vida se igual de terrible como la mía ahora mismo

Tengan cuidao porq se hace el full paz y weas y no deja de ser la peor mierda de persona q existe

Y ojala suban la wea de confección porq le da la pera subir algunas weas
Foto del bastardo ql en 8vo basico
",https://drive.google.com/open?id=1raRlnSceGHnTcH1dHSCFapcXWj1fysKm,🚢 Casa Central
24/11/2025 17:39:36,Nunca voy a entender por qué las titulaciones de Santiago las hacen en Valparaíso 🙄,,🏛️ San Joaquín
24/11/2025 21:45:35,"hay alguien que este o haya intentado estudiar y trabajar al mismo tiempo? quiero puro trabajar pero me da miedo, siento q no voy a poder",,🚢 Casa Central
25/11/2025 19:26:37,"Al de la confesión 2224 de san Joaquín:
Pase el insta del morenito al que le tiene envidia, es para una tarea🧐🎀",,🏛️ San Joaquín
25/11/2025 19:41:55,"Que woena más desagradable la Paula Jara de civil wn, no puedo creer que exista gente tan doble cara",,🏛️ San Joaquín
25/11/2025 23:06:05,"Viejo de porquería me tiene chato weon, no le ha entregado su nota a su paralelo, se pasó el cronograma por el pico teniendo una clase en la semana del certamen cuando ya debía estar listo y nos está pidiendo entregar un informe colosal en 2 días porque el formato de este lo subió el domingo en la noche cuando se supone debía estar subido el miércoles. Tengan cuidado cantos que tomen calor y ondas (No dropeo nombre por si acaso pero preguntenle a cualquiera que tomo física adelantada)",,🚢 Casa Central
26/11/2025 19:03:25,"MOMASOS DON COQUITO CONGELA!

Aunque se que esto no es de mucha importancia congelo la u... Eh estado pasando por muchas situaciones y no eh logrado concentrarme en estudios y no estoy bien 🧠 al punto que no estoy seguro de que hacer con mi vida. No estoy seguro si vuelva a la USM, se que es complicado y hay que hecharle ganas. Pero agradezco a las pequeñas personas que conocí que realmente valieron la pena, al igual que los profesores y profesoras (Aunque probablemente me Heche este semestre csm ksksks) Pero obtuve nuevos conocimientos que espero aplicarlos o en la próxima carrera o en el futuro en proyectos personales.

Se cuidan mucho gente bonita, en una de esas cuento situaciónes que me pasaron ksksks 
PREGUNTENME LO QUE SEA DE MI EXPERIENCIA USM POR 2 AÑOS 

EX UMBRA SOLEM (NO SE QUE SIGNIFICA XDD)",,🏖️ Viña del Mar
26/11/2025 20:24:18,Suelten que pasó en cc ctm ,,🏛️ San Joaquín
26/11/2025 23:02:18,"Diganle al mariano de 130 que se deje de hablar weas por el grupo de wsp, es como un chat de 8vo basico la wea.",,🚢 Casa Central
27/11/2025 1:58:31,"Puros weones los que andan diciendo que el atacante es la víctima de la situación, ay si, súper víctima con su pistolita y su cuchillito, pobrecito... 🥺
Dejense de webear",,🚢 Casa Central
27/11/2025 2:48:01," Un chico alto, blanco, usa lentes, lo he visto entrar al departamento de mecánica, será que alguien sabe de el o su Instagram?, siempre lo veo en la u se me hace muy lindo.",,🌳 Concepción
27/11/2025 8:57:57,"Que tanto webean con la salud mental, especialmente a la u… que vuelva la selección natural mejor, y si alguien necesita ayuda exíjanle al Estado o sus papitos, q vienen a querer paro por weas",,🚢 Casa Central
27/11/2025 11:09:01,"Hermano se que la vola que me voy a mandar puede sonar hasta mala weon pero no se quiero lo lean antes de juzgar la kuromi en serio me gusta pero soy muy cobarde para volver a hablarle y por alguna razón siempre la terminó esperando para verla hermano y el otro día por impulso la seguí me siento un poco culpable pero la emoción culia que senti fué otra vola
Tuve que seguir caminando para arriba para hacerla piola después de que ella se metiera adentro de una calle 
En serio la voy a extrañar para vacaciones el rechazo que me pegó no fué suficiente para bajarme el flechazo la weona ni su ig me dió ",,🚢 Casa Central
27/11/2025 14:12:46,necesito difusión llevo caleta vendiendo una rifa con la que estoy pagando cuotas del vet de mi gato y está estancadísima :'( estoy rifando tatuajes uwu ,https://drive.google.com/open?id=1UEyVhXQ8WiUW_BBD0CO0s0F3spkSOaVj,🏛️ San Joaquín
28/11/2025 19:52:48,"Chica a la que le recogí la moneda de cien pesos en el edificio A si no me equivoco, eres bellísima niña, tu ropa y tu maquillaje te hacían lucir super tierna, estaba muy apurado y no pude hablarte. Espero me dejes una señal para que pudieras hablar.. (28/11/2025)",,🏛️ San Joaquín
29/11/2025 22:15:36,"El Viernes andaba una cabro con una foto del conejo de Alicia en el país de las maravillas pegada en el polerón diciendo frases como ""El tiempo corre"" ""Todos los caminos llegan a Roma"", logre tomarle una fotografía. Además anduvo pasando por las salas en certamen apuntando a la fotografía. Adjunto imagen.",https://drive.google.com/open?id=1m8Z4nzRstW8CeVLvLSTwCm6frvU0zJ7G,🏖️ Viña del Mar
1/12/2025 18:07:33,"casi todos los wnes de último año de administración de empresas son unas doble cara, unos falsos kliaos",,🏖️ Viña del Mar
3/12/2025 17:44:54,"¿Qué opinan del PAE? Reprobé un ramo y quiero darlo en el verano, pero me da miedo que me vaya mal debido a que el tiempo es muy comprimido. ¿Vale la pena intentar pasar matemáticas entre 6 y 7 semanas? ¿o es un suicidio y lo único que consigo es quedar eliminado de la U con un VTR 2? Necesito relatos de personas que han tenido la experiencia en el programa. Quedo atento a sus opiniones. Gracias.",,🏖️ Viña del Mar
3/12/2025 21:55:16,Hermano no puede ser que sean tan pencas algunos profes te juro osea esta bien si no quieren no hacer recuperativo pero avisan nose a inicio del semestre o los que suben todo al final para dejarte con la tencion o los viejos que teni que alegarles para que te suban la nota porque suben mal las notas y no suben nota por hacer el proceso que csm ya eso buen dia cabros los quiero🍅 no hate a ningun profe en especifico,,🌳 Concepción
5/12/2025 12:43:42,Bro puede ayudame a encontrar a una niña que me dijo que se llamaba laurita era de arquitectura se Quieria retirar en la cual me indico que vivía en maipu estuvimos hablando pero me avergoncé de perdile el ig ,,🏛️ San Joaquín
6/12/2025 20:33:09,"Soy Shadow… y te desafío a un duelo uno a uno en la uni. A mano limpia. ¿Estás listo para enfrentarte a mí, erizo azul?",https://drive.google.com/open?id=1VDWqv0utJRUAJIZp7XuuEWfEkc1X_JsM,🏛️ San Joaquín
13/12/2025 2:13:15,extraño a mi ex,,🏛️ San Joaquín
13/12/2025 2:18:07,"extraño a mi ex, el sabe que quiero volver y yo se que me ama, terminamos hace un poco más de un año, el de stgo y yo de conce pero no me importaba, juro q amo a este hombre, yo sentía que con el no era solo tirar, sino que sentía el amor mientras lo hacíamos, era muy tierno conmigo, dormía abrazándome sin importar mis rollitos, se desvelaba en las noches para ganar dinero jugando videojuegos y así poder costearme parte de mi operación cuando el al otro día tenía clases en el liceo:( tengo muy lindos recuerdos con el, D.E.O.M. t extraño cada día de mi vida, porfsvor volvamos:( atte: la q tiene mucho ego pero contigo soy la más vulnerable del mundo ",,🏛️ San Joaquín
13/12/2025 6:48:02,"La mejor wea q pude haber hecho fue salirme de esta mierda de u, entre los estudiantes, los profes y la gente de recursos cual de todos más egocéntricos y hediondos a raja 🤣🤣, suerte en seguir estudiando en esta u qla q vale hectáreas de callampa 😘 mejor sálganse y sean felices con sus vidas",,🏛️ San Joaquín
13/12/2025 21:04:57,pregunta genuina quien es el niño sonic y cuál es su historia ,,shhh
14/12/2025 1:25:13,"Ignacio maureira el peor profesor que hay en la u, ojalá no esté nunca más ",,🏛️ San Joaquín
14/12/2025 15:02:37,"Furros den like, yo los sigo",,🚢 Casa Central
16/12/2025 20:20:09,"quien se comió a ese wn rico q taba en el CIAC hace jns años Pipe creo, era ayudante tb. Ojos clarito y de closet pero más jote xddd Igual me hiso comersela en ls baños :O no lo vi mas :/",,🚢 Casa Central
16/12/2025 22:52:01,Ella tiene pololo y todavía piensa en ti mato,,🚢 Casa Central
25/12/2025 19:29:49,"Se arrienda departamento estudio amoblado, año corrido en Placeres, a la altura del supermercado Santa Isabel. Locomoción para Valpo y Viña a la puerta (501, 503, 510, 604, 401, 410 y colectivos). El arriendo sale 300mil pesos + GGCC (30k app + agua caliente). Más info por dm ʕ⁠·⁠ᴥ⁠·⁠ʔ – @casssiopeiae ",,🚢 Casa Central
28/12/2025 2:56:21,"Soy tan bacán que me eche la carrera en el primer año, tuve oportunidad de apelar pero no ví el correo pq andaba en otra (anduve con un episodio de depresión brígido) pero no pasa nada pq di la paes de nuevo, me fue la raja, suerte a todos los cabros de la u que me acogió fuera de mi región, los quiero mucho, Biotecnología lo más grande, dms q ya saben quien soy. El punto es, al final es una experiencia, y de las experiencias se aprende, en vola este año que pasó maduré, no lo sé, al menos eso espero. Pq en vdd quiero que este año q viene y los siguientes sean los de mi peak.",,Papulandia
28/12/2025 22:20:22,"Ya paso una vez que cuando cerraron usm.incognito aparecieron como 2 cuentas de confesiones más, pero cuando revive usm.incognito, la única que trabaja es atenea, que les cuesta a los otros wnes ser admin también de la página ",,🏛️ San Joaquín
28/12/2025 22:20:36,"Hay una cabrita de la misma cede que tiene el pelo teñido rojo, media morenita, y viste con facha, quisiera saber quien es, y si no, me acerco el otro año xdd",,🏖️ Viña del Mar
28/12/2025 22:21:19,MECHONES!! ¿les gustó la u?,,sexo
28/12/2025 22:21:37,"El día de la feria laboral buscando práctica me ocurrió algo curioso, los de metro regalaron réplicas de cartón del tren NS-16 y justo cuando me iba de la u a mi casa y con mi cartón sin armar me tocó llevarlo en un tren NS-16 real, parece la canción ""Te llevó para que me lleves"" de Gustavo Cerati 
La wea autista Sí o no cabros? ",,🏛️ San Joaquín
28/12/2025 22:22:39,"Que caen mal los pendejo envidioso pasao a pobreza. Compare consigan una vida, o una cacha",,🏖️ Viña del Mar
28/12/2025 22:23:41,que será de confesiones usm? (me habían bloqueado),,🚢 Casa Central
28/12/2025 22:29:11,En la sede de Viña hay una niña linda con buen cuerpo que vende galletas creo que se llama Catalina y me han dicho que tiene nv,,🏖️ Viña del Mar
28/12/2025 22:31:04,Me gusta el presidente de mi centro de alumnos pero no se si es gei/bi 😔😔😔,,🚢 Casa Central
28/12/2025 22:42:41,"Pongan weas via' po, el diego se la come, por ej
Pero si, diego klo, deja de comértela",,🏖️ Viña del Mar
28/12/2025 22:45:36,"holaa, yo congele el segundo semestre pq me quiero cambiar y di la paes, ahora en caso de volver a la usm no se si tomar ramos ahora o como no se todavía en caso de volver tomo los ramos después, en caso de la 2da me tocaría como lo que sobró?? así tipo un horario de mierda?soy de primer año y no cacho mucho ",,🏛️ San Joaquín
28/12/2025 22:53:16,Como me cae mal un wn de la carrera que se jotea a una compañera que tiene pololo y dsp se ofende pq ni bola le da(no tiene ni un brillo el weta),,🏖️ Viña del Mar
28/12/2025 22:54:46,"
Introducción a la matemática avanzada",,🏛️ San Joaquín
28/12/2025 22:57:12,"Ayuaaaaaa me esta gustando mi mejor amigaaaa. 
No vayan a pensar nada todavía, la verdad es que nos conocimos a través de mi otra mejor amiga (a ella la conozco como hace 10 años), nos conocimos y nos hicimos amigos, llevamos harto tiempo siendo amigos y de repente se puso mas amorosa conmigo. Que hago? No quiero cagar la amistad",,🏛️ San Joaquín
28/12/2025 22:59:56,"Me cae mal mi jefe de carrera, es el tipico marikon sonriente, gonzalo klo",,🏖️ Viña del Mar
28/12/2025 23:07:17,Calor y Ondas,,🚢 Casa Central
28/12/2025 23:10:51,MECHONES!!! cuál fue su ramo favorito de este primer año?,,🏛️ San Joaquín
28/12/2025 23:15:19,Yapo quien juega valo :c dejen sus id,,🏛️ San Joaquín
28/12/2025 23:21:12,Casi me echo estaca ,,🏛️ San Joaquín
28/12/2025 23:22:54,"Por qué CC es tan difícil?, argumentos,,,",,🚢 Casa Central
28/12/2025 23:26:03,MECHONES!!! cuál fue su ramo menos preferido?,,🏛️ San Joaquín
28/12/2025 23:30:15,Arquitectura y Organización de Computadores,,🏛️ San Joaquín
28/12/2025 23:34:04,MECHONES!!! cuál fue su profe favorito este primer año?,,🚢 Casa Central
28/12/2025 23:51:04,No me dirán si soy hombre y voy a la u con shorts de mina :c?,,🏛️ San Joaquín
28/12/2025 23:57:21,Lo que se siente estudiar lic en física o astrofisica en la usm:,https://drive.google.com/open?id=1Wv7yftNoqyltoT6LofXhIwZEr0spmfPb,🏛️ San Joaquín
29/12/2025 0:00:18,"MECHONES!!! (el último), cuál profe les cayo más mal este primer año?",,🏫 Vitacura
29/12/2025 0:04:59,Programación Avanzada para Ciencias,,🏖️ Viña del Mar
29/12/2025 0:08:33,QUE EL CEE IQA HAGA ALGO! :u,,🚢 Casa Central
29/12/2025 0:34:54,"El 2026 habrá política dentro de la u, para que piensen y se informen un poquito fachitos hijitos de papi. Prepárense al paro",,🏫 Vitacura
29/12/2025 0:59:12,Algún gay o heterocurioso que quiera un follamigo gordito? Quiero pico ctm,,🏛️ San Joaquín
29/12/2025 2:40:37,el pablo sanhueza mas lo que webea por la wea de los martine y es el ayudante ql mas penca de mec de fluidos y fci. lleva como 8 años en la carrera y sigue sin salir el ql fracasao. dicen q termo es una mafia pero esos dos de fluidos son nefastos y llevan ahí cualker rato. hablan de pitutos y los qls malos llevan apernaos cualker rato a la ayudantia ziii,,🚢 Casa Central
29/12/2025 8:42:53,"Soy Sansano alumni y busco una Sansana para pasarlo bien, lo ppal que sea clever y simpática. Me seducen las mentes creativas y no he encontrado fuera (real) en SJ",,🏛️ San Joaquín
29/12/2025 11:51:47,"Estaba hablando con una chica y me hizo tremendo lovebombing asi que me quería me mandaba corazones y mensajes de buenos días y un día le dió la wea y me ghosteo de la nada le hable y no me respondio más, me dejaba en visto, obviamente la bloqueé y listo
Pero porque son así las mujeres, cada vez que pienso que las cosas van bien como que te entusiasman y luego por nada todo a la mierda ",,🏛️ San Joaquín
29/12/2025 12:50:20,"Algo que no puedo evitar notar cuando llegó todos los días a estudiar aquí, es siempre oler la frustración de la gente al fracasar en una asignatura tanto de su carrera como una de plan común y no siempre esa frustración la resuelven de forma pacífica e incluso llegan a extremos peligrosos como lo que paso en Casa Central con lo del profesor de informática. Aquí pongo una cuestión, ¿Es la universidad más exigente que en años anteriores o son los alumnos más pendejos que generaciones pasadas? Llego a creer que es la segunda opción porque los mechones cada vez llegan más ""aweonados"", llorores, se frustran rápido, pasan más tiempo distraídos que estudiando y un largo etcétera. Según un estudio que se realizado un tiempo atrás, se hablaba que la madures de una persona se tardaba hasta los 32 años en llegar y yo pienso que lo que dicen es cierto, porque la otra vez pase por al lado de un liceo que queda cerca de mi casa y me di cuenta que la mayoría de los alumnos quienes estudiaban en cuarto medio no tienen ni idea de donde están metiendose para su futuro y muy seguramente la mayoría de esos son quienes van a descertar el primer año e incluso formaran parte de esos alumnos especiales quienes recibieron ese beneficio de dar los cursos en verano. La universidad a la cuál amaba ya no es como era antes.y me causa tristeza que cada día cada vez más va en una pendiente sin frenos hacia la ""escolarización de la educación superior"", hacer que la puerta al mundo empresarial sea más fácil de alcanzar y que se requiera ahora menos esfuerzo que antes, con más ventajas y trampas para que los más flojos puedan ganar dinero rápidamente. La pandemia, el gobierno del incompetente, el estallido y el paro causaron esto y ahora sufrimos las consecuencias.",,🏛️ San Joaquín
29/12/2025 13:19:15,"no es una confesión, pero hay algún curso de telemática o informática que sirva para introducirse en la creación de motores gráficos, como para desarrollo de videojuegos me refiero.",,Feliz navida
29/12/2025 15:17:32,"Quiero estudiar Ing Civ Quimica en la central, ¿advertencias o recomendaciones? ",,🚢 Casa Central
29/12/2025 19:17:39,"Un amigo se posrulo para admision especial para estufiar industrial y aparte realizo el test psicomotriz de piloto comercial por wear, le llego un correo de la u acepto todo sin mirar y sin querer se matriculo como piloto comerical, firmo el contrato y ahors debe 58 millones por aceptar sin querer queriendo",,🏫 Vitacura
30/12/2025 0:38:31,Me pregunto si existirán sansanas solteras...,,🏛️ San Joaquín
30/12/2025 11:29:47,"Oe… todos estos ig's de Tinder usm son como el qlo, uno quiere conocer sansanitas y no lo dejan😒",,🏛️ San Joaquín
30/12/2025 11:41:09,Atenea pasa Ig 😍🤭,,🏛️ San Joaquín
30/12/2025 11:56:31,Ola ke ase :v,,🏛️ San Joaquín
30/12/2025 12:42:58,El Preusm banca a un par de weones que le gustan las cabras chicas [. . . . ] (Uno se fue creo y al otro lo echaron hace poco),,🚢 Casa Central
30/12/2025 13:11:13,Echaron al profe Gabriel? O lo escondieron? O por qué no aparece en el SIGA?,,🚢 Casa Central
30/12/2025 13:58:05,"Finalmente

Martinez mayor no dictará ramos el 2026-1. Ojala siga así y echen a los otros 2 especimenes que quedan ",,(Ahora falta desuscribirlos de la vida)
30/12/2025 14:01:55,"Para el de la 2327, ya somos 2 🥀",,🚢 Casa Central
30/12/2025 14:16:21,"Acerca la confe 2324, creo que se de quien habla, uno de pelo rojo que estudia telematica y es meo mino, pero tiene fama de ser pesao y machito (lo e escuchado mientras esta con su grupo de amigos y es muy funable)",,🏛️ San Joaquín
30/12/2025 14:17:39,"Te he mirado todo el año con esa sonrisa tan bonita y esa personalidad tan atractiva. Te observé durante todo el año, cuando me robabas miradas en clase, y aunque siempre quise decirte algo, nunca tuve el valor. Eres muy linda, Coni electricidad",,🏖️ Viña del Mar
30/12/2025 14:40:02,Un vaso de agua y un título de Ingeniero Civil Industrial no se le niega a nadie.,,🚢 Casa Central
30/12/2025 14:47:13,"Para la 2331, lo que a mí me ha servido para sacar personalidad de a poco, ha sido darle cumplidos random a la gente que no conozco, como ""oye, me gusta tu estilo"" o ""me encanta tu polerón"". Son cosas muy simples que ayudan a quitar un poco la timidez, y si tienes suerte, alguna de esas personas te sacará conversa. A mí me ha funcionado, ojalá te sirva también.",,Anónimo 
30/12/2025 15:52:46,hay un weon q creo q es de minas q es medio flaquito usa lentes y es morenito que lo encuentro súper bonito. soy hombre y en vdd no se si me pesqué. alguien tiene su ig para ver si me pesca?,,🏛️ San Joaquín
30/12/2025 16:23:16,Recomienden profes de Fis120 plisssss,,🚢 Casa Central
30/12/2025 16:23:59,"Si saqué nivel 2 de inglés, tengo q tomar inglés 3 ono. Se q es preg wna sorry djdjdj ",,🚢 Casa Central
30/12/2025 16:34:49,"Vengo con mi top personal de profes del dmat.
Pa mate 1 y 2: Nicole Geyssel, Victoria Fernandez, Cristian Hernandez.
Pa mate 3 y 4: Nelson Crack Cifuentes (Mate 3 siosi) y Nicolas Varela.

Menciones especiales: Calzadillas, Gredy Salmeron, Pato Quiroz, Alexis Fuentes.

Profes a evitar: Escanilla, Hirsh (Aunque hay gente que le entiende), Bahamondes (Más ejercicios que explicaciones)

Esos no más cacho chao",,🏛️ San Joaquín
30/12/2025 17:43:53,"Ha habido discusiones recientes sobre acoso dentro de la universidad y es importante tener en cuenta ciertas cosas que se pierden entre funas, silencio y el “todos saben, pero nadie hace nada”.
Es cierto que existe un protocolo de género, y eso es un avance relevante. Sin embargo, su sola existencia no garantiza justicia ni reparación. El proceso implica un alto desgaste emocional para las víctimas y no ofrece certezas respecto a los resultados. Además, muchas personas no conocen realmente cómo funciona el protocolo ni qué esperar de él, lo que desalienta aún más la denuncia. Nadie debería ser obligada a denunciar, y es correcto que la ratificación dependa de la víctima, precisamente porque se trata de un proceso largo, complejo y personal.
El problema no es solo institucional, sino también social. No existe una condena colectiva clara frente al acoso. En muchos casos, se normalizan dinámicas que no lo son: situaciones en las que una persona expresa desinterés y, aun así, otra insiste, alimenta expectativas inexistentes o se apoya en el grupo para presionar. Cuando esto ocurre dentro de círculos cercanos, se suele minimizar el daño en nombre de “no romper el grupo” o “volver a como era antes”, invisibilizando a quien fue pasada a llevar.
Por otra parte, existen problemas que van más allá del acoso y que sí pueden y deben ser abordados incluso sin una denuncia de género. En algunos ramos, los ayudantes concentran un poder excesivo sin suficiente supervisión docente, lo que abre espacio a abusos de autoridad y conflictos de interés. Prácticas como tratos preferenciales, otorgando acceso indebido a información privilegiada a alumnos que cursan el ramo o intervención en procesos que deberían ser aleatorios como la conformación de grupos de trabajo, falta de transparencia en evaluaciones o la reproducción de redes cerradas de ayudantías no pueden ser desestimadas como simples rumores o temas menores: son faltas académicas que afectan la equidad y la confianza dentro de la carrera.
Es falso que “no se pueda hacer nada” si no hay una denuncia formal de acoso. Para activar el protocolo de género, efectivamente se requiere la participación de la víctima. Pero otras conductas, como el nepotismo, el favoritismo académico o el uso indebido de cargos de ayudantía, pueden ser cuestionadas y denunciadas por estudiantes, centros de estudiantes y federaciones, ya que no requieren la ratificación de una víctima directa, sino que afectan a la equidad académica de quienes cursan o cursaron el ramo. Decir lo contrario solo contribuye a la impunidad.
Finalmente, es importante decirlo con claridad: denunciar o no denunciar acoso es una decisión personal, y cualquiera sea esa decisión, las víctimas no están solas. Aunque existan personas que defienden o minimizan estas conductas, también hay muchas otras que reconocen que están mal y esperan que la universidad actúe con mayor responsabilidad, transparencia y compromiso real con el bienestar de su comunidad.",,🚢 Casa Central
30/12/2025 18:35:05,"solo quiero desahogarme y decir que me da pesar haber terminado hace un año ya y no haber denunciado a mi ex. me acosó varios meses mandándome mensajes. yo le ignoraba, bloqueándolo constantemente y trataba de seguir adelante. quizás siga haciendo su vida como si nada, uno nunca sabe lo que la vida le trae, por eso cuídense harto. ya pasó harta agua bajo el puente, al menos ya estoy bien y feliz, pero me da rabia que haya quedado como si nada y quizás se llegue a burlar de lo q fue. en fin, feliz año nuevo y q vengan weas bonitas no más. no salgan con informáticos. ",,🏛️ San Joaquín
30/12/2025 19:09:04,"¿Algun informático, electrónico y/o teleco para hacer un juego plataformero en sistemas retro específicamente en sistemas Sega de genesis, 32x y saturn?, Obviamente será por partes osea, 1 juego en Genesis, otro en 32X y  otro en saturn, cualquier cosa escribanme por interno @el._jano._06, Gracias!!",,🏖️ Viña del Mar
30/12/2025 19:35:12,Como se puede ser parte del equipo de admision de la u?,,🏫 Vitacura
30/12/2025 21:30:23,el sebluntt le da su corte,,🚢 Casa Central
30/12/2025 21:50:50,Puros comunistas en esta caga de u,,🚢 Casa Central
30/12/2025 22:37:11,Recomienden profes de efi 🐎🐎🐎,,🚢 Casa Central
30/12/2025 23:27:58,"Buenos. Buenos. Dias. Sansanitos y sansanitas
Hola sansanos la. Pura. Pero la pura pero lapura. Settttttttttt
Setttttt
Sett
Tomemos sansanos.
Tomemos",,🚢 Casa Central
30/12/2025 23:59:13,"Con razón los ayudantes de termo siempre decían ""por qué no se hacen amigos de los ayudantes/y por qué no pescan a los ayudantes 😈"" así que daban info de las pruebas ",,🚢 Casa Central
31/12/2025 1:03:24,No olvidar al wn weko que recomendaba por aca sus series yaoi cochinas y en la última que subió dijo una wea terrible pedofila y desaparecio lol,,🚢 Casa Central
31/12/2025 7:20:56,"Martinez grande no esta en ningún ramo de la U, en ninguna sede, se fue.
Ya los otros 2 ni idea q les va a pasar o q sera de ellos ",,🚢 Casa Central
31/12/2025 10:08:52,qué hizo el profe gabriel de termo? por qué lo funan?,,🏛️ San Joaquín
31/12/2025 10:13:48,"Sobre el acoso, separar a un ayudante/profesor de una alumna afectada debería ser una regla ! Eso hacen en otras universidades, aunque no lo logren sancionar ",,🚢 Casa Central
31/12/2025 12:27:43,"1 de enero ser como:
Te dije Whiskas no Whisky wn alcohólico 😭",https://drive.google.com/open?id=13jzXQCdlNcGBt8l4YA2r2IRavO7bSkUn,🏛️ San Joaquín
31/12/2025 14:22:06,Fis140 es muy dificil? Con que profe recomiendan? Hay clases grabadas buenas?? ,,🏛️ San Joaquín
31/12/2025 14:33:52,"Gabriela de ingeniería comercial eres el amor de mi vida, te veo y me meo ",,🚢 Casa Central
31/12/2025 18:58:21,"Hola amikoz, ando buscando a una chica. Lo único que se de ella es que se llama Cata (o eso recuerdo escuchar la única vez que hablamos), me acuerdo q estábamos en el taller de levantamiento de pesas y después de eso solo la veía por la U pero muy rara vez, sospecho q es muy callada. No sé mucho de ella pero tiene el pelo corto y si no mal recuerdo usa lentes y es delgada. Si ella ve este post o algn tiene su ig y se quiere hacer el amable se lo agradecería muxo :p",,🏛️ San Joaquín
31/12/2025 20:30:00,Hay un chico que va al gym un poco antes del horario de almuerzo con buzo y una polera de la usm. Lo encuentro bastante bonito la verdad...,,🏛️ San Joaquín
31/12/2025 20:51:13,Digan profes de 121 (los q dijeron de 120 no lo dan),,🚢 Casa Central
31/12/2025 22:20:04,"Pal de la 2355, juan jerez es peor, seamos serios",,🏛️ San Joaquín
31/12/2025 22:58:38,"Este mensaje no va a nadie en especial, pero si es que no teni ningun tipo de intencion con alguien, no andes de weon jugando con sentimientos o pasandote de la raya. Si vai a decir que alguien te da asco o no es tu tipo, no andes de tierno o chistosito con esa persona. Si es que te incomoda una wea, dila. Y no importa que tengai problemas con la familia o hayas pasado por lo que sea, no es excusa para ser tan inepto ni para no comunicarte bien. Estai en la u, eri adulto ya se supone. Y si pretendes dejar pasar la wea o seguir adelante, teni que pedir perdon y ser considerado. Mucho weon de aca sin tacto femenino he visto que anda de acechador y luego no se hace cargo. Luego uno aca queda consolando a las pobres almas q caen por individuos asi. Mas encima son mas feos y arrogantes que la chucha algunos, en plan como son mas ancho que alto, con una cara sacada de tienda de disfraces y andan si de creidos weon?? Algunas feminas tampoco se salvan eh, cuidaito ahi que son letales las sansanas, lo digo por experiencia propia.",,🏖️ Viña del Mar
1/1/2026 2:22:22,"Nosé si seguirá la cuenta pero, me parece súper bonita y su estilo bkn amparo r",,🏛️ San Joaquín
1/1/2026 22:57:03,Por qué los hermanos martínez son así? Alguna explicación lógica de su comportamiento con las mujeres ,,🚢 Casa Central
2/1/2026 1:04:00,Como se hace para vender en el hall del C??:(,,🚢 Casa Central
2/1/2026 14:55:44,"Nunca entendí a la gente que los echan y siguen volviendo, pasará en otras universidades que es normal tener al menos un vtr3 y como dos cartas llorando para volver al jefe de carrera y hasta al rector ",,🏛️ San Joaquín
2/1/2026 15:44:37,"Hola buenas, estamos haciendo una rifa por el gato de mi pareja. Está muy enfermo y requiere tratamiento y varios medicamentos. Si quieren colaborar, porfa contacten el número que sale en la imagen.",https://drive.google.com/open?id=1GJLQNioLdlggrSULsizQiX6c8nS9eUM8,🏛️ San Joaquín
2/1/2026 15:51:22,Háganse amigas de sus ayudantes 😈 y de su profesor también 😈😈,,🚢 Casa Central
2/1/2026 19:32:16,Algun sansano q se las de de heroe que se tire un ranking d los profes pa elegir los ramos,,🏛️ San Joaquín
3/1/2026 1:25:48,"me da tanta pena no poder hacer amigos, cada hombre que se me acerca y con quien soy simpatica creen que le doy una invitación. Por favor sansanos, dejen de wear a las mujeres y sean reales amigos. (no tengo amigas porque me dan miedo las mujeres)",,🚢 Casa Central
3/1/2026 21:01:19,Luis Ochoa biting the curb 4k 🙏,,🏛️ San Joaquín
3/1/2026 21:17:38,"Hola, cómo están???
Aquí el dueño de Project USM, esperando que estén bien, y que estén pasando unas lindas vacaciones, tengo un anuncio para los amantes del anime, en especial los amantes de DR. Stone, próximamente se viene crossover con este último. Además que actualmente estamos con evento para añadir 3 mods nuevos, este evento es exclusivo de discord, a continuación dejaré un link a este.
Linda semana y exelentes vacaciones para todos y todas.

P.D.
Si alguien quiere hablar conmigo estoy dando el PAE de Fis111, preguntar por Pablo Pizarro estoy abierto a cualquier sugerencia y para pasar el rato (@Yusei_Futuro // @project_usm)",https://drive.google.com/open?id=1TkPRTHuCmNnSuHEo2Cnb7ugGg8_riwg-,🏛️ San Joaquín
3/1/2026 21:49:36,"A principios de año ví a un mino bonito que usaba mascarilla en la sede de viña, tenía el pelo bonito y era bajito, no se de que carrera sea, ayúdenme a encontrarlo y saber si tiene polola (o pololo)",,🏖️ Viña del Mar
3/1/2026 23:07:48,El Nico de rugby esta soltero?? Su ig dice que es de civil mecánica  ,,🚢 Casa Central
4/1/2026 22:47:55,"Q fay gente, q tenga unas pulentas vacaciones, me atrevo a hablar a la gente este año universitario, q recomiendan? Q para los humanos las relaciones con otros son indispensables",,🏖️ Viña del Mar
5/1/2026 10:54:00,"Eso de que ese viejo que apuñalaron es eminencia yo no lo creo. Más lo que webean y este viejo reprobando y reprobando, a mí para que me reprueben tanto mínimo un posgrado en USA o UK, algo que los profes aquí no tienen.",,🚢 Casa Central
5/1/2026 23:27:27,"Buenas, soy un estudiante de derecho y quiero entrar a industrial por admisión especial. Creen que pueda quedar?? (No alcancé a dar la paes xd)",,🚢 Casa Central
6/1/2026 16:42:02,Meter a 80 weones a una sala... que los ayudantes tomen las pruebas de cátedra. ¿Por qué no hay más profes y por qué dejan que los ayudantes se encarguen de todo?,,🚢 Casa Central
7/1/2026 0:24:17,revivan el cerrito🗣️,,🏛️ San Joaquín
7/1/2026 0:54:42,"Hay cierto profesor part time de matemáticas el cual a casi todo el mundo le cae mal, como no lo han hechado hasta ahora? El tipo no sabe enseñar",,🌳 Concepción
7/1/2026 0:56:25,"hay una cabra de informática de pelo rojo que me atrae y me encanta muchísimo, es muy linda, rara vez la veo en la U, alguien tiene su IG? ",,🌳 Concepción
7/1/2026 2:19:53,"hay una niña k tiene el pelo como blanco y largoo, tiene tatuajes en las manos creo q uno de ysl necesito su ig para una tarea :)",,🏖️ Viña del Mar
8/1/2026 7:19:37,"diganle a la paulii que siempre comenta las publicaciones que se ponga el perfil publico, es muylinda y uno quiere stalkear ",,🚢 Casa Central
8/1/2026 22:55:53,Que pasó con Muci? Alguien sabe?,,🏛️ San Joaquín
12/1/2026 1:03:35,como me puedo cambiar de malla antigua a malla nueva?? ,,🏛️ San Joaquín
12/1/2026 10:48:31,"Ya, pero cuando sacan Ingeniería en Proyectos de Ingeniería para Ingeniar ingenieros ingenierizadamente?",,🏛️ San Joaquín
12/1/2026 23:24:14,"Hola, este es mi primer año tomando ramos, me podrían recomendar profes xfi🙏",,🚢 Casa Central
14/1/2026 10:25:12,"Esto ya lo compartí pero aun tengo rabia:
Literalmente hasta ayer salian 2 paralelos de un ramo que tenia que tomar, tanto en el siga como en la página para proyectar mi horario, yo sí o sí necesitaba quedar en el paralelo 2 para evitar una ventana de más de 10 HORAS.
La ansiedad no me dejaba dormir, en cuanto me levanté agarré todo lo que pude para tener buen puesto pero en todos iba atardar más de una hora. Pasó el tiempo, y no avanzaba, me desesperé y pagué 10 LUKAS por un turno en 6 minutos, y cuando me dispuse a inscribir el segundo paralelo ya no existía, así que cagué.",,🚢 Casa Central
14/1/2026 14:58:28,Usm qlia me cago lo que me quedaba de estabilidad emocional,,🏖️ Viña del Mar
15/1/2026 12:44:16,"No quedan cupos para nad, no puedo organizar , tomar ramos si es que no quedan cupos para los ramos que necesito ",,🏫 Vitacura
15/1/2026 12:44:37,metanse la toma de ramos donde les caiga usm y la ***,,🏫 Vitacura
15/1/2026 12:45:02,que vuelva la preferencia académica 🖕🏿🖕🏿,,🏛️ San Joaquín
15/1/2026 12:45:23,"Saque promedio 91 y una persona que se echo tres ramos saco mejor puesto que yo, completamente injusto ",,🏛️ San Joaquín
15/1/2026 12:46:45,"HIJOS DE LA PERRA DESDE LAS 7 ESPERANDO METERME Y RECIEN ME DEJO A LAS 12, MA ENCIMA QUE YA ESTABA TODO SIN CUPO Y NO PODIA NI CAMBIAR EL PARALELO🖕🖕🖕",,🏛️ San Joaquín
15/1/2026 12:53:06,Frustración ,https://drive.google.com/open?id=11ESpdsPIYXAI_d15CdBEL8w3rUl7UCA5,🏫 Vitacura
15/1/2026 13:01:31,Vaya mrd de pagina,,🏛️ San Joaquín
15/1/2026 13:03:49,"Hay que alegar por el sistema culiao pa inscribir ramos y el aula qe funciona como la tula durante el año, el centro de estudiantes no hace nada , hay que irse a paro locoooooo",,🏛️ San Joaquín
15/1/2026 13:08:48,Sistema culiao callampero mejoren el sistema ,,🏛️ San Joaquín
15/1/2026 13:38:52,"A pesar de que haya repetido un ramo (que no es el que tomé para PAE), no puede ser que hayan programado el PAE tan mal como para que se superponga sobre la toma de ramos y se extienda aproximadamente hasta el 20 de enero; 5 días después. Debido a eso, ni siquiera me puedo matricular y, por su horrible administración, voy a tener que elegir el horario más penca posible. No por mi carga académica, sino por SU administración en un programa que se supone que debería de ayudarnos, pero nos termina perjudicando más.",,🏛️ San Joaquín
15/1/2026 13:55:28,Desde las 7:30 esperando para a las 13:50 recien poder entrar y no hayan cupos en nada? Mala gestión por lo bajo,https://drive.google.com/open?id=1u7XM-ydW4mj6WcthJFlw7_A1DpXYBUuN,🏛️ San Joaquín
15/1/2026 14:04:37,vaya mierda la forma de tomar los ramos,,🏫 Vitacura
15/1/2026 15:00:49,"Encuentro innecesario que ramos, donde la asistencia no importa, tengan cupos límitados",,🏛️ San Joaquín
15/1/2026 15:44:34,super mal la organización y cupos no pude inscribir ramos obligatorios o de mi carrera ,,🏛️ San Joaquín
18/1/2026 16:59:43,Echaron a mi ex de la u,https://drive.google.com/open?id=1ai4x5bfFSVUs113ySJ9N2BelkbnrnguV,🏛️ San Joaquín
18/1/2026 22:33:18,ya pero y el castigo? 🥺,,🏛️ San Joaquín
20/1/2026 8:42:14,"hola, alguien busca roomie? o algún datos de arriendo cerca de san joaquín? pasen datos ",,🏛️ San Joaquín
22/1/2026 22:56:20,yo solo quiero saber cuando existirá el grupo de ingcivilenminas😔,,🏛️ San Joaquín
22/1/2026 23:01:47,"Weon no puede ser que esta generacion nueva de Vitacura. NO HABLEN NI UNA WEA, MI GENERACION DESDE EL DÍA 20 DE ENERO ESTUVIERON HABLANDO CALETA, LOS DE AHORA PIENSAN QUE SE LOS VAN A COMER, NO DIALOGAN, NO HABLAN, NADAAAAA. A pero mira a los de San Joaquin, hasta hicieron GRUPO DE CARRETE.
Mechones, porfavor, hablen, no sean tan TEAS.",,🏫 Vitacura
22/1/2026 23:16:48,"De chico que sentí una atracción por las watonas.
Cada vez que veo una siento mariposas en el estómago. Me imagino poder ser el hombre que la proteja y le llene la boca de comida.
El problema es que no tengo pega y tampoco plata entonces no las puedo llevar a comer, y eso me destroza el corazón. El no ser capaz de darles a aquellas princesas XL lo que se merecen. El no poder hacerlas dejar sin stock el carrito de completos que se pone afuera del metro, el no poder ser el proveedor de sus bajones.
Pero lo peor es que no tengo la fuerza suficiente para poder levantarlas. No puedo cumplir el sueño de cargarlas en mis brazos mientras subo la escalera para darles la noche más intensa que pueda ofrecer, y para cuando saque 150 kg en press de banca voy a estar terminando la carrera (entré este año, ing. mecánica).
¿Debería salir a robar para tener plata e inyectarme trembolona para que me salgan músculos? Pregunta seria.",,🏛️ San Joaquín
23/1/2026 0:58:34,.,,🏫 Vitacura
23/1/2026 3:24:27,Hay tanto rarito extrovertido que me da miedo hablar 🥀,,🚢 Casa Central
23/1/2026 5:23:56,alguiennn para hablarrr en la u?,,🏖️ Viña del Mar
23/1/2026 7:36:59,"Esto será ridículo, pero vi a una chica por Tinder qué es de acá. Tiene 20, su nombre empieza por C, y dice que me gustan los gatos, la música, picnics, cine y caminatas. Tiene el pelo ondulado, muy lindo, es muy bonita, y tiene una foto rodeada de flores de papel colgando, también abrazando un gato. Niña pls dejame conocerte, tengo 20 también, y con gusto te haría Nanai en el pelo después de hacer manualidades. ~🩵",,🏛️ San Joaquín
23/1/2026 13:15:31,"Dudé de entrar a la carrera pk mi ex entro 2025, no se q versión de los hechos dio el, pero por lo q se, su grupo me odia sksndndbd

(Ojito, nada de infidelidades, solo desinterés)",,🚢 Casa Central
23/1/2026 22:57:01,Cuantos mechones vienen del maule!!! 🏇🏇🏇,,🚢 Casa Central
23/1/2026 23:57:27,Holaa soy mechon y entro este 2026. hay algun grupo de ws al que unirme o alguna información valiosa que les gustaria compartir??,,🏛️ San Joaquín
24/1/2026 0:18:02,"Ya ctm, soy mechona, he escuchado caleta de gente que congela, se echa los ramos, se va de la U, y si es verdad, en todas la U pasa pero en esta en especial he escuchado varios casos, ¿Qué la hace tan difícil y como sobrevivir?",,🚢 Casa Central
24/1/2026 9:40:03,Hay un chico que iba al gimnasio en las mañanas que andaba con una polera usm para entrenar que me quedó gustando. Usa lentes y hacía unos ejercicios raros con un disco. ,,🏛️ San Joaquín
25/1/2026 0:25:39,Tenía un amigo que era adicto a las pajas y me propuso correrme la paja con el 🤯 por eso digo que TENÍA un amigo ,,🏛️ San Joaquín
25/1/2026 13:48:42,Me acabo de meter a esta u como me salgo,,🚢 Casa Central
25/1/2026 14:31:14,"Esto es muy de mechón, pero me da más miedo que la xuxa la U, más que nada porque dicen que es difícil y todo eso ",,🏛️ San Joaquín
25/1/2026 15:14:12,"Amo a jj, gracias a el pase mat 061 con 54.6 , los ayudantes revisan con el hoyo",,🚢 Casa Central
25/1/2026 15:20:54,"Alguna recomendacion para ya dejar de estar solo? Ya llevo 3 años en la u y siento que no logro generar ninguna vinculo, he ido a talleres, he intentado a veces hablar con compañeros cuando hago grupo en algo pero siento que todos a lo mas se esmeran en hablar de la u nomas y lo he encontrado fome y no termina pasando nada, a veces igual me apena harto porque hay momentos en donde en el recorrido que tomo caminando a mi casa en la noche, veo gente en las terrazas de los depa o gente caminando en grupo pasandola bien o riendose juntos y uno aqui deseando eso",,🚢 Casa Central
25/1/2026 15:27:45,"Pq la gente q trabaja en SJ es tan prepotente y desagradable wn, los profes gralmente no pero de los demás, tenemos que aguantar malas caras y que los traten como el pico",,🏛️ San Joaquín
25/1/2026 15:28:25,"Viendo que están llegando hartos alumnos nuevos, aprovecho de compartir esta página que hice para poder encontrar casi todos los enlaces importantes de la U y de sus comunidades, independiente de tu campus/sede o carrera, llamada Núcleo USM. 

Link: https://masterjayanx.github.io/Nucleo-USM/

Cualquier feedback se agradece y les deseo un buen semestre a todos y todas.",,🏛️ San Joaquín
25/1/2026 16:20:56,Me toca entrar este año y he visto que en otras u tienen grupos de mechones pero no he visto ni uno de usm ¿Es pq no he buscado lo suficiente o son muy timidos para hacer grupos?,,🚢 Casa Central
25/1/2026 16:33:45,Mechones qliaos los odio y aún no entran,,🚢 Casa Central
25/1/2026 16:54:29,HRM PA QUE WEA SIRVE PROGRA EN MECANICA LA WEA INUTIL NO ABRE NAH NI PA RELLENAR SIRVE,https://drive.google.com/open?id=17BbBQJrgMIlAlvgJb433mYKoiBY-DWOc,🚢 Casa Central
25/1/2026 19:01:25,"¿Puede el jefe de carrera negar todos los levantamientos de prerrequisitos, aun cuando la universidad ofrece la opción de solicitarlos?🥲",,🚢 Casa Central
25/1/2026 21:38:56,pagan por ser monitor en la bis??? 😅,,🚢 Casa Central
25/1/2026 21:44:36,Alguien sabe como es la carrera de mecánica industrial en la sede viña? ,,🏖️ Viña del Mar
25/1/2026 22:14:02,"Conni yapo dale bola al weon, malo q se arrastró por ti y tu lo dejai en visto",,🚢 Casa Central
26/1/2026 2:32:00,Que tan complicada es electrica del 1-10?,,🏫 Vitacura
26/1/2026 17:37:19,Algo que decir sobre Arquitectura?,,🏛️ San Joaquín
29/1/2026 13:53:42,"Holiss, busco a alguien que necesite roomie mujer en valpo o cerca 🙏🙏🙏",,🚢 Casa Central
29/1/2026 16:51:53,Busco gente tela de biotec,,🚢 Casa Central
30/1/2026 11:58:55,"Si existiera un premio al mechón de industrial 2025, definitivamente el no lo ganaría 🗿",https://drive.google.com/open?id=1xkCQ7cTtvpeYPDMEL4n_YmdapXULNNPu,🚢 Casa Central
1/2/2026 21:41:43,devuelve los audífonos javi ,,🏛️ San Joaquín
2/2/2026 11:57:39,Oye cómo es eso que los de ingeniería civil en biotecnología van a tener clases en la sede de viña 🤨🤨,,🏖️ Viña del Mar
2/2/2026 16:59:08,Alguien sabe cuándo dan los horarios de las clases ,,🏛️ San Joaquín
3/2/2026 2:06:56,"Hay una tipa súper linda, la conoci en la semana del postulante, ella estaba haciendo las postulaciones s las carreras. ",,🚢 Casa Central
3/2/2026 6:32:21,"Confiesen sus “casi algo” en la U.
No importa si pasó mucho tiempo.
Saben qué espero? Que él escriba de mí 💔
Que sea lindo. Que escriba algo. Que me invite a hablarle.
Tal vez con una cosa secreta que me haga identificarlo, algo que solo nosotros entendamos, como una parte de algo que hicimos juntos por ejemplo. O una inicial o cualquier detalle que solo yo pueda reconocer.
Todavía recuerdo lo tiernos que éramos.
No importa si no crees que soy yo.
Anímate a escribir de tu “casi algo” en la U.
Capaz es coincidencia que ambos nos queríamos, o capaz solo quieras decir algo. 
Yo estaré contenta de leerte.
lym",,🚢 Casa Central
3/2/2026 23:25:03,"me gustaría tener 2 novios, ser un trío. estar los 3.. ir a una habitacion y besarnos tierno e intenso. ser una pareja de 3.
cómo se encuentra eso?",,🚢 Casa Central
4/2/2026 12:46:32,Una vez vi a un weon jugando con caca en los camarines del R tipo año 2023,,🏖️ Viña del Mar
6/2/2026 9:23:20,"Algun consejo para mechon de mecanica?
(Cualquier wea ayuda 🗣🔥🔥🔥)",,🌳 Concepción
7/2/2026 13:33:35,"Cabros de la sede de viña, alguien sabe de una cabrita asi como morenita, en la carita como con espinillas, la encuentro bonica y ns si es mechona o paso a segundo año.",,🏖️ Viña del Mar
8/2/2026 9:46:05,"Como puede haber tanto weon acosador, violador o manipulador bueno para nada en esta universidad dios mio. Tengan cuidado con quienes hablan chicas, no vaya a ser que se topen con los de comercial, sobretodo el lucas, el miguel, el renato y otros mas que no nombrare porque son muchos y me da paja escribir tanto nombre. Ahí que en los comentarios completen la lista. Ojala la gente como ellos se vaya de la universidad o los echen. En fin. ¿Que paso en la biblioteca?",,🏫 Vitacura
8/2/2026 9:49:11,Tratan como las weas a las mujeres en esta u,,🏛️ San Joaquín
10/2/2026 2:58:15,"Ola,q recomiendan para un mechon 😔 y q electivo de ed física recomiendan",,🚢 Casa Central
11/2/2026 12:37:15,"Para la gente nueva, mucho cuidado con, la baja de mechas blancas del departamento de física.",,🏛️ San Joaquín
15/2/2026 1:59:51,"La verdad es que si, con lo de amparo si me refería a ti vombati, y nop no estoy ciego kgkfkgkdkd",,🏛️ San Joaquín
18/2/2026 17:00:09,Alguna tetona no carretera que busque pololo?,,🏖️ Viña del Mar
18/2/2026 17:01:43,"Una vez ví a una guatona tetona en el patio de la USM Viña y andaba con una polera que se le traslucia todo wn, tenía hasta piercings en los nips",,🏖️ Viña del Mar
19/2/2026 10:51:49,Voy a entrar este año y ya tengo miedo 😭😭 como que se titulan tan pocos,,🚢 Casa Central
23/2/2026 13:34:20,"Cuidado Mechonas con Seba (Epstein) de ing civil mecanica de 2do año, posible acosador de mechonas ",,🏛️ San Joaquín
25/2/2026 18:11:01,todos los mechones de informatica estan pasaitos a alita uyui,,🚢 Casa Central
25/2/2026 19:42:56,Mención honorífica al Renato Aravena 🧫,,🚢 Casa Central
26/2/2026 12:09:48,saquense una banda punk o de crossover thrash oie,,🏖️ Viña del Mar
26/2/2026 19:02:59,"Holaa, el ig del equipo de ultimate es @taller_usm_ultimate

Saludos 

Pd: saludos a los mechones de astro",,🚢 Casa Central
28/2/2026 16:04:40,Deja de meterte con cabras chicas ,,🏛️ San Joaquín
28/2/2026 21:28:00,Nombre de la monitora bis de chasquilla en san joaquin moriii,,🏛️ San Joaquín
2/3/2026 0:16:18,No kiero volver a la u :ccccccccccc,,🏖️ Viña del Mar
2/3/2026 20:40:46,"Soy sumiso bi, busco mujer o hombre dominante. Mi telegram es canc223",,🏛️ San Joaquín
4/3/2026 20:13:42,Y donde están los wekos? Salgan a la luz 😘,,🚢 Casa Central
4/3/2026 21:59:23,"No es chisme ni nada por el estilo, pero desde el corazón deseo a todos los mechones (que conste que yo soy uno, xd) que realmente disfruten al máximo su vida universitaria. Van a crear buenos recuerdos como malos pero aún así pónganle todo el empeño del mundo a sus estudios, participen en clases y hay hartos talleres así que aprovechen, además no se rindan ante los ramos heavy. Realmente espero de verdad que la mayoría ya haya conseguido un grupo de amigos piola de esos en los que te sientas super cómod@ cómo para armar los trabajos en grupo sin dramas ni estrés innecesario.
P.D.: Wn extingan el sol de una vez, ya estoy cansado de llegar sopeao a la casa KQKDKAKD",,🏖️ Viña del Mar
5/3/2026 13:20:05,loquita rubia de la BIS me trai flechao hacele caso a este pobre mechon,,🚢 Casa Central
8/3/2026 13:19:09,¿Han cachado que ahora las minas le dan cualquier color a los hombre altos? He visto weones sin ni un brillo pero de 1.85 m. con las mansas minas. Quizás ahora debamos nosotros también ser exigentes y empezar a pedir minas que no pesen más de 60 kg.,,🚢 Casa Central
8/3/2026 17:17:32,me gusta mxo la sofi de quimica es mui lind;(((( ojala m peské,,🏛️ San Joaquín
8/3/2026 20:13:23,revivan la cuenta bnas tardes ,,🚢 Casa Central
9/3/2026 13:29:49,"baneen a los mechones de las maquinas de bebida, no dejan niuna coca",,🏛️ San Joaquín
9/3/2026 15:33:11,"El cabro de lentes de informática en viña me parece lindo, el que anda con un negrito, alguien sabe el ig 🥺",,🏖️ Viña del Mar
10/3/2026 13:01:08,que vuelvan los carretes en el cerrito,,🏛️ San Joaquín
10/3/2026 20:29:11,Joaquin Aguilera paga la pension de alimentos porfavor ,,🏛️ San Joaquín
10/3/2026 21:20:16,"Hola, quiero buscar una mechoncita, ojalá lo suban que lo vea nomás está súper linda ",https://drive.google.com/open?id=1mwJ3TQnIzOKC5ZeEGQzDBL2gAQc8LIAB,🚢 Casa Central
11/3/2026 21:00:12,"Revivan la cuenta gente, necesito chisme 😔",,🚢 Casa Central
12/3/2026 9:09:36,"Encuentre muy hermosa a una monitora de la bis, creo que decía Anto el nombre en su polera, espero que no le importe que sea mechón😅",,🚢 Casa Central
13/3/2026 15:35:20,"El busto de Federico Santa María en el campus San Joaquin es la wea más fea que me ha tocado ver, por la chucha quien hizo esa wea!?, 0 talento artístico, da vergüenza y poco menos un insulto a don fede. SAQUEN ESA WEA",,🏛️ San Joaquín
13/3/2026 16:13:31,Hoydia tipo 1 y algo habia una minita morena con su amiga en la cafeteria de la u y me dio la pera hablarle era muy bonita ojala se reporte o volver a toparmela,,🏖️ Viña del Mar
13/3/2026 19:21:21,rodolfo weco,,🏫 Vitacura
13/3/2026 22:50:47,"necesito escribir lo que siento.. me siento vulnerado.. algo.. perjudicado sexualmente, desde que conocí a esa persona de informática ha habido un ruido en mi interior, un ruido que cuestiona toda mi creencia acerca de lo que me gusta... al principio pensaba que me había metido a metalurgia por la química y la fisica... ahora se que es por los fierros calientes y ásperos... quizás jamás pueda transmitirle a los demás el rugido de mi mariposa interior pero al menos, me siento mejor al escribir mi situación.
Atentamente, 🍪",,🚢 Casa Central
14/3/2026 14:24:59,"hay una chiquilla de informática que se llama romina creo, la encuentro super linda, si alguien la conoce pase su ig 😔",,🏛️ San Joaquín
15/3/2026 17:43:57,"No amigo, no te comai a la mechona, tampoco a la guatona. Sabes que eres tú al que le hablo",,🏛️ San Joaquín
15/3/2026 22:56:35,"Pa cuando se carretea en la u (san joaquin)
",,🏛️ San Joaquín
16/3/2026 19:08:38,Recomienden cual es el mejor baño pa culiar ,,🏛️ San Joaquín
16/3/2026 22:08:09,Suban confes >:(,,🚢 Casa Central
17/3/2026 14:48:27,Algún grupito de mano? ,,🏖️ Viña del Mar
17/3/2026 20:30:45,Mechones no era necesario hacer una gigantografia de la tabla de valores de verdad la wea es enana yo lo escribí en una goma cuando yo di ese ramo,,🚢 Casa Central
17/3/2026 20:34:56,Mechones qlos dejen de botar el aula yiaa,,🚢 Casa Central
19/3/2026 5:36:06,Volvería al pasado para dejarte e intentarlo con él. Pero iría al futuro para que me apretes la cintura y hagas lo que siempre quisiste conmigo,,🚢 Casa Central
19/3/2026 17:21:22,el que suba la siguiente confe es gay 🤭,,🚢 Casa Central
19/3/2026 17:23:39,"Loco, Voy a salir de la U sin haber tenido una relación aqui, pense q en la U iba a tener algo pero nada, wea loca, eso",,🏖️ Viña del Mar
19/3/2026 17:34:03,Hay gente en la U que escuche vocaloid? Cuando hablo con gente como que nadie cacha y tampoco se dan la oportunidad para escuchar o descubrir canciones :(,,🏛️ San Joaquín
19/3/2026 17:38:40,"Habia pensado en meterme a lo de los dance cover de la u, pero me dio vergüenza porque yo no bailo k-pop o bandas como tal, y tampoco conozco gente que haga dance cover, especialmente de danciones de vocaloid, y sentí que iba a ser muy raro estar entre gente que se conoce entre si y sus canciones ",,🏛️ San Joaquín
19/3/2026 17:44:23,"el martes vi unos dos chiquillox con trajes asi de animal, uno de un oso panda y el otro como de cocodrilo, no sabia que habian furris en la u. pero se veian entero minos igual",,🚢 Casa Central
19/3/2026 18:09:01,Es increíble ver cabros que visualmente tienen como 45 y les preguntas la edad y tienen 17 XD,,🏖️ Viña del Mar
19/3/2026 18:11:16,"la unab esta moviendo los hilos entre nosotros y no nos damos cuenta, carlisho se que clase de hombre eres",,🏛️ San Joaquín
19/3/2026 18:14:51,Alguien sabe q xuxa pasó con los almuerzos del casino? Caros y malos ahora 🤮,,🏫 Vitacura
19/3/2026 18:15:01,Webeen a los mechones pa que se la echen ,,🚢 Casa Central
19/3/2026 18:18:48,"la flo y la penca d la emi de tecnica automotriz se la pasan viendo al jose de informatica y a su amigo de lentes medio con rulos, y eso que tienen pololos las dos🫥😑",,🏖️ Viña del Mar
19/3/2026 18:21:31,Por que diablos los horarios de programación son tan como las weas para los de ciencia de datos? Yo me acabe saliendo de la carrera porque no entendía ni una wea y más con solo una clase a la semana,,🏖️ Viña del Mar
19/3/2026 18:22:16,Había un wn de mi carrera q me caía tan pero tan mal que en verano cuando me enteré q lo echaron de la u me dieron ganas de entrar a la u y caminar tan libremente pq ya tenía q dejar de evitarlo,,🚢 Casa Central
19/3/2026 18:25:09,Hay cualquier foráne@ siendo infiel y se hacen los weones,,🚢 Casa Central
19/3/2026 18:28:25,Odio q ahora pidan escanear la credencial para entrar se hace la media fila para entrar pq son full chicas las entradas,,🚢 Casa Central
19/3/2026 18:28:41,Me gusta muchísimo el Marcos Saavedra (ANON  1000% ),,🏖️ Viña del Mar
19/3/2026 18:36:25,"tengo envidia de los d cc que tuvieron alianzas con buenas temáticas y acá solo tuvimos juegos inflables, completos, y deportes... qe fome todo",,🏛️ San Joaquín
19/3/2026 18:42:50,Alguien andaba tomando mate mientras cagaba ,https://drive.google.com/open?id=1yo_JmT2JSZxBCP01ThTEXd9WxYKlr-9a,🚢 Casa Central
19/3/2026 18:45:30,"Comenten weas vías po
Mandense alguna caga pa reírme ",,🚢 Casa Central
19/3/2026 18:47:15,hay una loca en T.U Biotec que no se calla nunca ctm ayuda,,🏖️ Viña del Mar
19/3/2026 18:49:41,Pasen tips pa socializar y no parecer un rarito 😔,,🏛️ San Joaquín
19/3/2026 18:57:53,los de eli son puros wekos y virgos (especialmente los que están en quinto semestre 👹),,🚢 Casa Central
19/3/2026 19:08:29,Mejor hagan una lista de los solteros y solteras de la usm 💋,,🚢 Casa Central
19/3/2026 19:10:22,"Por que todos tan amargados oye, ya si son muchos ramos y muchos problemas pero caminen felices aprovechen que la u es bonita miren las flores y saquen fotos, vean los pajaritos, aprecien el mundo que estudian, por eso todos nos volvemos locos a fin de semestre",,🚢 Casa Central
19/3/2026 19:14:26,"soy mechon y tengo mucho miedo de las asignaturas difíciles mat060 y mat070 y en los dos primeros controles me fue muy mal, estudie bastante y presto mucha atención a las clases, siento que todo el mundo entiende y me quedo atras, no se que hacer, lo he intentado pero tampoco logro hacerme amigos, que me pueden recomendar?",,🚢 Casa Central
19/3/2026 19:15:36,"Recomienden formas de hacer o unirse a un grupo de amigos siendo mechon, no entiendo como hacer amigos si se supone que soy social 😭",,🚢 Casa Central
19/3/2026 19:23:45,"#2474 Yo soy SIMP de la Mizuki, no sé si te sirve",,🚢 Casa Central
19/3/2026 19:26:31,"Había un mino jugando el torneo de voleibol playa, tenía una polera nike, y un short negro con muchos detalles, siempre lo veo jugando, hasta lo vi cuando tuve la inducción, se que tiene una pulsera negra, es muy lindo pero me da vergüenza hablarle......",,🏛️ San Joaquín
19/3/2026 19:26:47,Me gusta una niña de SJ que me parece muy bonita... Juega al valo,,🏛️ San Joaquín
19/3/2026 19:31:27,"No soy gay, pero soy un sansanito heterosexual y tengo una fantasía donde la Usm  invade a la Puc y ellos tienen que exportar esclavos femboys para satisfacer a ingenieros sansanos de alto nivel. Me imagino que soy un ingeniero alto, con mandíbula cuadrada y músculos masivos. Mi femboy es un pequeño pontificio timido con piel pálida que viene a mi habitación. Lo agarro con mis poderosos brazos y lo beso a la fuerza, presionando su pecho contra el mio. Lo tiro contra la cama con mis grandes brazos quitándole sus pequeños calzones vírgenes. Le muestro mi masivo mastodonte sansano y después ….
¿Algún otro hetero tiene este tipo de fantasías?",,🏫 Vitacura
19/3/2026 19:41:02,porque odian a los mechones de arquitectura ,,🏛️ San Joaquín
19/3/2026 19:44:55,"Alguien para hacer una serie animada??, ando buscando a alguna mujer más que nada por las voces, ya tengo voces masculinas asi q eso",,🏖️ Viña del Mar
19/3/2026 19:50:04,Saben que es peor que tenerla chica? Tenerla grande y no usarla 🥲,,🚢 Casa Central
19/3/2026 19:55:45,"Puras watonas klas pasadas a sebo en esta u, vayan a bañarse mejor que espantan a todos los klos",,🚢 Casa Central
19/3/2026 19:56:09,donde estan las rubias ricas ktmmmm pasense los ig,,🚢 Casa Central
19/3/2026 20:23:09,ME HABLO UNA MUJEEEER,,🚢 Casa Central
19/3/2026 20:24:57,pasen el ig del que vendía tabaco en el c,,🚢 Casa Central
19/3/2026 20:25:21,que vuelva carretear en el cerritooo,,🏛️ San Joaquín
19/3/2026 20:28:42,"Lol encontre la cuenta de confesion de la u, a mediados de 4medio con otros amigos tambien teniamos una cuenta de confesiones del liceo, nos la banearon por incitacion de odio y por la culpa de un compañero casi de metio a la pdi porque un random dijo sobre su relacion era retoxica se ardio xdddd y si ,era una relacion de mierda",,🌳 Concepción
19/3/2026 20:41:45,"Suelten la mesa de ping pong del P, la campean desde las 7 los ql",,🚢 Casa Central
19/3/2026 20:45:22,"como puede haber tanta gente rara en esta u, es impresionante, para al menos en comercial dar la talla de ser mejor que la uai o uandes me esperaba gente mas decente pero parece q todos los teas van derechito a la usm, una wea de ver las confesiones y bueno. menos mal no van gritando estas confesiones por toda la u",,🏫 Vitacura
19/3/2026 20:47:49,el primer dia de mechoneo en la u (27 si no me equivoco) habia un wn pajeandose en el baño del primer piso del edificio b a todo volumen. que asco loco,,🏫 Vitacura
19/3/2026 20:51:37,"TODOS LOS DIAS ESCUCHO UN GRITO DE OYEEEE, SEA DONDE SEA EN LA U... NO SE QUE WEA ESTA PASANDOO",,🏛️ San Joaquín
19/3/2026 20:54:14,"JJ el goat, m. maulen te deseo lo peor",,🚢 Casa Central
19/3/2026 20:56:16,"Por fin reviven esta wea ahr
En una me equivoque y mande una confesión en una u que nada que ver
Bueno en resumen
Toy sola bros pipipi
Soy mechona, y me cuesta bastante socializar 
Sé que con el tiempo se dará y tambien que recien han pasado 3 semanas
Pero aún así hay veces donde si me bajoneo ya que tuve que mudarme para estar cerca de la u, así que no tengo ni amigos ni familia cerca.
Algún consejo para ambientarme? Tipo soportar la soledad o socializar. 
Sé que debo enfocarme en estudiar pero por sanidad mental igual siento que debería socializar un poco.",,🚢 Casa Central
19/3/2026 20:56:18,Diego konig de comercial es muy lindo eso gracias,,🚢 Casa Central
19/3/2026 20:58:09,Dónde tan los cabros que le gusta el rapsitoo wonnn puros jerekleins qls,,🏖️ Viña del Mar
19/3/2026 21:14:41,"Loko estuvo terrible el dia miercoles con la gente, la mayoria se fue y los q quedaron ni ahi con las actividades, ademas q la musica horrible.",,🏛️ San Joaquín
19/3/2026 21:22:13,donde estan los twinksss,,🚢 Casa Central
19/3/2026 21:24:19,"Me cambie de carrera porque me di cuenta que no la estaba disfrutando y en vez de aprender solo memorizaba por inercia. No dormía ni comía puro cigarro. Me fue como el reverendo hoyo y decidí cambiarme de carrera. Nunca tengan miedo a hacerlo si ya no se sienten bien con lo que hacen. Y otra cosa, soy terrible tea loco puta q es difícil hacer amigos en la carrera culia porque , hay dos opciones de weones. Kumas pasaos a ala y axe chocolate o regias oficiales. No son mi onda pero son tela los cabros, pero peguense una bañaita weon hay duchas en la u.",,🏖️ Viña del Mar
19/3/2026 21:43:34,Las góticas cul*nas de la uni👅,,🚢 Casa Central
19/3/2026 21:53:29,vayan al interazo,,🏛️ San Joaquín
19/3/2026 21:53:31,"los de la sele de futbol tan ahi noma, so so😪",,🏛️ San Joaquín
19/3/2026 22:12:05,Los de las selecciones puro pituto jajajajajaj 🤣,,🏛️ San Joaquín
19/3/2026 22:43:10,"De verdad me sorprende como pueden existir hombres tan feos en la U, qwea sus papás no se querían cuando los hicieron? o son primos? pq me sorprende la deformidad de estos especímenes, t juro q nunca había visto tanta caca junta XD",,🚢 Casa Central
19/3/2026 23:12:06,"Hammm hay un niño morenito q tiene el pelito un poco largo, q hay veces q lo veo y anda con lentes y otra que no, parece q es de la genn 25 plancomun, lo encuentro muy limdo, pero algunas veces lo veo con una loca, pero no sé si será la polola, siempre q paso cerca de él huele rico, ayuda porfiiiii, me da miedo hablarle por si tiene polola",,🏛️ San Joaquín
19/3/2026 23:24:42,"Fue la media cagá hacer que los alumnos revisen las pruebas como ayudantes correctores, son mas rajones que la chucha. Desde que cambiaron la forma de evaluar es más difícil sacar puntos, no sé si tendrán algún síndrome de superioridad o algo parecido. Cuando he ido recorrección de certamenes o controles he llegado a subir más de 30 puntos del puntaje original y los mismos profes quedan xd por tan pocos puntos que colocan.",,🚢 Casa Central
19/3/2026 23:28:51,"Hermano yo soy medio aweonao igual y hablo zarta de weas y memes qlios imbeciles, pero los qlios de acá la kgan, no es que sean weones, es que son raros, ya me habían dicho q la wea era medios de tea, pero me dejaron loco, algunos son como esos kbros chicos que nadie los pescaba en el curso y el profe se hacía su amigo. Wena onda los wns si, pero se nota que de chicos comían tierra igual.
Y niun wn quiere tomar, uno quiere vodkita feli",,🚢 Casa Central
19/3/2026 23:36:00,se que hay un weon mechon de valpo en ing en informatica que es pedofilo... ojito 👀,,🚢 Casa Central
19/3/2026 23:36:31,"Hay un wn en la u que me incómoda tanto, sé que tiene autismo pero aún así me cae tan mal, soy mujer e invade mi espacio personal wea que me carga y además tira comentarios qliaos tipo ""oye no le molesta a tu pareja que yo esté contigo"" qliao- 💀, eres el weon más feo que e conocido, te bloqueé de instagram y aún así no entendí que me caí como el pico weonnn, deja de acosarme porfavor, no me toques, salúdame de lejos si queri pero no quiero que ni siquiera me saludes con la mano.",,🏖️ Viña del Mar
20/3/2026 0:03:47,Saquen carretes ctmmm!!!,,🏛️ San Joaquín
20/3/2026 0:30:35,Revivan a la atenea,,🌳 Concepción
20/3/2026 0:33:11,"Os tengo una pregunta, por que rechazan siempre al chico que es siempre atento, os abre la puerta del coche, es muy majo, pero aceptan a ese chico que es totalmente contrario a las buenas cualidades de un hombre, más de esos que nunca han tenido alguna relación??",,Rainoldo
20/3/2026 7:56:15,ya no quiero ser mechona 😔,,🏫 Vitacura
20/3/2026 8:05:50,"Conozco un gay de la u q votó kast, todavía no lo puedo creer (menos ahora que no firmó a favor de la proteccion de los derechos lgbt).

Amarillo y weko",https://drive.google.com/open?id=1jW7nZfPF8qs6S9F_BB0LE7EVrsZZtLA-,🚢 Casa Central
20/3/2026 8:17:08,Me gusta el presidente del cee de mi carrera pero no sé si es bi o algo como para lanzarme🫠,,🚢 Casa Central
20/3/2026 8:20:25,"Al de la 2469
Mi pololo le dio like a tu wea
Gracias ahora me siento como una chancha 🖕 hombres de mierda",,🚢 Casa Central
20/3/2026 8:28:41,Oeuf cru,,🚢 Casa Central
20/3/2026 8:34:32,rajense con una banda pank o crossover thrash ,https://drive.google.com/open?id=1HFNTjrucqcFuJw5tVaNCHMNK_GlJ_QHd,🏖️ Viña del Mar
20/3/2026 8:44:19,En ing metalurgica hay un mechon funao por sacar fotos ojito. No soy de la u pero un amigo me dijo q estaba,,🚢 Casa Central
20/3/2026 8:44:49,"Se acabó el confort, botaron el aula, cortaron el agua, no ponen jabón estamos en la decadencia vamonos a paro mejor ",,🚢 Casa Central
20/3/2026 8:53:40,"lo de los ayudantes rajones es real, soy ayudante y me demoro corrigiendo mil años para no rajarmelos, en un certamen q me demoré 2 horas corrigiendo, otro ayudante demoró 10 minutos y terminó todo, así que siempre q puedan manden a recorrección!!",,🚢 Casa Central
20/3/2026 8:57:39,"El benja de 2do de industrial dijo que esta en busca de mechonas foraneas que necesiten apoyo, el se ofrece sin compromiso pero no es culpable de lo que pase despues",,🚢 Casa Central
20/3/2026 8:58:19,"A lo serio, soy mechon y hay mucha gente muy rara hrmn, que habla una tracala de weas impresionantes, que o no les entiendo o hablan mucho o algunos que se creen el hoyo del queque hrmn, porfavor donde esta la gente normal en esta sede",,🚢 Casa Central
20/3/2026 9:22:39,Hay unas mechoncitas que estan pa comerselas con ketchup ctm,,🚢 Casa Central
20/3/2026 9:36:45,No ay ni una mina rica puras watonas igual que fiona,,🚢 Casa Central
20/3/2026 9:37:04,Los de informatica estan pasados a culo,,🚢 Casa Central
20/3/2026 9:37:39,Pasen ig de la gotica que tiene las meas callawawas,,🚢 Casa Central
20/3/2026 9:41:58,Los de ingeco son entero aweonaos pasaos a pichula. Deberian borrarlos de la faz de la tierra,,🚢 Casa Central
20/3/2026 9:43:19,"Llevo 3 semanas en la u y ya odio al edificio p con todo mi ser 
",,🚢 Casa Central
20/3/2026 9:47:48,oye joan te debo 500 te los pago a fin de mes,,🌳 Concepción
20/3/2026 10:07:57,"Ya, pero que andan escondidos los wekitos, no he encontrado ni uno :(",,🚢 Casa Central
20/3/2026 10:11:22,"Tuvieron todo el verano pa arreglar la biblioteca y las salas, y recien ahora que empezaron las clases se les ocurre hacerlo wn uno trata de no odiarlos pero no ayudan",,🏫 Vitacura
20/3/2026 10:14:04,"Saben yo quede perpleja con la u, más q nada porque hay mucho contenido online. Y yo q entre aquí con gratuidad y vengo de la punta del cerro no le doy ni una a la tecnología, la primera y segunda semana me perdí de como 3 controles y tareas porque las habían anunciado por aula, ando más perdida y pa colmo llego atrasada. Aparte que hay caleta de grupos de WhatsApp que hablan CALETA y como el 40% de lo q hablan son cosas del curso 🥲",,🏛️ San Joaquín
20/3/2026 10:24:15,Kathy de 2 de electrónica eres mi amor platónico ,,🌳 Concepción
20/3/2026 10:39:05,La chica que me gustaba me vio vestido de Minion ,,🚢 Casa Central
20/3/2026 10:56:16,"Hermano hay un cuico qlo que se hizo mi amigo y no me deja tranquilo, el tema no es que sea cuico es que es más arrogante que la ctm, le preguntas algo y dice “pero eso es obvio wn” el qlo ademas es más tonto que la mierda si todas las weas las hace con puro ChatGPT xddd",,🏫 Vitacura
20/3/2026 11:04:33,"Noto que hay muchas personas con estilos llamativos, o que expresan sus gustos a tope con llaveros, pines, y peluches
Nunca cambien se ven super bien ❤️
A mi me dan ganas de hablarles pero me cuesta mucho socializar 🥀",,🚢 Casa Central
20/3/2026 11:25:10,El Martín de ing informática y el Amaro de ing informática se comen en biblioteca ,,🏖️ Viña del Mar
20/3/2026 11:42:56,Si hay un dance cover en SJ el ig es @geekiez_dc ,,🏛️ San Joaquín
20/3/2026 11:51:49,"Oe Karime qlia déjate de wear 5 minutos, a nadie le importa tu postura política ni que tus antepasados puedan o no estudiar, tampoco hubiera cambiado mucho la película",,🏛️ San Joaquín
20/3/2026 11:57:47,Pasen video de los que se pelearon en el teatro Alicia locoooo,,🏫 Vitacura
20/3/2026 12:12:35,"Hay una mina q se nota q anda necesitada de atención wn, tiene pololo y le anda moviendo el culo a todos los weones q se le cruzan, hasta ahí es wea de ella, pero se dedica a criticar a otras personas solo pa poder subir su autoestima ",,🏖️ Viña del Mar
20/3/2026 12:13:13,U culia me tiene sin energía ☹️,,🏖️ Viña del Mar
20/3/2026 12:45:35,"El profe A. Labbe que hace mat060 explica cómo las weas, me fue como el pico en el control, ojalá haber tenido con JJ el goat",,🚢 Casa Central
20/3/2026 12:48:34,"Saquen al claudio ulloa de la U hermano, no se supone está en el técnico? Fracasado culiao lleva como 7 años en la U ",,🌳 Concepción
20/3/2026 12:59:50,niuna mechona rika,,🚢 Casa Central
20/3/2026 13:00:02,"wn hay una pareja de mi paralelo media que intensita, Y la wea fue que la mina le andaba agarrando la corneta al wn en plena clase, y lo puedo confirmar porque el wn se para y se tira más adelante para que el meson le cubra (se notaba por el brazo de la loca que se movia mucho kdjsakdjsa)",,🏖️ Viña del Mar
20/3/2026 13:02:45,"el año pasao habia un loko que se paseaba con una mina a cada rato. despue en el segundo semestre no los volvi a ver juntos ajajaj, tipo los weones a cada rato que los veia estaban separados ",,🏛️ San Joaquín
20/3/2026 13:09:12,"Porque la gente se tira tanta mrd entre todos, unos por ser tea otros por no ser tea. Y todos esos pensamientos de odio y desagrado lo tienen dentro suyo, simplemente lo guardan y se hacen los piola. Da miedo socializar cuando hay mucha gente así 😭😭😭",,🏛️ San Joaquín
20/3/2026 13:23:06,Cuantas oportunidades se le dan a una mina antes de mandarla a la re contra mierda?,,🚢 Casa Central
20/3/2026 13:23:58,"TRAIGAN DEVUELTA EL JUGO DE UVA AL P
ATTE UN MECHÓN COMPROMETIDO CON LA CAUSA #JUGODEUVA",,🚢 Casa Central
20/3/2026 13:24:10,"Tener que estar en valpo 5 días seguidos y solo ver a tu pareja con cuea los fines de semana se siente como relación a distancia.

No tenía nada que ver pero queria comentarlo",,🚢 Casa Central
20/3/2026 13:28:48,acompañe a un amigo a sus clases en la uch y puta que se nota la diferencia del tipo de gente que te encuentras alli en comparación a la usm🫩,,🏛️ San Joaquín
20/3/2026 14:12:54,usm top lugares que engendran incels,,🏛️ San Joaquín
20/3/2026 15:11:33,"Unos watones qlo le dan el meo color por ganar en un torneo de mechones, saquen la wea de carrera luego, tienen como 37 años",,🏛️ San Joaquín
20/3/2026 15:20:03,"hay una niña que va en mi paralelo de mate con esteban hernández, que es como de 165 rubia con ojos muy lindos somos de arqui y me da wiwi hablarle, qn tiene su ig ?",,🚢 Casa Central
20/3/2026 15:41:45,"Los de Vitacura tienen tan poca perso, que se robaron el copy y lo intentaron modificar",,🏛️ San Joaquín
20/3/2026 15:47:54,"Hay un wn en mis clases de mecanica de fluidos que me encanta, pero estoy segura de que no le gustan las minas. Porque me gustan puros twinks 😔.",,🚢 Casa Central
20/3/2026 15:48:26,Quien suba la siguiente confe odia a su equipo ,,Rogelio
20/3/2026 16:07:33,"el naxo macdonald de mecánica está entero rico









Atte. el naxo macdonald",,🏛️ San Joaquín
20/3/2026 16:47:51,"Soy informatico, no me gustan las menores y si me baño, hagan sus preguntas ",,🏛️ San Joaquín
20/3/2026 16:59:03,etiqueten a los mechones gays infiltrados ,,🚢 Casa Central
20/3/2026 17:53:04,Ig la rubia peli corta con lentes de la sede de Quilpué?,,🏖️ Viña del Mar
20/3/2026 18:11:00,rorro pasa pack ya nos teni a todos babeando porfavor muestra tu pene en vivo y hacelo girar al ritmo del himno nacional gracias,,🚢 Casa Central
20/3/2026 20:06:07,encontré el pase de Vicente guerra en la calle en maipu (sale que estudias en la Usm) si estás por ahí comenta para pasarteloo jajsj ,,ni idea 
20/3/2026 20:36:56,"Mi profesor de matematicas es igual a leonard de the big bang theory, en la ultima clase que tuve estube apunto de preguntarle por sheldon pero me dio vergüenza",,🚢 Casa Central
20/3/2026 20:42:10,"Sebastián Cabrera de Comercial, el verdadero creador del sexo 🥵🥵🥵",,🚢 Casa Central
20/3/2026 21:23:42,"Quien fue el de la gran idea de hacer el evento geek del miércoles en la sala pasta? lugar entero chico para esas cosas,todo apretado.",,🏛️ San Joaquín
20/3/2026 21:31:43,"Para la 24:99, no te preocupi que hay cosas peores como hablar en un grupo de wsp de la sede entera y preguntar por una carrera de otra universidad xdd",https://drive.google.com/open?id=1Kug7tiiWlFkwql8pnXZu6AYv8TrI5cpc,🚢 Casa Central
20/3/2026 22:32:57,Hay un wn de idp que es pedofilo y tiene fetiche de pies de niñas,,🚢 Casa Central
20/3/2026 22:56:28,ODIO que nos evalúen todo en grupoooooo,,🚢 Casa Central
21/3/2026 0:16:55,pasen el ig del guardia de vitacura,,🏫 Vitacura
21/3/2026 0:18:03,ahora usan el noac pa puro comerse oe,https://drive.google.com/open?id=1eLdhuScLSuhf__XrkiZxhuLLqB_CgX4j,🏛️ San Joaquín
21/3/2026 0:18:53,"donoso de seleccion futbol cc, me traes vuelta locaa💍",,🚢 Casa Central
21/3/2026 0:22:23,"Odio las nuevas salas de edificio c eran tan buenas las anteriores y ahora son como las horribles del p con esas sillas horribles, Mínimo solo las hubieran mejorado pero nah tenían que arruinarlas.",,🚢 Casa Central
21/3/2026 0:35:12,"le dan color con mensajes motivacionales a los mechones qls, loco la van a pasar como el hoyo y otras veces bien, es una u de mierda sinceramente, solo estudien, estudien y no paren de estudiar, la wea quita años de vitalidad, por eso los de 5to pa arriba se ven de 30 o 40 JAJAJJ se vienen años como el picooo
",,🚢 Casa Central
21/3/2026 0:40:25,"Hay algunos de ing en informática que no conocen el desodorante en Efi wn, corten la wea.",,🏖️ Viña del Mar
21/3/2026 1:21:22,"han cachao que ya no existen los tipicos weones nerd en la u? Ahora todos son flaites, escandalosos y wea 
Ese estereotipo de wn piola de la U se perdio completamente jajaj",,🏖️ Viña del Mar
21/3/2026 2:42:43,"Carrete qlio pa malo. Mas vegano que la chucha

Quien conchetumare es la Kuina?!?! No prendió ni una wea y con el aweonao del ak420 menos",,🚢 Casa Central
21/3/2026 2:59:31,Pura gente fea en tel,,🚢 Casa Central
21/3/2026 8:52:22,"Quiero confesar que hay un mechon de informatica que me parece muy lindo, es medio bajo y ocupa una mochila militar, mi ig es @ignaagonzalez. Hablame porfavor me encantas 😍",,🚢 Casa Central
21/3/2026 10:04:30,Saquen carrete porfa vodka tequila vodka,,🏛️ San Joaquín
21/3/2026 11:03:36,Como se supera a la ex? ,,🚢 Casa Central
21/3/2026 13:46:51,Que tiene que hacerse para conocer a alguien fan de tøp en esta u ,,🚢 Casa Central
21/3/2026 15:38:29,"Holaa, esto no sé si sería una confesión pero si un mensajito de apoyo para todas esas personas a las que les gustaría tener un grupo de amigos pero temen el rechazo. Las amistades no llegarán por si solas, debes animarte a salir de tu zona de confort y socializar, oye, socializar es algo super bonito, no te aseguro que todas las personas con las que vayas a socializar compartan los mismos gustos que los tuyos, pero anímate a socializar. No lo dejes como algo que lo harás algún día, empieza desde hoy a trabajar en eso, controla tus emociones al socializar y se consciente cuando ya no hay nada más que hacer porque claro, habrán personas las cuales quieran seguir socializando contigo pero otras que no tanto y ahí es donde debes tener cuidado porque es muy fácil malinterpretar las cosas o incomodar a alguien. Anímate y comienza de hoy a socializar siempre respetando los límites que existen, nunca llegues a acosar a alguien ni tampoco busques incomodar, así que te deseo lo mejor y yo sé que puedes, es lindo ir a estudiar sabiendo que te esperan tus amistades :)",,🚢 Casa Central
21/3/2026 17:29:43,"El pene crece por el bombeo de sangre que extiende los tejidos, la sangre se bombea desde el corazón, el pene, por ende, se erecta al ritmo del latido del corazón
El amor es una magia que conecta el corazón con el pico",,🚢 Casa Central
21/3/2026 18:48:42,"Hay un wn mechón que va en técnico en informática en la sede de viña que es un pedófilo. 
Creo que alguna vez lo denunciaron por acoso, pero no sé qué pasó luego precisamente, me enteré por unas conocidas.",,🏖️ Viña del Mar
21/3/2026 18:58:00,"Pasen el ig de un wn de ing civil industrial q tiene lentes, el pelo negro y  es flaquito ",,🚢 Casa Central
21/3/2026 22:01:44,"Soy mechón y quiero hacer amigos woke, ¿Cuál es la carrera con más gente progre pro-LGBTQ+? Para buscar por ahí ",,🚢 Casa Central
21/3/2026 23:44:17,Nos webean harto a los informática pero miren a los electricidad puedo decir que se ven menos decentes que nosotros 😔,,🏖️ Viña del Mar
22/3/2026 2:11:05,"#2487 amigo, yo tengo una igual en comex, te entiendo",,Rogelio
22/3/2026 9:56:06,"campus vitacura, la wea olvidada por Dios wn, caro, pequeño y feo.",,🏫 Vitacura
22/3/2026 10:01:17,"Alguien que escuche Kevin Kaarl o Ed Maverick?, seríamos buenos amigos si lo escuchan JAUSJS, y si no, también :)",,🚢 Casa Central
22/3/2026 11:48:06,"Mi sueño es k un día suban preguntando por mí y de k les parecí muy bonita
A una solo le queda soñar ",,🚢 Casa Central
22/3/2026 12:04:00,Suelten alguna wea wena,,🏖️ Viña del Mar
22/3/2026 14:25:56,Alguien de aca es fan de la saga de Godzilla?,,🏖️ Viña del Mar
22/3/2026 22:04:26,"Siento que los psicólogos de la u no hacen ninguna wea. No es por ser crítico, pero al atenderme con una psicóloga rubia, está hacia caras todo el rato y me decía como q pq no congelo y toda esa wea, yo ni venia para eso y congelar no era una opción (ni tampoco lo necesitaba). Mas encima sus actividades son terrible de fome",,🏛️ San Joaquín
22/3/2026 22:24:50,"Mechones ql, maxi chupalo",,🏛️ San Joaquín
22/3/2026 22:43:49,"Oe nada que ver con notas o weas sociales, pero acá toda la puta comida es una mierda 
Afuera todo está más caro que la xuxa y aún así sabe a pico, literal no es por ser exquisito pero la junaeb acarrea a la usm",,🚢 Casa Central
22/3/2026 23:27:02,hay grupos queer en sj?,,🏛️ San Joaquín
23/3/2026 1:25:11,"Recuerdo que antes ya había dicho que me gustaba muchísimo el Marcos Saavedra, pero ahora creo que me enamoré. Ns pq pero literalmente no me atrevo a hablar con él. D hecho lo ví hace poco riéndose en el recreo y sentí tremendas mariposas. Porfavor no me stalkeen amigos del Marcos 👊🥲",,🏖️ Viña del Mar
23/3/2026 9:53:46,Vida de perros usm,https://drive.google.com/open?id=1b4QQNn0Im4LI4pd8-xp2kY4o84fxnnpZ,🏛️ San Joaquín
23/3/2026 11:48:24,"#2486 habla con un emo, te va a enseñar a usar la cuerda (humor)",,Robelio
23/3/2026 13:12:13,"¡Joder, tío, es que lo que me pasó fue la monda! Me presenté al examen de Derecho con una resaca de cojones y, de repente, suelto un bostezo que parecía el rugido de un león, y el profesor, que tiene una mala leche que te cagas, me suelta: ""¡Hostia, chaval, si tienes tanto sueño, vete a sobar a tu puta casa!"", y me echó a tomar por saco del aula mientras toda la clase se partía la caja y yo me quedaba con una cara de gilipollas que flipas, ¡vaya movida, macho!",,🏫 Vitacura
23/3/2026 14:15:05,"El año pasado iba a ponerme en la fila del casino y de la nada por mi izquierda viene corriendo un wn, me sisea como un gato, y se pone al frente mio en la fila care de raja. Quede asi en shock y me fui nomas, no me iba a poner en la fila detras de un wn que acababa de hacer como un animalito. Fast forward a este año, ahora tengo cálculo con él. Me dan ganas de pegarme un tiro cada vez que lo veo fuera de broma.",,🏛️ San Joaquín
23/3/2026 15:00:28,Cabros hagan ejercicios kegel ,,🏛️ San Joaquín
23/3/2026 16:08:44,Manden ig de los furros de la usm,,🏖️ Viña del Mar
23/3/2026 16:11:03,"Había una chica bajita, pelirroja, que a veces usaba lentes… creo que estudiabas química o algo de bio.
Solo pasaba a decirte algo simple: eres muy bonita. 🥹",,🏖️ Viña del Mar
23/3/2026 17:16:08,"Hoy lunes 23/03 pasadito las 4 iba bajando la escalera de portales y un muchacho me paró para decirme que era muy hermosa, se llamaba Diego y de pura nerviosa no fui capaz de decirle nada más que gracias;(( nose si es de la usm o no, pero se llama Diego, es moreno y tiene las pestañas largas, y si es que tengo suerte de que lea esta confesión y comente algo para seguirlo, y espero que sepa que también lo encontré muy lindo :* ",,🚢 Casa Central
23/3/2026 21:55:36,ojala vicente moraga aprenda a cerrar el papoi,,🏛️ San Joaquín
24/3/2026 0:09:25,"Busco el ig del niño de polera blanca que bailó con los amigos en el bingo, de los que estaba en la escalera . ",,🚢 Casa Central
24/3/2026 10:20:41,"Soy mechon, y hay una chica que estoy seguro que iba al mismo preu que yo, y en verdad me gustaria preguntarle, pero es como muy de la nada acercarme y decirle ""oye fuiste al preu x"". La encuentro muy linda y me gustaria conocerla mas, y ver si ocurre algo. Es muy linda me encanta la sonrisa",,🏛️ San Joaquín
24/3/2026 11:04:31,"AWEONAO SE CREE CAMIÓN, he visto raptor usar un solo estacionamiento y tu caga chica tiene q usar dos. Usa solo uno como la gente normal",https://drive.google.com/open?id=1ltcUUbSBz2Uo_xB4CzJ0H5SFloD7cil-,🏫 Vitacura
24/3/2026 14:34:22,Revivan magos usm,,🚢 Casa Central
24/3/2026 14:49:21,mejor baño para cagar en casa central?,,🚢 Casa Central
24/3/2026 15:46:59,"alonso de industrial weon rico te haria de todo, soy de ambiental",,🚢 Casa Central
24/3/2026 17:34:52,cuánto fokin paga admision,,🚢 Casa Central
24/3/2026 18:29:40,Que alguien venda handrolls que acepte la junaaa po o pasen dato de algún lugar cerca de la u,,🌳 Concepción
24/3/2026 20:25:39,un wn en el casino estaba almorzando solo y de la nada se saca un peluche de la miku y la coloca al lado como si fuerd su polola wnperoo que es esta u hermano puro tea CTM,,🏛️ San Joaquín
25/3/2026 1:09:18,"Les tengo un acertijo 


Medusa, Apolo, Perséfone o Afrodita ¿Quien sabe y quien no sabe? Eso tu no lo sabrás, o si le preguntas a la luna quizás ella te lo dirá... 🌕",,Daisy bell
25/3/2026 1:35:00,"confieso que me gusta, me encanta y me fascina alguien que mainea fiora top ",,🚢 Casa Central
25/3/2026 2:03:59," nos enseñaron a quedarnos cuando todo está bien , pero no nos enseñaron a establecer comunicación y hablar las cosas cuando hay días grises , a arreglarse y perdonar , a dar segundas oportunidades , a hacer lo necesario por mejorar tanto para uno mismo como para la otra persona , cuando uno ama con intensidad y sabe lo que quiere lo catalogan cómo intenso , porque no todo el mundo está preparado para eso , y normalizan la indiferencia y frialdad que no debería normalizarse",https://drive.google.com/open?id=1JWkWKA5qURZ4gwTJQ2uNl1apwVS2BbGd,🌳 Concepción
25/3/2026 5:54:49,"Holaa, hay una chica que se me hace super linda y bkn su estilo. Tiene el pelo teñido como de naranja, hartas veces la he visto con una polera de my chemical romance y siempre va con una amiga suya, ojalá poder tener su ig pa hablarle pq sinceramente como siempre estoy con amigos y ella con la suya no encuentro el momento 😢",,🏛️ San Joaquín
25/3/2026 7:22:22,"Wn, de verdad necesito recomendaciones de donde dormir en la sede de viña y que no sea al aire libre porque me da frío",,🏖️ Viña del Mar
25/3/2026 10:48:55,"Si ella supiera lo especial que es para mí y que me duele que esté con un pelmazo que no la sabe valorar, se daría cuenta que siempre tuvo al hombre que de verdad la amó y sigue amando desde el primer día ",,🌳 Concepción
25/3/2026 14:43:20,"Para cuando llegara una muchacha que me quiera en la vida.. (Pal que dijo que los de 1.85 pa arriba tienen mas oportunidad, depende hmno, mido lo que dijiste y nadie se acerca, e igual será pq me dan miedo las mujeres)",,🚢 Casa Central
25/3/2026 16:48:16,"Saquensee carrete los de sj, segundo año y ni un carrete mano",,🏛️ San Joaquín
25/3/2026 17:11:29,Donde puedo comprar tabacos ahora que prohibieron las ventas en el hall del c? ,,🚢 Casa Central
25/3/2026 18:23:52,"Hoy te vi.
Hoy te vi y brillabas como nunca.
Me arrepentí de nunca disculparme, 
de nunca ser suficiente para tí, perdón.
Espero sigas brillando y mucho más.
Y que nunca nadie te pueda apagar.",,🏛️ San Joaquín
25/3/2026 19:11:24,El que creó SIGA seguramente tiene sindrome de down,,🏛️ San Joaquín
25/3/2026 23:28:21,"No es un secreto a esta altura, es más que nada un descargo de lo impactante que ha sido el declive de los almuerzos que sirven en el casino del campus de Vitacura. Sobre todo este año, la calidad ha sido paupérrima, comidas malas y sencillas como arroz con papas hervidas, u otras cosas que ni siquiera dan nutrientes. Hace un par de semestres atrás habían comidas mucho más completas, siempre proteína con carbohidratos, ahora es cualquier cosa con tal de que el plato se vea medianamente lleno. Lo malo es que no existe alguien a quien reclamarle esto, sumándole a qué ahora hay tanto alumno nuevo, el casino y el campus en general está reventado. Pagar todos los días por un almuerzo nefasto no vale la pena, pero como no hay otra opción, un poco más te obligan o si no te cagas de hambre todo el día. En resumen, en estas fechas estar en el campus es una reverenda mierda.

Pd: la foto que adjunto es la porción que sirvieron el martes 24/03. Un miserable trozo de carne con arroz primavera del acuenta.",https://drive.google.com/open?id=1RZ4lm_KtenInstS-xH_AJ5xM5IeC_7fw,🏫 Vitacura
26/3/2026 0:29:01,"oigan cabros culiaos, no puede ser que se demoren mas de 1 segundo en escanear el qr en la entrada, si les cuesta eso no me imagino lo q les costara achuntar el p***",,🏛️ San Joaquín
26/3/2026 6:35:21,Quien apaña para hacerle una religión a la sala tuxa (E-001 la mejor sala de la universidad),,🚢 Casa Central
26/3/2026 11:14:49,estos perros ctm me tienen chato tienen todas las salas pasadas a axila es como si se pusieran de acuerdo todos los teas qliaos para no bañarse encima son todos más feos que patada en los cocos wn las minas todas ricas si,,🏛️ San Joaquín
26/3/2026 12:48:21,Tanta loca linda pero con tremendas red flags 🚩,,🚢 Casa Central
26/3/2026 18:51:18,"al loquito emo que disertó el lunes 23 en política, no te entendí niuna wea pero puta q estai rico",,🚢 Casa Central
26/3/2026 20:18:31,Veo sus confesiones y me siento tan feliz de estar en T.U en viña jajaaj u.u exito a todos ,,🏖️ Viña del Mar
26/3/2026 20:48:29,Es una paja que ni los centros de estudiantes ni la federación se mencionen por las weas que están pasando y la gente en la u sea tan poco consciente incluso compañeros que estudian con gratuidad hablando mal de quienes fueron a manifestarse ,,🏛️ San Joaquín
26/3/2026 21:34:53,"Hay un wn que encuentro muy lindo, comparto una sola clase con él, no me atrevo a acercarme a hablar no me da la perso y ni cagando me pescaria se ve muy serio. Me queda verlo de lejitos no más 🥲",,🏫 Vitacura
26/3/2026 22:11:42,"No se si soy la única persona que se siente así, pero me incomoda mucho que carlisho aún haga los grupos y de 'consejos' que son del año del poto o nada que ver. Amigo ya no estás en la USM superalo, encuentro bkn que quieras hacer eso, pero en tu universidad mínimo xd ",,🏛️ San Joaquín
27/3/2026 10:34:23,"27-03-2026, flechado con una tipa de lentes que andaba con outfit de poleron negro, pantalón blanco y zapatillas negras, la ví entrar a la biblio y después nunca más la volví a ver jajaja. Ahora vive solo en mis recuerdos ?)",,🚢 Casa Central
27/3/2026 17:55:52,Cómo que ahora hay que vaciar el One Drive?!?!,,🚢 Casa Central
27/3/2026 18:55:04,"Recomienden ayudantes buenos de calor y ondas, y de Calculo en Varias Variables, los míos son un asco.",,🏛️ San Joaquín
27/3/2026 18:59:31,Duvan devuélveme las 20 Lukas que te preste porfavor ,,🏛️ San Joaquín
27/3/2026 19:00:42,"Es increíble que uno sabe quién es ingeco, con solo ver su caminada de wekito, como que paran el poto y hablan con la corneta en la boca.",,🏫 Vitacura
27/3/2026 19:01:46,"Porque creen que nuestra u no llega a los 7 años de acreditación, que le falta ?",,🏛️ San Joaquín
27/3/2026 19:04:21,"Alcance a escuchar la conversación de 2 compañeros míos de 141 dónde uno le decía al otro que desde chico masturbaba a sus perros somos de ing física con la gente de la carrera, ya no puedo más, es mucha exitacion.",,🏛️ San Joaquín
27/3/2026 22:41:24,u culia hagan paro que quiero jugar valorant ,,🏫 Vitacura
28/3/2026 2:49:02,"Llegue a esta universidad hace un tiempo, soy Autista, me costó mucho entender muchas cosas, vengo de una familia pobre, pero me he estado esforzando para intentar salir adelante.

He tenido que sacrificar mucho para estar aquí. 

Si Federico Santa María estaba pensando en alguien cuando escribió el testamento, estaba pensando claramente en mi, en el desbalido meritorio. 

Aborresco en cierto punto todo.

Sinceramente no tengo un apellido rimbonvante, pero me he esforzado en convertirme en el estudiante con más poder e influencia dentro de toda la institución, con raíces incrustradas a nivel regional, nacional y en el bajo mundo, he visto lo peor que el ser humano puede ver.

Quisiera arrancarme los ojos. 

Pero también le he arruinado la vida y carrera profesional aún sin número de personas (malas personas). 

Todos los días de mi vida son como un capítulo de anime en el que simplemente cada cierto tiempo hay un nuevo arco y un jefe al cual derrotar. 

Tener tanto poder me ha hecho sentir muy solitario, todos me ven como alguien superior, alejado de las necesidades básicas del universitario, mucha gente se quiere rodear de mi, todos a pedirme favores y concejos.

Pero muy pocos vienen a pedir mi amistad.

Esta soledad es algo que me acompaña desde hace tiempo, decearia experimentar el amor. El amor real, no por interés. 

Qué me vea una chica como un igual a ella, como alguien que es un ser humano, no un monstruo ni un animal al cual pueda pedir y exijir. 

Anhelo que se enamore de mi una chica y me permita dibujarla desnuda con un lápiz tiralinea 0.5.

Pero a su ves, me cuesta sentir amor, tengo miedo de enamorarme, tengo miedo de no cumplir las espesctativas enormes qué la gente tiene de mi, pero a su ves quisiera explotar todas esas emociones acumuladas en alguien.

Estoy enfermo y loco, solo quiero explotar todo mi locura y amor en alguien que me vea como un humano, no como algo idealizadoo. 

Quisiera simplemente salir con una chica y saber que ella me ve como igual. Jugar con ella a algún juego  ver una serie (Pokemon, ver jojos, etc) y simplemente, ser felices. Escribirle poemas. Llevarla a hacer cosas autistas

Quisiera que la gente me viera como un ser humano y no como un ente distante de este plano que se rige por leyes distintas. ",,🚢 Casa Central
28/3/2026 11:43:56,"oye la belen sierra de la civil industrial esta entera linda wons:( dame un chance.
",,Valpo
28/3/2026 21:14:50,La lesbiana mechona de Licenciatura está entera rica,,🏛️ San Joaquín
29/3/2026 0:18:47,Usenlo con sabiduría ,https://drive.google.com/open?id=1OaUpRBJBHZnwY5aFtHTRRLI_AY7cP5-G,🚢 Casa Central
29/3/2026 11:08:20,"Me gusta una sofía, pero sólo se que tiene 20, rubia y es tauro 🥹",,No se
29/3/2026 13:42:02,"ola quiero iniciar un emprendimiento, si quieres darle celos a tu ex u odias a tus padres

por la módica suma de 5 lucas la hora, puedo ir contigo a darle celos a tu ex, para q piense ""ctm me dejo por esta wea"" para q vea q estas con la primera wea q te encontraste luego de estar con el/ella, ahora lo de tus padres, si odias a tus padres puedo ir a una cena familiar y ya con mi pura presencia debería ser suficiente para que tus padres se sientan para el pico, pero si le sumas 5 lucas más (un total de 10 lucas) me vuelvo pro kast o pro jara por toda la cena familiar y digo puras weas de tio curao hasta que me saquen de la casa

ig: vkt_tz",,🚢 Casa Central
29/3/2026 14:02:46,Yapo suban cosas pls soy un adicto al chisme ajeno,,🏖️ Viña del Mar
29/3/2026 19:05:40,"estuve andando con un tipo que me dijo q tenía 18 y cuando le revisé el carnet me fije q es del 2009 (16💀)
yo tengo 20 y ya nos comimos y todo:(
no sé que hacerr",,🏛️ San Joaquín
29/3/2026 21:15:13,Alguien sabe si hay un psicologo/a en la sede Viña?? ,,🏖️ Viña del Mar
29/3/2026 23:31:56,"vuelvo con esto pero confieso que el diego c de 6to de eli (cc) me tiene flechada, alguien sabe si sigue con su polola?  xd",,🚢 Casa Central
29/3/2026 23:39:19,Pal weon qué se estaba quejando de que envidiaba a cc nosotros no tuvimos ni una wea pa esa semana a lo más el bingo ,,🏖️ Viña del Mar
30/3/2026 1:14:14,Consejo pa los mechones en mate no tomen con cifuentes puro humo vayan con hirsh nadie nunca se ha echado una mate con hirsh ir a una pura clase del profe basta pasa todo bacan  y bien ,,🏛️ San Joaquín
30/3/2026 1:15:26,para los que están dando física recuerden los labs son opcionales no toman asistencia,,aviso de utilidad publica
30/3/2026 1:17:09,dejen de filtrar las confesiones antes eran chevere,,Diogenes
30/3/2026 3:33:50,todas mentirosas que solo te quieren meter la vajina,,🚢 Casa Central
30/3/2026 16:39:30,"Hace poquito he conocido a un chico el cual su nombre es Jesús mora, es nuevo en la u, la cosa es que me exita demaciado, al estar tan cerca de el me mojo de una manera estúpida, le haría de todo ",,🏖️ Viña del Mar
30/3/2026 18:03:35,"Solo busco alguna minita q sepa hacer unos wenos masajes y tenga paciencia, es mucho pedir?",,🏛️ San Joaquín
30/3/2026 19:28:36,"La que escribió que los wnes eran feos si es mujer u hombre seguro eri modelo , te creí rica watona klia seguro te falta atención  pa que creas que la gente se preocupa por vo o todo gira entorno a ti , y si andas mirando a wnes en vez de preocuparte por tus weas de Ramos seguro te echas más de uno , más claro que tarotista
 ",,🚢 Casa Central
30/3/2026 20:42:39,"Cuando existen casos graves de acoso y abuso de poder, que la respuesta institucional se reduzca a una capacitación breve (1:10) hace que una se pregunte si realmente se está dimensionando la gravedad del problema.

¿De verdad no se puede hacer más? Transparentar los procesos de selección de ayudantes, limitar el poder con el que operan, evitar que los profesores deleguen responsabilidades docentes en estudiantes, dar mayores garantías a víctimas de violencia de género y facilitar el acceso a protocolos y reglamentos son medidas básicas que se podrían tener en cuenta.",,🚢 Casa Central
31/3/2026 9:29:09,"En el metro vi una niña de la usm con libreta de Capitán América estudisndo, se veia muy buena onda pero me dió vergüenza hablarle 😔",,🏖️ Viña del Mar
31/3/2026 10:03:09,"dejé mi auto en el estacionamiento de la u y algún (o alguna) csm me chocó mientras estacionaba y me dejó el tremendo abollón, si bien entiendo que da pánico una situación así MÍNIMO PEDIR DISCULPAS me da lo mismo el arreglo pero no te puedes ir y hacer como si nada q fkin rabia (más encima nunca ocupo el auto para ir a la u y justo el día q lo hago me pasa esa wea) igual como chocas con un vehículo detenido que tan mal tienes que manejar ",,🏫 Vitacura
31/3/2026 11:53:47,pasen dato de weas mágicas en la casa central 🥹,,🚢 Casa Central
31/3/2026 13:57:06,"1 mes de clases y no tengo amigos aun, juro q no soy raro pero ya todos tienen su grupo y nadie invita weas vias",,🚢 Casa Central
31/3/2026 16:29:23,"El otro dia vi un tuma con barba candado, tiene como unos 26, de 2do año es muy lindo me dejo loco, creo que es gay porqe camina como curioso, tiene mullet, medio rubio y siempre esta con una rubia (Manden el insta avisen si es gay)",,🏫 Vitacura
31/3/2026 21:11:12,Cuando nos organizamos para el paro por quitarnos el espacio de microsoft?? encuentro una falta de respeto lo que nos hacen y no estamos reclamando!!!! ,,🏛️ San Joaquín
31/3/2026 21:37:03,me gusta un compañero con el que tengo 0 probabilidades de gustarle jaja F en el chat,,🏛️ San Joaquín
31/3/2026 22:43:02,"Desconozco cuanto habra subido Microsoft para el almacenamiento, pero como es posible que pasemos de ¿¿¿500gb a 20gb???, y se supone que el ""acuerdo"" fue a inicios de año, y recien ahora notifican, hay un serio problema de administración 😔

(Capaz me pegue una fantasmeada)",,🏛️ San Joaquín
31/3/2026 23:53:52,"Extraño mucho a mi ex, no hay día que are de pensar en ella y en lo que se perdió 💔",,🏛️ San Joaquín
1/4/2026 7:07:40,"Encuentran normal que en 3 dias conociéndose con alguien, el wn con el que hablan se te apegue mucho? Tipo no deje de dar contacto físico?",,🚢 Casa Central
1/4/2026 7:08:23,"Project USM, ahora es oficialmente iniciativa estudiantil de SJ, por ende actualización de reglas para la edición de invierno:
1. Convivencia y Respeto
  •Cero Tolerancia: No se permite el acoso, discurso de odio, discriminación o toxicidad. Somos una comunidad académica, mantengamos la clase.
  •Sentido Común: Si algo te parece que podría molestar a otros, probablemente lo hará. Pregunta antes de actuar.
2. Normas de Construcción (Griefing)
  •Respeto a la Propiedad: No rompas, alteres o robes en construcciones ajenas. El ""griefing"" es motivo de ban inmediato.
  •Zonificación: Respeta las áreas comunes y los distritos definidos (ej. zona comercial, zona de granjas, campus central).
  •Estética: Evita dejar construcciones a medias, pilares de 1x1 de tierra o árboles flotantes (¡tala el árbol completo!).
3. Mecánicas y Rendimiento
  •Granjas Automáticas: Se permiten, siempre y cuando tengan un interruptor de apagado (OFF) y no generen lag masivo al servidor.
  •Prohibido el Hacking: El uso de X-Ray, clientes de hacks (Killaura, Fly, etc.) o explotación de bugs graves para beneficio propio está prohibido.
  •Mods Permitidos: Solo se permiten mods estéticos o de rendimiento (ej. Optifine, Sodium, Shaders, Minimapas).
4. Economía y Comercio
  •Trueque y Moneda: Si el servidor tiene una moneda oficial, respeta los precios del mercado. No sabotees la economía regalando items de alto valor de forma masiva.
  •Préstamos: Si pides herramientas o materiales, devuélvelos en el tiempo acordado.
🛠️ Sistema de Sanciones
  •Advertencia: Por faltas leves (árboles flotantes, lenguaje inapropiado ligero).
  •Cárcel/Multa: Por reincidencia o daños menores reparables.
  •Ban Temporal: Por robo comprobado o desacato a los administradores.
  •Ban Permanente: Por hacks, griefing masivo o comportamiento de odio",https://drive.google.com/open?id=1zxiCNenEMFq0aPFZqpL2V3Mxy83-ShlT,🏛️ San Joaquín
1/4/2026 7:10:46,"En Project USM estamos buscando admis, si te interesa ser parte de la iniciativa, llenar el formulario adjunto:
https://docs.google.com/forms/d/e/1FAIpQLSc1RFC_T0SwFfNvqcqOhi8Cfjnw8uXDd4wdCGRZxExLBznzjg/viewform?usp=header",https://drive.google.com/open?id=1Ewrlvbks4JZnX1tbH56zmn24A9IlRmuX,Todas las sedes 
1/4/2026 11:42:03,"Vito de met culiao asqueroso quizá cuántas minas has acosado, que no te denuncien no significa que no se sepan las weas que haces. Enfermo de mierda. Ojalá todos tus cercanos de la carrera se alejen de ti, no le crean cuando diga que las minas fueron las que se le acercaron a él, ya lo ha hecho y lo va volver a hacer.",,🚢 Casa Central
1/4/2026 16:35:45,"Por que tanta obsesión con las minas, aguanten los femboys como el axius 😍",,🚢 Casa Central
1/4/2026 17:14:50,quien tiene algun llavero de miniso de chiikawa que intercambie por un hachiware 🥹✌️💔🥀 lo digo asi full serio para intercambiar,https://drive.google.com/open?id=1LMTZc9Lfj8zgaeI5bFeQqTOkSxVXdPSq,🚢 Casa Central
1/4/2026 21:04:05,"No es hate ni nada, todo lo contrario. Encuentro súper bacanes y buena onda a los profes de mate/física, cómo Juan Jiménez, Aldo Cabrera, Rodrigo Valdés, Víctor Torres. De verdad no mentían los de otros años con que estos profes eran de verdad que buenísimos!",,🚢 Casa Central
1/4/2026 21:17:45,"Hola gentee, soy ing matemático

Al que le interese hago clases particulares de todas las mates (mate 1, 2, 3 y 4 y sus respectivas variaciones que empezaron este año jaja) de forma online así que sirve para todas las cedes

También clases de electivos de mate

Cualquier cosa dm:

@chalegod_

(Adm. Xfa dejame fijado)",,🏛️ San Joaquín
1/4/2026 21:17:50,Den tutorial de cómo pelearse ,,🚢 Casa Central
1/4/2026 21:24:00,"Hay una weona de calculo que me tiene harto con su muletilla, cada vez que el profe habla o dice algo algo, ella dice,mmm, o se rie, me tiene completamente harto.",,🚢 Casa Central
1/4/2026 22:18:50,"Sumando a las cosas que están pasando en la USM como tal, a los comercial vespertinos nos daban coffe break todos los días (colación con café) y de un momento a otro lo quitaron. La razón: no pago a la encargada de ello.
Cobran un arancel altísimo, pagamos lo mismo que los diurnos y a nosotros no nos dan bus de acercamiento, no tenemos ayudantías, nos quitaron el coffe… en insólito lo que está pasando en esta universidad teniendo tanto prestigio",,🏫 Vitacura
1/4/2026 22:33:19,"Callen a carlisho, el llevaba muchos años en la u y ahora ni estudia acá, aún así tiene un complejo de dios de ayudar y guiar a todos los mechones, se cree el hoyo del queque el loco",,🏛️ San Joaquín
1/4/2026 23:41:43,"el nigga es el numero 1 de quimica, que lo mame el waton ben",,🏛️ San Joaquín
2/4/2026 9:27:44,"Sigan subiendo más confesiones po, queremos chismes no un desierto vacío ",,🏖️ Viña del Mar
2/4/2026 11:05:48,"Hola, buenas. Quería preguntar que psicólogo recomiendan, dentro de la Usm, ya que bueno últimamente no la estoy pasando bien, y como entre a la carrera me siento cada vez peor realmente, ya que he tenido muchos problemas en mi familia antes de entrar a la universidad. Además de que bueno no me gusta contar mi experiencias pero puedo decir que me sorprende aveces que no haya ido nunca al psicólogo. Recién cómo que me di cuenta que igual es necesario, ya por varias cosas que igual no se lo deseo a nadie... igual si hay muchos likes cuento chisme. 😛 ",,🏖️ Viña del Mar
2/4/2026 11:36:06,Cuando fokin pagan las ayudantías,,🏫 Vitacura
2/4/2026 13:24:48,k wea los informáticos no porque una mina les hable significa que quiere que la sigas para todos lados ni estar todo el día pegado como lapa bájenle a la intensidad ,,🚢 Casa Central
2/4/2026 14:43:11,Que perkin ir a acostarse en el primer piso de la biblioteca ay dios mio ay dios mio 👉👌💦,,🚢 Casa Central
2/4/2026 16:14:48,"Porque los chicos de ayudantías son tan poco profesionales para hacer cosas de ICOM se salvan dos ,los demás ni un brillo",,🚢 Casa Central
2/4/2026 18:54:27,"Esto va pa la maraca que hace unos meses termino su relación, deja de recalcar que estás soltera en ig creeme que a nadie le importa, te pegas una película solo para enaltecer tu ego, se nota que buscas atención y a cada oportunidad te exhibes de forma que ni tiene gracia, casualmente en relación pasabas por alguien normal pero paso bastante para un mínimo de reconocimiento del muchacho en tus historias, y ahora es siempre lo mismo y no impresionas, sería mejor que compartiras gustos que al menos alguien le interese o coincidan, no tus caprichos o la cagada de humor que solo hace hablar de ti como pretenciosa o prototipada, se nota que sales de las redes y tienes la misma labia que un palo, así hasta el wn más penca a la larga se aburre o prefiero alguien genuino. hablo dios rey 🥚",,🏫 Vitacura
2/4/2026 19:14:21,Quien pa cular en los baños de discapacitados ,,🏖️ Viña del Mar
2/4/2026 22:50:59,Quién cuenta el chisme del cambio de nombre de GeekUSM?,,Ex alumno
4/4/2026 0:05:12,Y si suben alguna confesion?,,🏖️ Viña del Mar
4/4/2026 9:59:17,El nacho mella es entero pastelito no caxa ni una con una mujer ,,🚢 Casa Central
4/4/2026 10:18:28,Diego serrano vuelve porfa,,🏫 Vitacura
4/4/2026 16:26:02,"Propongo dejar de emplear nuestras funciones como ayudante hasta que se hagan efectivo los pagos. He mandado correo, he hablado con un sin fin de personas que deberían estar a cargo o al tanto de la situación, y la única respuesta que consigo es que no tienen información. Y para que hablar del apoyo de la federación y los centros, andan preocupado de cuando viene red bull nomas 🤡",,🏫 Vitacura
4/4/2026 18:29:46,Gente culia tibia weon nos hacen cagar con los aranceles y bajan los beneficios,,🏛️ San Joaquín
5/4/2026 8:04:31,"Mechones de mierda son lo peor que tiene la universidad, acaparan todo, hacen show por todo, y aparte después se echan los ramos de primero? ojalá llegue mitad de semestre para no hacer una fila de 20 minutos ",,🏛️ San Joaquín
5/4/2026 11:25:22,"La señora Claudia, que hace el aseo, tiene las medias tetas",,🚢 Casa Central
5/4/2026 11:27:19,"Si las minas exigen weones altos, tulones y con plata, es justo que los hombres exijan tetonas, culonas o flacas, y no vengan con la wea de la personalidad porque eso solo se lo aplican a los hombres",,🚢 Casa Central
5/4/2026 11:29:20,"Gente, esa wea que dicen que en la U se hacen contactos para cuando egreses, es mentira gente, no crean esa wea, las únicas pegas que se consiguen por contacto son por sueldo mínimo y no relacionados a tu carrera, no crean todo lo que dicen",,🚢 Casa Central
5/4/2026 15:06:58,"Hay tantos weones locos en esta u. Están advertidos, mechones. Entre más pasas en esta u, más trastornado te pones y muchas veces es culpa de los profesores. Y para las minas, a la mayoría de weones aquí no les han dado ni siquiera un kiss en su vida, así que te van a estar persiguiendo mucho. ",,🏛️ San Joaquín
5/4/2026 15:49:36,Aquí hay mucha gente loca y desesperada por pasar el ramo ,,🏛️ San Joaquín
5/4/2026 21:41:42,"Me gusta una de mis ayudadas de álgebra y geometría, me flecho al tiro y me quedé para dentro cuando la vi. Como la puedo conquistar siendo un weon de septimo?",,🏛️ San Joaquín
5/4/2026 21:43:45,"Lo sentimos. Ha superado el límite gratuito de confesiones. Por favor, pague una suscripción para continuar.",,🏛️ San Joaquín
5/4/2026 21:44:18,Qien para una pelea de espadas en los baños? Quiero ver quien la tiene larga,,🏛️ San Joaquín
5/4/2026 21:45:24,A mí me dijeron que no habían tantos comunistas aquí y me mintieron,,🏫 Vitacura
5/4/2026 21:46:34,"Esta llena de pokemones mi carrera wn, debí creer a lo que me decían e irme a otra carrera",,🏖️ Viña del Mar
5/4/2026 21:55:09,en saturnoo viven los hijos que nunca tuvimos ❤️‍🩹,,🚢 Casa Central
5/4/2026 21:55:39,Añaden un chatbot al siga en vez de arreglar el siga son super weones los de la u ,,🚢 Casa Central
5/4/2026 21:58:10,"Oye, encuentro el colmo que se celebre porque el 30% de la U son mujeres, pero no te puedan regalar una puta toallita higiénica con lo que uno paga de arancel y matrícula weon. Hasta mi liceo público me regalaba la weá",,🏫 Vitacura
5/4/2026 22:05:09,"No quiero ser malo, ni criticar a los psicólogos de la u pq se que igual hacen su pega.
Pero encuentro muy penca también su forma de atender, al menos la q a mi me toco, una wna que hacía puras caras mientras yo hablaba, como reaccionando a lo que yo decía, que es normal, pero me hacía sentir mal y me quedaba callado. Por lo que yo sé, los psicólogos deben mantener una expresión profesional y no reaccionar con expresiones faciales. Pero bueno, desde mi perspectiva, son medios malos o quizás yo soy el Weon pesado ",,🏛️ San Joaquín
5/4/2026 22:06:28,"el wn de minion, pta el wn exquisito 🔥🔥🔥",,🚢 Casa Central
5/4/2026 22:07:22,"El que estaba vestido de miniom en las alianzas 🤤🤤🤤
",,🚢 Casa Central
5/4/2026 22:14:16,"Admin pónganse las pilas, nunca suben las conf. La mía ta tira por ahí 😔
Igl gracias por brindarnos tremendas obras de arte que salen de la mente de los sansanos",,🚢 Casa Central
5/4/2026 22:16:31,Yo les conosco los labios a todos los ingecos  Att: Joaquín Coiro 😘,,🚢 Casa Central
5/4/2026 22:24:50,"Dejaron la pura caga en el c. La pintura nueva es horrible y las salas qlias son súper feas, no pegan con la estética de la u. Además que las sillas que pusieron son una mierda, y los auditorios nuevos tienen pizarras de 5 metros de altura, como si el profe qlo se fuera a subir al techo para hacer la clase. Ahora la wea se parece a la unab, y además gastan plata en esas weas, en vez de comprar confort para los baños. ",,🚢 Casa Central
5/4/2026 22:25:10,"Hrmno no es de malo, de vrda, pero los de ing civ fisica son muy raros wn, pero eso raro de mal, no por gustos, sino por actitudes q vi y q repugnan 😬",,🚢 Casa Central
5/4/2026 22:28:29,"Admito que hace tiempo hablaba con un wn de ingeco el cual me contó una wea bien desagradable sobre que le hace a los conejos muertos y el placer que le da, apenas me contó eso lo bloquee porque yo tuve conejos de mascotas y que te digan eso quedas mal pero a cagar
PD: fue antes de entrar a la usm, el está en la cc y yo en la de viña",,🏖️ Viña del Mar
5/4/2026 22:31:14,Me dijieron que iban aver femboys y aun no veo niuno😔,,🏖️ Viña del Mar
5/4/2026 22:41:12,Impriman más confesiones,,🏛️ San Joaquín
5/4/2026 22:42:56,"Los que usan la sala del g 205 a las 8 ,dejan la sala pasa a sobaco todas las semanas, minimo abrir la ventana o bañarse porfa ",,🏖️ Viña del Mar
5/4/2026 22:59:06,"Para el de la 25:32
Hay una regla, después de abril/mayo (primeros certámenes), todos empezamos a llevar los pantalones con cinturón y no a media raja",,🏖️ Viña del Mar
5/4/2026 23:02:42,SIGAN @GEEKIEUSM DEJEN DE SEGUIR A @GEEKIE_CL ,,🏛️ San Joaquín
5/4/2026 23:07:03,FAKING PAGUEN CHUCHETUMAREEEEEEEEEEEEEEEEEE,,🚢 Casa Central
5/4/2026 23:13:21,"Soy informático, hago deporte, me baño, no juego al lol y no me gustan menores.
Hagan sus preguntas ",,🏖️ Viña del Mar
5/4/2026 23:13:42,"A veces siento que endiosan mucho al Carlisho por estar en todo, y si bien se agradece que este alguien para ayudar a veces se le olvida que esta ahi para ayudar, cosa que (al menos yo) le dije, cuando por un grupo donde se supone que teniamos que pedir ayuda le pedi ayuda (y unos 4 más) y a pesar de decirle varias veces no nos pesco y por el grupo estaba hablando de un juego con otro tipo xd",,🏛️ San Joaquín
5/4/2026 23:32:58,hay un morenito casi haitiano rico mechon de metalúrgia uff siento cosas cuando lo veo y lo ví en el Woo más duro que infancia en Vietnam uff,,🚢 Casa Central
5/4/2026 23:38:23,"Pa los weones que ocupan los baños del k, como pueden ser tan cochinos?
Wn como tan inconscientes 
1) hay personas que tienen que limpiar 
2) me imagino que en sus casas serán igual
3) ¿ No les molesta tener que entrar a un baño y que esté todo sucio?
Gente al váyanse a la chucha",,🏛️ San Joaquín
5/4/2026 23:46:57,"Si tienen la oportunidad de estudiar en Vitacura, pierdanla, San Joaquín es infinita mente superior, primero súper difícil llegar, segundo, apenitas hay 2 kioscos dentro de la U y el sector es horripilante, con cuea hay un Unimarc a 15 minutos y tercero, lleno de flaites y todos adictos al vaper, en San Joaquín al menos no era tanto como acá, es impresionante.",,🏫 Vitacura
5/4/2026 23:50:48,Oe los ingecos no saben ni sumar los fraksaos qlos se creen la gran wea y son carrera inventada pa purs jiles los perkines klos,,🚢 Casa Central
6/4/2026 0:14:16,"Me carga ver a esta gente que jura que las minas deben ser sumisas y wea, osea si tú apelas por lo fácil y quieres una mina fácil sin ser mucho o sin creerte que eres mucho pues vas a encontrar pura basura, ponte vio, está bien querer amor pero no está bien perseguirlo, es más, el hecho de que busques algo que esté disque por ""debajo de ti"" automáticamente revela la inseguridad de que algo te supere o se muestre mayor a ti y eso tampoco está bien, vayamos trabajando las inseguridades porfa que para algo estamos, nadie te va a molestar por querer ser mejor pero sí por hecharle la culpa a los demás por lo que tú no eres.

Un abrazo.

Chau.",,🚢 Casa Central
6/4/2026 0:15:17,"Hay un chico moreno de 1,70 maso menos de lentes que se llama Gianluca y está como en cuarto o quinto año y es demasiado minoooo pero no sé cuál es su ig ",,🏛️ San Joaquín
6/4/2026 0:24:45,USM be like:,https://drive.google.com/open?id=1_rS07wYXe-LI7biLEUCLDCkrXo9be6rl,🚢 Casa Central
6/4/2026 0:24:56,suban todas noma q importa si son chistosas ,,🚢 Casa Central
6/4/2026 0:27:28,"Hay una chica de plan común que se me hace muy linda, tiene el pelo tipo naranja y la he visto con polera de misfits y de my chemical romance, su estilo es muy bkn y casi siempre la veo acompañada de una amiga suya. Me gustaría tener su ig pero como siempre anda con la amiga me da vergüenza...",,🏛️ San Joaquín
6/4/2026 0:28:41,Pongan un teleférico en el P 🗣️,,🚢 Casa Central
6/4/2026 0:29:47,"Hola soy el que puso la funa de la confe 2507, voy a poner todo como un copia y pega q ise en algunos comentarios de esa publicación ""hola, es raro pero yo soy el que puso la funa, el cabro se Ilama Miguel, es mechón en informática si no me equivoco en casa central, es negro, narigon y es tamaño promedio chileno osea como 1.73, lo acuso con esta funa xq anda pololiando con una cabra d 14/15, no suena raro pero todos sabemos que el no está con ella x amor si no x otra wea y creemos q la obliga a tener relaciones porque sus acciones son obvias cuando los veian juntos (no eran apegados) sabemos que terminaron xq ella no quería eso más y el la insistía, no quiero que salga tan afectado en su primer año  pero el es tremendo hijoperra con ella y también con su mama."" Me cargan los weones así porq conozco a una cabra q le paso eso mismo con otro weon y no paso justicia, espero que con esto se aga algo.",,🚢 Casa Central
6/4/2026 0:34:57,"Ola, mas que nada queria decirles que existe USM Games y vamos a empezar a hacer un jueguito open-source por si a alguien le interesa meterse a la comunidad (da lo mismo de que sede seas) :>

Cualquier cosita al instagram: @usmgames",,🏖️ Viña del Mar
6/4/2026 0:57:01,"Pasen tips para hablar con la gente y socializar, soy mechón y tengo un amigo con wea",,🚢 Casa Central
6/4/2026 1:13:25,"Para la 25:41, desde cuándo carlisho ya no esta en la u :0?
Además exactamente quién es carlisho? a cada rato veo que manda cosas en grupos pero pocas veces le pongo atención",,🚢 Casa Central
6/4/2026 1:15:29,"Del 25:42 lo único que es verdad es que es autista.
Ni Santa Isabel conoce a este tipo 🗣",,🚢 Casa Central
6/4/2026 1:20:27,El 2024 me confesé a una mina a los pocos meses de conocerla para sacarme el sentimiento de encima pero tiempo después empezamos a ser mas amigos y ahora hablamos más y jugamos mucho. Yo ya acepte que quedamos como amigas porque no es de las personas que cambié de opinión con esas cosas pero aún así me da lata... No tengo problema con seguir siendo amigas pero tengo que aprender como sacarla de mi cabeza conservando la amistad porque genuinamente me cae bien :(,,🏫 Vitacura
6/4/2026 1:43:22,"Sumandome a la confe 2515 me siento de la misma manera al conocer estudiantes de ambiental que votaron por kast, onda que poco compromiso a tu carrera y convicción debes tener para votar por quien literalmente en su campaña quería quitar toda prioridad al medioambiente y cuando sacaron los 43 decretos 0 reacción, que manera de cuidar la pega",,🚢 Casa Central
6/4/2026 1:50:37,"En que brillante cabeza de los administrativos de esta U ql se les ocurre que es buena idea poner 6 microondas en una sala cagona del P que con mucha cuea cae 20 personas y dejar al central sobreviviendo con 2 microondas y 1 de adorno, y el mismo casino P que con cuea funciona 1, en su mente quedaba la raja ",,🚢 Casa Central
6/4/2026 5:30:34," Lo de los comentarios de hate al Carlisho no lo entiendo. En vola me falta lore, pero yo lo imagino como un rarito con la buena fe de ayudar a otros raritos. Es mejor que el y toda esa ""comunidad"" exista, a que haya gente de 1er año sin saber donde está parada (que después igual anda medio perdido uno, pero eso ya es cosa aparte).",,🚢 Casa Central
6/4/2026 7:27:27,"No admin, no eres un estudiante administrador de una pagina de confesiones, eres un administrador de una pagina que estudia, asi que revisa tus deberes y sube las confesiones >:c",,Anal-landia
6/4/2026 7:47:21,"Somos enteros perkines los de Vita, aguante San GOAtín.",,🏫 Vitacura
6/4/2026 8:13:02,"Recibo ayudantia de un chico que se nota que lo hace con muchísima vocación, con ganas de enseñar y buena disposición, pero no se le entiende nada. Me siento mal por no prestarle atención, pero si le presto atención me pierdo más equisde",,🚢 Casa Central
6/4/2026 8:14:35,saquense un carrete temática fortnite 🔥🔥🔥🔥🔥🔥🔥🔥,,🏛️ San Joaquín
6/4/2026 8:19:03,"Paguenle luego a los ayudantes po, si no, tocó tomarse la u 🙏🏼✋🏼(denme vacaciones)",,🚢 Casa Central
6/4/2026 8:32:58,"oe dejen d webiar al carlisho, el es el único q d rial quiere ayudar y ustedes son más weones pq lo único q hacen es comentar weas, hagan la misma labor d él y con la misma dedicación y ganas d ayudar, aer si se la pueden. ",,🌳 Concepción
6/4/2026 8:45:55,"Quien se meta con carlisho o con la matrix se mete con la usm sj !!!! Gracias a un grande yo sigo en la u.
Si carlisho tiene 1000 seguidores yo estaré entre ellos. 
Si carlisho tiene 10 seguidores yo estaré entre ellos 
Si carlisho tiene 1 seguidor yo soy ese
Y si carlisho ya no tiene seguidores es porque yo ya no estoy en este mundo",,🏛️ San Joaquín
6/4/2026 9:04:52,UNIVESIDAD QL WENA ME LOS PASEO A TODOS HASTA A LOS PROFE (Soy mechon),,🚢 Casa Central
6/4/2026 9:18:29,la experiencia mechona de salir qn alguien de la carrera la recomiendan ono?,,🏛️ San Joaquín
6/4/2026 9:36:28,buscando gente de la u que escuche sticky m.a 🙏,,🚢 Casa Central
6/4/2026 9:57:43,Profesor Marcelo rojas clases klias más aburridas que funeral ,,🏖️ Viña del Mar
6/4/2026 10:08:51,"Ya que estamos con lo del carlisho, no entiendo porqué sigue haciendo lo de los grupos y el almacén, lo hecharon de la u por enfocarse demasiado en eso, esta bien que sea poco individualista pero wn te estas cagando tu futuro así, mas cuando es una pega no remunerada, pesada y los años pasan.",,🏛️ San Joaquín
6/4/2026 10:27:06,"Y si en vez de tirarse mala con todos, hacen algo vio de pasar tutorial de como conectarse al Eduroam??? ",,🚢 Casa Central
6/4/2026 10:46:18,"hay un  rusio con lentes , creo que  de mecánica automotriz , que se rodea de puros nerd se nota que pasa el chico para las notas pipipi (que pase el dato)",https://drive.google.com/open?id=1tyf7h6vaMtE8BNn1C_IT--Q-HmMo6JTs,🏖️ Viña del Mar
6/4/2026 10:50:49,Me gusta una con pololo no me importa pintarme las patas ,,🚢 Casa Central
6/4/2026 10:56:26,"No pasa nada en la sede de conce, puro informatico autista, y metaleros poseros porfa hagan algo por la mera entretencion del publico ",,🌳 Concepción
6/4/2026 10:58:12,"Tengo una teoría muy acertada. Es impresionante como todos los funcionarios de la u parecen odiar a los estudiantes. Partiendo de los del aseo, los de la cocina y hasta los de relaciones estudiantiles. Nose si odian su trabajo o nose, porque todos los acercamientos que e tenido han sido como el pico. Y eso que e sido amable. Que alguien confirme mi teoría. ",,🏛️ San Joaquín
6/4/2026 11:07:32,Al martín de mecánica automotriz le encanta tocar pitos a lo loco,,🏖️ Viña del Mar
6/4/2026 11:09:20,"Pal tipo que cree que su vida es un anime: 
Deberias pararte frente a un camion para ver si te teletransportas a un mundo de fantasia.",,🚢 Casa Central
6/4/2026 11:09:24,Me da risa que la gente casi crucifica al sonic por autismo y al Carlisho lo aman aunque sea tremendo autista y que andan por ahi,,Anonimo
6/4/2026 11:21:50,"Impriman hombres lindos, o minimo simpáticos, no se pueden dar el lujo de ser feos y pesados 😞",,🏛️ San Joaquín
6/4/2026 11:26:23,Ingeniería Comercial es una carrera espiritualmente israelí,,🚢 Casa Central
6/4/2026 11:26:47,"soy informatico, me gustan las menores. que hago? 😭😭",,🚢 Casa Central
6/4/2026 11:38:02,"Le dí la oportunidad a un informatico... es mejor estar sola, no sirven xd.",,🚢 Casa Central
6/4/2026 11:39:11,"por qué la gente visiblemente autista corre asi por todo el campus? y corren de una manera muy especifica, es como que tambalean. de la manera menos capacitista posible",,🏛️ San Joaquín
6/4/2026 11:41:34,primero no nos dan credecial y ahora no funciona el qr pa entrar :v,,🏛️ San Joaquín
6/4/2026 11:43:26,"Al wn de la 25:30 lo conozco, había congelado ese saco wea
Exterminen a todos esos enfermos culiaos, el Dan Schneider chileno ctm",,🚢 Casa Central
6/4/2026 11:50:41,"Weón, de verdad, mis respetos a los que estudian en la sede Vitacura.

El semestre pasado tuve que ir a una clase a esa sede y es horrible lo chica que es, aparte de estar súper lejos de todo, parece un colegio.

Yo cacho que me hubiese matado al primer semestre de estar teniendo clases ahí.",,🚢 Casa Central
6/4/2026 11:53:23,Franco tapia xupalo pdflo,,🏖️ Viña del Mar
6/4/2026 11:54:29,"Un amigo mío (empieza con J y termina con oaquin), está buscando polola por favor difundan ",,🏛️ San Joaquín
6/4/2026 12:54:32,"Soy mechon, den contexto de quien es el calisho",,🚢 Casa Central
6/4/2026 12:59:00,Wn soy mechona y hay un aweonao en mi paralelo de progra q huele muy mal wn obvio nadie se lo diría pero huele tan fuerte q el otro día tuve q salir antes de la sala para no vomitar amigo porfa hacemos un favor a todos 😭😭😭,,🚢 Casa Central
6/4/2026 13:07:38,"Nunca imagine ver hate hacia el carlisho, ya no hay temor a dios, gente desagradecida el carlisho esta al mismo nivel que little caesars ",,🏛️ San Joaquín
6/4/2026 13:20:47,"Por qué nadie habla del súper nerfeo del internet con cuea funciona internet explorer
FUCK EDUROAM ",,🏛️ San Joaquín
6/4/2026 13:46:16,Mi compañero de laboratorio no me ayuda en nada y me tiene harta (soy del paralelo 20 pero no dare nombres por respeto) que se puede hacer en ese caso?,,🚢 Casa Central
6/4/2026 14:01:28,"No veo el problema en que alguien quiera orientar y compartir info. Si aporta y no perjudica a nadie entonces de qué se quejan.
A varios les sirve tener esa guía cuando recién empiezan. Las críticas parecen más ataque a lo personal que a sus acciones.",,🚢 Casa Central
6/4/2026 14:30:00,"Wn discutir con Carlisho a esta altura del partido no sirve de nada porque ahora es el último sansano con material de la USM y si le da la wea podría cortarlo y allí se arma la mea protesta afuera de casa central. Y para peor, cada discusión les dan la razón a el de que el sansano es detestable y que somos una manga de cabros chicos, y que eso de la matrix es para puro que el salga adelante que nosotros porque es su carta de presentación ante las empresas como su habilidad blanda. Resumen: ESTAMOS CAGADOS!!!!",,🏛️ San Joaquín
6/4/2026 14:32:23,"No soy de la u pero hay un weon de técnico de electronica que está súper funado, tocó a una chica en estado de ebriedad sin su consentimiento y con varias de sus ""amigas"" les ha insistido para ir a su casa, a una chica la siguió en el metro y le saco fotos, se tiene como benyi en el ig",https://drive.google.com/open?id=1g3W3oQmaz_Y6et9nGLP76ZE2XMpQbX7f,🏖️ Viña del Mar
6/4/2026 15:35:46,Entonces no hay pedofilo en la sede viña? Hay un wn que es medio raro ya me tiene sicoseada como es conmigo y ver el post de que hay uno aquí peor aun si es mi mismo dpto. :(  Helpme no se como hacer que me deje de hablarrr jajajaja no le basta con que sea pesada o no le contesteee no se aburre el kl ,,🏖️ Viña del Mar
6/4/2026 15:53:15,Por qué todos los culiaos de la biblioteca son tan pesados weon,,🚢 Casa Central
6/4/2026 16:00:33,"la sede qla de viña no hace ni una wea entretenida, está muy olvidada en ese aspecto igl",,🏖️ Viña del Mar
6/4/2026 16:45:06,"Soy mechona, y la verdad me parece sorprendente la cantidad de mala onda que tiran otros mechones. Para las semanas de iniciación buscaban gente de otros años para pelar, le tiraron caleta de mierda al carlisho cuando era el único que se dignaba a ayudar porque la universidad no respondía nada. Tratan de raros o tea a cualquiera que no tenga los mismos gustos y por eso la mayoría quedo en grupos super chicos pq decidieron que todos eran raros menos ellos XD",,🏛️ San Joaquín
6/4/2026 17:19:25,"No voy a decir a cual confe me refiero. Creo que no es necesario, total está claro a cuáles me refiero.
Me da risa ver cómo hay gente que se queja de Carlisho que ""se cree un dios"", que si ya no está en la u, que se las da de no sé que...
Hmno, no veo a nadie más haciendo grupos para las sedes y campus, haciendo grupos de wsp por carreras. No veo a nadie haciendo grupos para dar avisos de información publica que muchas veces no llega a todos si no fuera por esos grupos. No veo a nadie haciendo grupos para ayudar a los mechones que llegan con dudas a la u que la misma u es super penca para responder o para dar instrucciones claras. Y no veo a nadie quejándose del almacén camello, que ayuda a tantos a estudiar.
""Pero si ya ni está en la u"". Y aún así hace mucho más que la propia U por orientar a los estudiantes de nuevo ingreso.
Eso tiene nombre. Y se llama ""envidia"".",,Matrix enjoyer
6/4/2026 17:29:38,Croissant con mosca xd,https://drive.google.com/open?id=1NXwiUEDnEqvsIz9GbPjDdf-WJrHZlUV2,🏫 Vitacura
6/4/2026 17:33:26,Que onda los telematicos son extraños conoci a 2 y fueron super malos conmigo ns si eran mechones pero que asco que traten asi ,,🚢 Casa Central
6/4/2026 18:17:15,Hay un weon que se apellida collao en metalúrgica que siempre anda de la manito con su compañero parecen pollos en Vola se afirman las tulitas al mear ,,🏖️ Viña del Mar
6/4/2026 18:23:54,que es esto??,https://drive.google.com/open?id=1_mt3-CBimaIgvgtxvI-LE-2XNfZPJtL3,🚢 Casa Central
6/4/2026 18:27:43,Yo opino que los ayudantes a modo de protesta den 100 a todos los controles que evalúen ✊,,🚢 Casa Central
6/4/2026 18:52:11,Un amigo con pololo le fue infiel conmigo varias veces. Suben weas super amorosas a redes sociales y cuando nos juntamos se pone a juzgarme a mí por cualquier weá y me tiene chato. Lo delato?,,🚢 Casa Central
6/4/2026 18:59:26,La mayoría de rubias de la sede de viña son bastante bonitas ,,🏖️ Viña del Mar
6/4/2026 19:01:12,llena de comunistas esta caga de u,,🏫 Vitacura
6/4/2026 19:01:38,Las que son goticas digan presente ,,🏖️ Viña del Mar
6/4/2026 19:05:42,Hola,,🚢 Casa Central
6/4/2026 19:07:11,Alguien que sea tan de Godzilla 😿,,🚢 Casa Central
6/4/2026 19:07:47,"No soy de la universidad y nose si la persona vea esto..  Pero tuve un amor de micro y el chico se bajó en una usm de paso hondo.... Hasta me hizo Chao y se quedo mirándome, íbamos en la 101....si ves esto porfavor házmelo saber 🥹 ",,🏖️ Viña del Mar
6/4/2026 19:12:05,"Webean caleta al carlisho, pero no veo a ni un wn haciendo lo que haga él, mucho texto poco acción",,🏫 Vitacura
6/4/2026 19:29:25,tanta mina rika y uno docente ,,🚢 Casa Central
6/4/2026 19:47:38,"cuando sera el dia que todos los cee  y la federacion se motiven y revivan cerrito de una vez por todas, para que todos tengamos un espacio pa webear un rato hace falta de vez en cuando, su dj copete yerrra
",,🏛️ San Joaquín
6/4/2026 19:49:58,Estaré vendiendo brownies 🍀 interesados escriban coment:))),,🏖️ Viña del Mar
6/4/2026 20:05:45,"Lesbianas de la U, reportense, quiero conocer a mi princesa y tratarla lindo, regalonearla y que seamos una pareja de ancianas que duermen siesta a las 4 de la tarde 😔",,🚢 Casa Central
6/4/2026 20:14:35,Como que el weon vestido de minion no era el milcito,,🚢 Casa Central
6/4/2026 20:32:09,"Hrmno q chucha tienen las confesiones de quejas con el Carlisho. No les ha hecho nada, deberíamos darle las gracias por todo el trabajo que ha hecho por nosotros(estoy seguro que de no ser por el ni siquiera tendríamos una comunidad bien establecida y muchos mechones estarían bien perdidos), no andarlo pelando, eso habla más de ellos q de el ajsjsjjs mejor vayan a estudiar",,🏛️ San Joaquín
6/4/2026 21:01:59,"ABRAN LOS BAÑOS DEL KS2 POR LA MRD, UNO QUIERE KGAR",,🏛️ San Joaquín
6/4/2026 21:04:59,A ver veo q salieron muchos zurdos hablando weas espero q no sean de esos q les gusta quemar cosas y tirar piedras y después cuando los atrapan dicen ay mi ojito ,,🏛️ San Joaquín
6/4/2026 21:18:59,"Me caen mal los de comercial pero quiero el ig del q jugo hoy futbol, era el unico tatuado, mi gusto culposo :(",,🚢 Casa Central
6/4/2026 22:13:21,"Hoy en el certamen de mat270 hubo una tipa que se la pasó preguntando al ayudante, y el wn iba y le respondía cada una de esas veces, por qué no mejor le hacía el certamen también 🙄?",,🚢 Casa Central
6/4/2026 22:19:05,"hay un wn de ELO pedófilo, creo que es de 4to o 3ero",,🚢 Casa Central
6/4/2026 22:52:59,"A todas les gusta la serie YOU, pero cuando duras 18 segundos no te buscan mas 😶‍🌫️",,🚢 Casa Central
6/4/2026 23:01:48,"Creo que soy de quien esta hablando la confe 2515 asi que esta es mi querida respuesta, espero la disfrutes 💕
Encuentro muy chistoso que te hagas la tolerante pero no toleres que alguien piense distinto a ti. Es super basico que intentes encasillar mi pensamiento solo por mi orientación, y creo que asumir eso es mucho más discriminador que ser de derecha. Si te picas por un voto a Kast, mejor ni te digo que en primera vuelta voté por Kaiser. No seas tan dicotómica linda. Saludos 🥰",,🚢 Casa Central
6/4/2026 23:15:35,"Siempre quize ser como joseph, pero cada vez desearia no serlo, hola, soy ______, y esta es mi historia",,🚢 Casa Central
6/4/2026 23:35:36,Parece que la solución a la falta de espacio y los pagos atrasados es mudarnos todos al metaverso; lástima que en la realidad los problemas no se solucionen con un click🥸🫪 chatgptOGN,,🚢 Casa Central
6/4/2026 23:41:06,Poco se habla del METAVERSO que hicieron para ADMISION y los millones que se gastaron en este proyecto. Cuanto habran ganado los profesores/academicos que fueron parte de esto?  GON🫪🥸 ,,🚢 Casa Central
6/4/2026 23:56:26,"En respuesta a la 2530:
Pedofilo y fetiche de pies? suena a jugador de Blue Archive xdxdxddxd
Yo también lo juego xd y tambien soy de... idp... 
...
wait...

(fuera de chiste el juego esta piola, la mejor waifu es Wakamo, no leo lloros)",,🚢 Casa Central
6/4/2026 23:56:58,"A veces pienso que pasará cuando el Carlisho ya no pueda administrar la matrix sansana, quien será su sucesor, esta comunidad tan grande que ha armado es poco probable que lo replique otra persona",,🏛️ San Joaquín
6/4/2026 23:57:42,"ME MOLESTA! Me molesta que se sigan PERDIENDO ESPACIOS de nosotrxs ls ESTUDIANTES. El espacio del patio central, si bien no era tan concurrido, ls sansanxs usaban ese lugar, na que ver que se lo ENTREGUEN a ADMISION... Al menos pregunten a ls estudiantes O🥸N🫪G",,🚢 Casa Central
7/4/2026 0:41:12,Todo épsilon tiene su delta,,🏛️ San Joaquín
7/4/2026 0:50:10,"La Sofia de lentes del centro de alumnos de mec ha estado con 300 locos de su carrera y de otras carreras, cómo lo hace locoooo yo igual quiero",,🚢 Casa Central
7/4/2026 6:18:59,"Pense que el departamento de fisica era el peor departamento del mundo, pero el de quimica la cago",,🏛️ San Joaquín
7/4/2026 6:19:45,a mi me tinca q el admin es el carlisho siono,,🚢 Casa Central
7/4/2026 6:32:35,El minion que estaba entero pintao más riko 🔥🔥😋,,🚢 Casa Central
7/4/2026 6:39:07,"Soy sansano y soy tea 
hagan sus preguntas ",,🚢 Casa Central
7/4/2026 8:40:35,"Carlisho es goa, pero igual es de esta parte de estudiantes que inmortaliza la mediocridad a no cuestionar nada de la u, haciendo un mundo por fuera de ella, cuando es claro que ellos deberían estar encargandose de estas cosas. El ""mano, no esperen nada, es la USM"" no debería ser excusa pa quedarnos callados. Si la directiva siempre pega el portazo pa mantener alguna wea con el g9, puta, de que nos sirve mantener convenios entonces? De adorno?",,🏛️ San Joaquín
7/4/2026 9:40:43,"Soy robótico y mecatrónico, y si, nosotros si nos ensuciamos las manos cuándo trabajamos",,🌳 Concepción
7/4/2026 11:01:52,"He oído tanto del ""Sonic"" y no más sé que es un tipo vestido así de Sonic, pero pq está tan funado? Le pregunté a mis compañeros y padrinos y ninguno me responde xd solo me dicen que está funado, quisiera al menos un poco de contexto 😞",,🏛️ San Joaquín
7/4/2026 11:16:33,Que onda en esta U hay demasiada gente migajera amigo ten amor propio porfa,,🏛️ San Joaquín
7/4/2026 11:51:07,El weon que se la echó porque dijeron que los hombres eran feos debe ser entero feo jajajaja se la echó al tajo,,🏛️ San Joaquín
7/4/2026 13:06:29,Me he comido a todos mis compañeros comerciales Att: Joaquín Coiro 🥰😝,,🚢 Casa Central
7/4/2026 13:16:28,Quiero ahogarme en un par de tetas,,🏖️ Viña del Mar
7/4/2026 13:17:56,ke pasa si te pillan follando en los baños ajajsjsd no porque lo haya hecho o nada 👀...,,🚢 Casa Central
7/4/2026 14:27:25,"Como persona que recién empezó a ir al gym de la U, me siento intimidado de tanto gymrat, siento que me juzgan con la mirada",,🏛️ San Joaquín
7/4/2026 14:36:26,"el admin k le respondió al de la 2577 se la echó brigido,pa k eri admin de una cuenta de confesiones si no tiene ni tiempo ni ganas pobrecito se va a poner a llorar el kl, busquen nuevos admins si les molesta ser admins y subir confesiones a una página de confesiones",,🚢 Casa Central
7/4/2026 14:46:26,"Hay un niño medio negrito que es de la carrera de mineria y metalurgia, es muy guapo siempre anda con varios niños y una niña creo que es de Quillota me podrían pasar el ig ",,🏖️ Viña del Mar
7/4/2026 15:20:59,el matías de ingeco no estaba denunciado por acoso??? 🤔🤔🤔🤔,,🚢 Casa Central
7/4/2026 15:22:12,alguien activo con su 🚂🚂🚂?? ,,🌳 Concepción
7/4/2026 15:31:50,"Como se conoce gente en esta universidad, soy medio pollo y casi nunca cacho donde esta o con quien ir, pero de verdad que no se. No se jugar a la pelota o algo como funciona todo eso? A quien debo preguntar? O los clubs o cosas asi ni idea, no entiendo nada, pero de verdad ya mi segundo año y de verdad necesito conocer gente.",,🚢 Casa Central
7/4/2026 15:51:41,"El otro día estaba buscando sala pa estudiar y entre a una que tenía las luces apagadas (p108 creo), a la hora de almuerzo y parece que alguien estaba almorzando salchicha y se atoro con el susto el compare, pa la otra sean más piola pos wns",,🚢 Casa Central
7/4/2026 16:09:55,"Me da rabia que sean tan indiferentes frente al contexto político del país, entiendo que al ser universidad privada no se involucra mucho en ese tipo de cosas pero no entiendo cómo es posible que les de lo mismo a este nivel, está la embarrada y otras universidades se han manifestado pero acá ni siquiera parece haber centro de estudiantes ni un mínimo de organización estudiantil en ningún sentido. Que tonto ser universitario y ser apolítico, ya los quiero ver cuando les quiten la juna xd ",,🏖️ Viña del Mar
7/4/2026 17:44:47,Alguien sabe quien es el scw qué diseño el sistema de la u? Porque me hizo cagar de la peor forma ya que recién me añadieron a la 2da semana de clase y resulta que no tenía todos los ramos ni las clases practicas y por culpa de eso empecé con 4 ceros en tecnología de los materiales,,🏖️ Viña del Mar
7/4/2026 20:17:05,"Hay comunidad queer en san joaquin o noo, donde están los wecos y las lelas",,🏛️ San Joaquín
7/4/2026 20:26:14,"Soy mechón pero tengo que admitir que me sorprendieron lo detestables que son los de informática, dejan la sala pasada a ala, los mouse y teclados sudados, literalmente solo hablan de LOL y no se por qué tienen una fijación con las menores…..

Necesito una respuesta urgente de alguien de esa carrera.",,🚢 Casa Central
7/4/2026 20:34:24,"Yo y un amigo estamos listos pal trío 😳😳😳
",,🚢 Casa Central
7/4/2026 21:09:28,"Me gustaria saber el instagram de la chica que me pregunto cuanto costaban los galletones y que le dije por quien vote ajsjdj estabanos en el kiosko por el lado de la cancha de fútbol.
La chica usaba lentes, estaba con una polera gris y unos lentes de color rosado/morado.",,🏛️ San Joaquín
7/4/2026 22:45:15,Se viene paro usm?,,🚢 Casa Central
7/4/2026 23:23:14,"Al wn de la confe 25:42 lo conozco JAJAJAJ
es un weon de informática pero no cacho si es de mi sede. Se llama Alexander y literalmente nuestra primera interacción fue de él presumiendome que estaba en la libertad de estacionarse en el estacionamiento de discapacitados porque tenía una tarjeta de identidad TEA, y lo peor es que lo presumía wn
XDDDDD el qliao raro.
es que de verdad, es todo un chiste.",,🏖️ Viña del Mar
8/4/2026 1:40:43,he pensado en manchar las paredes del baño con caca 💩💩💩,,🚢 Casa Central
8/4/2026 8:08:18,"Oye que onda? Tengan un mínimo de decencia po, de cagados la compañera no le hizo los sentones ahí mismo",https://drive.google.com/open?id=1KHjBy9QTTnAqhYv_XJbgnRiEHM7YibQC,🏛️ San Joaquín
8/4/2026 10:56:39,"Lo de la salud mental se lo pasan por el poto en ésta universidad, encuentro ilógico que hagan tanto spam al correo con frases motivacionales y que no se qué, Pero todo lo que hacen va súper encontra de la salud mental de sus alumnos. Por otro lado también no le veo el chiste a los profes que juran que entre más gritones y egocéntricos son superiores, me da lata viajar casi dos horas para escuchar a un viejo sin nada mejor que hacer que disfrutar de  humillar a sus alumnos, no creo que yo sea muy cristal, pero cuando el ambiente es tenso ni dan ganas de llegar acá , las encuentras docentes se las pasan por el poto, extraño a los profes que eran súper tela y les entendías todo, te extraño  Yansen y eso, ya terminé mi show.",,🏛️ San Joaquín
8/4/2026 11:36:47,"Soy gay pasivo y me gustaría saber si habían otros hombres activos dentro de la comunidad con quien poder hacer encuentros cortos (tengo poca resistencia) me da igual si es twink o masculino.
Escríbanme al número pk casi ni uso ig 
+56962158486",,🚢 Casa Central
8/4/2026 12:11:32,"Por que chucha el casino usa IA para promocionar los platos, terrible mala la wea",,🏖️ Viña del Mar
8/4/2026 12:38:03,Diego serrano perdóname porfa 🙏🏻 te amo,,🏫 Vitacura
8/4/2026 13:46:26,"Alguien sabe el ig de un minito que va en tercer semestre?? Siempre lo veo caminar en los pasillos pero soy re tímida tiene características de ser medio alto y con el pelo rizado, tmb tiene un lunar bajo el ojooo si alguien sabe xfa dígalo, espero suban mi confesión ",,🚢 Casa Central
8/4/2026 14:00:29,"Como es posible que hagan tanto ruido en sala pasta si todos saben que se va a dormir y descansar.
Hay un grupo de ctms que grita TODO EL PUTO RATO, un día se agarraron la tele y posuieron weas terrible fuerte y se reían y gritaban como si fueran los únicos
Malditos ctm hubieron muchos que se fueron después que empezaron a webear con eso, si estaban intentando dormir y estos ctm dele gritando cómo monos
Fusilenlos",,🏛️ San Joaquín
8/4/2026 15:32:24,"wnes de mierda entiendo que hay pocas máquinas pero por lo mismo COMO SE VAN A PONER A ALTERNAR ENTRE 4 WN COMO TANTO, no estamos nah en el smart fit para que entre tantos acaparen una máquina, sabían, imbéciles de mierda, que no tienen que hacer todos el mismo ejercicio al mismo tiempo? pq más encima así ni siquiera hacen una buena rutina completa, aweonaos ",,🏛️ San Joaquín
8/4/2026 17:01:23,Si tengo 18 recién cumplidos y voy en primer año pero estoy hablando con alguien de 17 pero va en tercero medio hay algún problema? ,,🚢 Casa Central
8/4/2026 17:30:21,A mi me gustaria que dejaran de dar carne de caballo en el casino de la u CC,,🚢 Casa Central
8/4/2026 17:36:12,"Porfa cierren el hocico en el piso 6 de la biblioteca la wea es zona de silencio por algo, se llena y son puros locos riéndose y hablando fuerte xupenla loco",,🚢 Casa Central
8/4/2026 19:14:15,"Me aburri, yo acá con 20 años no he besado a una mujer en mi vida, mientras todos mis amigos ya han tenido encuentros y todo eso, yo estoy acá, chato y solo, es triste ver que cuando quieres hablar con una mujer esta se aleja por tu fisico o tu cara, inclusive me dicen que parezco viejo verde, aveces pienso q naciendo de nuevo quizas logre algo mjr...",,🏖️ Viña del Mar
8/4/2026 20:09:03,"Fusilen al cambio de horario 🗣️
",,🚢 Casa Central
8/4/2026 20:35:57,Me da miedo que @mochilas.abiertas.usm me pille con la mochila abierta😣,,🚢 Casa Central
8/4/2026 20:41:50,"ola solo quiero decir q me encanta la personita esa q tiene toda su mochila con chapitas del valo y ns q otras cosas mas, te amo wn eres mi idolo",,🚢 Casa Central
9/4/2026 6:44:10,Hay sansanos que no se han dado cuenta que nuestra u es la que mejor paga las ayudantías en el país. Se quejan y los de la PUCV trabajan por 2 monedas,,🚢 Casa Central
9/4/2026 7:25:13,"Estimados creo que ues muy importante DENUNCIAR una situación que ocurre actualmente en la U y creo es un tremendo aprovechamiento por parte de la “autoridades” de la universidad.
El VICERECTOR ACADÉMICO viaja todas semanas en avión a concepción, se hospeda en hoteles 5 estrellas de Santiago y conce, mal utilizando los recursos que podrían aprovecharse en los y las estudiantes. (consideren que con el costo de cada viaje se podría becar con un PC a un sansano que le cuesta comprar o sus padres no pueden hacerlo) o pagar las ayudantías. Hice la denuncia en la federación y obviamente no hicieron nada... ni un brillo ",,🚢 Casa Central
9/4/2026 10:09:41,"70000 metros cuadrados de universidad pa poder hablar y justo dos conchetumares se viene a meter al piso 6 dela biblio pa hablar. Mas encima hablando de puras weas los qlos, loco q te importa si la mina sabe hacer arroz con carne quedense calladooooos",,🚢 Casa Central
9/4/2026 10:52:24,"Hay un mechón de ibt en viña que es insufrible
Se mete en las conversaciones, hace preguntas incómodas sin que haya confianza y obvio dice que es tea pa justificarse xd",,🏖️ Viña del Mar
9/4/2026 11:30:07,"Me cuesta creer que los profesores no sepan que los ayudantes dejan copiar en ramos masivos (matemática, física, etc)",,🚢 Casa Central
9/4/2026 16:26:39,"El wn que se andaba masturbando en la LDS es Cristobal, es informático de 3er año, en wsp se tiene como “Kripistobal” y se cree la gran wea 💀",,🏛️ San Joaquín
9/4/2026 17:06:21,El supervisor de los guardias se escapa al bosque con la guardia a ponerle bueno,,🏖️ Viña del Mar
9/4/2026 17:19:39,"Página en decadencia, mentan más admin que sean chismosos y quieran publicar las confesiones o si no cierren la wea de cuenta ",,🏫 Vitacura
9/4/2026 18:08:45,Me gusta una cabra de telemática ,,🚢 Casa Central
9/4/2026 18:09:27,Una cabra que usa lente ,,🚢 Casa Central
9/4/2026 18:42:37,"La usm culia vale callampa, solo les interesa el lucro. Salganse apenas puedan, si tienen problemas y van a congelar tratarán de sacarles toda la plata posible antes de dejarlos congelar. No pierdan su tiempo en la U, a los profes les piden que una cantidad x de alumnos reprueben ciertos ramos para asegurar que los alumnos paguen más de lo que se debe. El año pasado en primer semestre me operaron, perdi más de 1 mes de clases, aún así me puse al día y pase todos mis ramos, debido a que la mayoría los pase con 55 me quitaron la beca presidente. En segundo semestre no agarraba el hilo, desinscribí 3 ramos, me dijeron que me lo aceptaban (después de más de 2 meses de trámites, certificados médicos psicológicos de que la situación no era sostenible) pero que no me harían rebaja de arancel (cuando una persona se echa un ramo y se atrasa, ese semestre en el que da el último ramo tiene un descuento proporcional a los ramos que das, no te cobran las 311 Lukas, te cobran menos) a pesar de que yo daría sólo 3 ramos el 2-2026. Perdí gratuidad debido a todo esto, por lo que tengo que pagar ese semestre y obviamente por tema de lukas postulé al FUAS, para que me den beneficios tuve que matricularme (pagandola), no me dieron beneficios, por lo que decidí congelar el 18 de marzo, si me aceptaban la solicitud antes del 31 de marzo, yo debía pagar solo 187 Lukas, hoy es 9 de abril y aún no recibo respuesta, tuve que pagar 311 del arancel de marzo y tendré que pagar las 311 de abril, y si para mayo aún no hay respuesta, tendré que pagar mayo también. La USM es para personas estables, económica, social y psicológicamente. No hay empatía de parte de la administración, todo lo que es secretaria académica, finanzas, dirección de estudios, etc, son una mierda. ",,🏖️ Viña del Mar
9/4/2026 21:59:03,"Cada vez que voy al jumbo y veo al elefante parado en la entrada me recuerda a la canción hijo del corazón de la película dumbo.Respecto a eso les tengo un mensaje. Actualmente tengo 18 años y quería dejar este comentario no sólo porque lo quiero dejar como recuerdo de algo que paso si no aunque tal vez este comentario te sirva para algo y si estas sintiendo lo mismo que yo puedas tomar
el consejo.
Cada vez que escucho esta canción me pongo pensar cómo es que la madre de Dumbo puedo creer en su hijo sabiendo lo diferente que era. Ya que todos se burlaban de él pero ella era la única que creía en el. A mí también me hubiera gustado que alguien hubiera confiado en mí que alguien hubiera estado para mí cuando más lo necesitaba, alguien que no me hubiera lastimado al igual que mi familia. Me hubiera gustado una madre un padre que me hubiera preguntado sinceramente si estaba bien, si estaba cansada, cómo me sentí en el momento, o hasta que me hubiera preguntado porque lloraba todas las noches. Nunca tuve unos padres que se esmeran por saber que su hija estaba bien. Nunca pude ser yo enfrente de ellos ya que nunca me aceptaron como era. Y por lo tanto si tienes problemas de depresión, ansiedad, alimenticios, psicológicos etc. Te diré que solo tú te puedes salvar, claro que puedes pedir ayuda. No digo lo contrario. Pero el punto que quiero dar es que te eres la unida persona que sabe cómo se siente en realidad, ya que yo digo que el único que sabe cómo te sientes por dentro eres tú, ya que puedes decir que estes bien aunque por dentro de estás pudriendo ya que tú cuerpo se esta descomponiendo.
Y volviendo al tema principal del comentario, me hubiera gustado tener una madre que me quisiera como la de Dumbo ya que ella demostró que haría lo que fuera por su hijo aunque así fuera no poderlo ver nunca más. Pero yo sé que mi madre apenas me quiere y se que ella no estaría para mi aunque me estuviera consumiendo la depresión ya que para ella eso no existe. Y para no hacerles el cuanto más largo mi consejo es amate un poco porque al final del día solo te tienes a ti aunque tengas una pareja, pero esa pareja no está unida a ti para saber si estás bien en el momento exacto que tú lo estás. No te diré que es fácil tener amor propio, pero si ni tu no lo tienes no podrás amar a nadie más sin empezar contigo mism@, por favor trata de no suic****e y lucha porque tú eres fuerte y saldrás de esto alligual que Dumbo. Un consejo de una desconocida para otro desconocido/a/e.",,🚢 Casa Central
10/4/2026 0:26:46,POR LA CSM ESTOY EN CUARTO AÑO Y NADA QUE LA PONGO!!!,,🏖️ Viña del Mar
10/4/2026 8:37:44,Hola quería informar que en la sede de Concepción en la carrera de electrónica hay un acosadorz llamado JB tener cuidado ,,🌳 Concepción
10/4/2026 10:03:23,"Si bien el carlisho ayuda harto, eso no quita el hecho de que tiene cierto complejo de superioridad y le gusta que los mechones se refieran a el como un dios xD",,🏛️ San Joaquín
10/4/2026 10:24:49,Se buscan unos bíceps que me abracen para quitar el frío 🥰,,🏛️ San Joaquín
10/4/2026 17:46:16,Ig del negrito chocolate uno alto flaquito q usaba lentes ahora no 😋,https://drive.google.com/open?id=1dl6CqAtGv6JqqROLEuiYTI8mxS8lhy_D,🏖️ Viña del Mar
10/4/2026 18:16:43,"oe pq los mechones culiaos son tan hormonales, loco si se quieren subir uno encima del otro a darse besos q sea en un lugar privado y no afuera de la B09 🖕",,🏛️ San Joaquín
10/4/2026 22:41:49,Alguien sabe q paso con la cuenta de geek usm? Como que se la robaron?💀,,🏛️ San Joaquín
11/4/2026 11:33:16,¿Por qué ahora no le pagan a los ayudantes? ¿Se están robando la plata?,,🚢 Casa Central
11/4/2026 12:34:56,pq nadie se inventó un tiroteo el 11 de abril para el certamen de física 😔,,🏛️ San Joaquín
11/4/2026 15:32:38,"me trae loca el seba de plan común pero creo q tiene pareja (tiene un anillo)
es dmsiado lindo y tiene una sonrisa que me para el corazón :((
tiene el tremendo cuerpo, una voz de ángel y tiene una aura de hombre que resuelveee 
me declaro nomas? o asumo q nunca me va a pescar?",,🏛️ San Joaquín
11/4/2026 15:39:06,"He conocido a muchas personas que son mejores que los weones malos que están en la selección de futbol que se van a probar y no quedan.
Por eso pierden casi siempre cada año
🤣🤣🤣",,🏛️ San Joaquín
11/4/2026 15:45:49,"He conocido a muchas personas que son mejores que los weones malos que están en la selección de futbol, se van a probar y no quedan
Por eso en futbol la usm pierde casi siempre",,🏛️ San Joaquín
11/4/2026 15:52:47,"He conocido a muchas personas que son mejores que los weones malos que están en la selección de futbol, que se van a probar y no quedan.
Por eso la usm en futbol pierde casi siempre
🤣🤣🤣



(Las 2 confesiones anteriores que dicen lo mismo ignoralos 😅)",,🏛️ San Joaquín
11/4/2026 18:17:31,"Queria contar esto, y es que me intoxique en el XL por comer 3xtocomoles y llevo un poco mas de 3 dias mal desde el miercoles 7 y pense que pal certamen de CC ya estaria sano (el viernes) pero fui nomas y andaba aun con cagadera en la u, llego como 1 hora antes solo para estar tranquilo encerrado en el baño y ni loco falto q si uso el recuperativo luego que sea para otra enmergencia y pasar el ramo si o si. quizas algunos sepan quien soy y no es un problema solo quiero dejar aqui la mala experiencia y desahogarme un poco. no tengo ni idea que se hace cuando uno se intoxica con la comida de un local, ni fui al medico ni nada, ya que casi siempre solo dura una noche la intoxicacion. me acuerdo que uno de los completos tenia algo raro en un mordizco y volvi a probar y no senti nada raro asiq continue. que creen ustedes? es normal enfermarce en el XL? es la primera vez que me enfermo yo comiendo alli, y creen q es normal o todos son guata de perro ya acostumbrados jaja ",,🚢 Casa Central
11/4/2026 18:28:49,"como informacion extra a la confesion de intoxicamiento por completos: ese dia solo habia comido esos tres completos y una manzana, no habia desayunado ni almorzado por lo q decidi ir por esos completos y luego tampoco tome once porq me sentia muy mal hasta tuve fiebre por los dos primeros dias",,🚢 Casa Central
11/4/2026 19:30:01,"Raggio top profes de mrd. De verdad el viejo cree que los alumnos solo tienen su ramo y no algo mas importante, no somos comerciales ni industrial, se tira comentarios fuera de lugar, manda videos de horas, estudiar ppt, leer un libro y todavia si no lo bancas te dice que mejor ni vengas a clases. El viejo tiene la realidad alterada jubilen al tata",,🏛️ San Joaquín
11/4/2026 20:54:01,hay hombres pequeños en carreras pequeñas con el ego infladisimo wn,,🚢 Casa Central
11/4/2026 23:22:29,Juan Yuz es un rector espiritualmente israelí,,🚢 Casa Central
12/4/2026 11:27:55,dónde están las lesbianas de casa central,,🚢 Casa Central
12/4/2026 16:37:40,Hay gente en la U que juegue project sekai? 😞,,🏛️ San Joaquín
12/4/2026 17:58:08,JUDIOS CULIAOS,,🚢 Casa Central
12/4/2026 18:25:43,"Sigan a @geekieusm Dejen de seguir la cuenta anterior 
https://www.instagram.com/p/DW-O_D7Foog/?igsh=MTRzc2I2bms2bGR1bw==",,🏛️ San Joaquín
12/4/2026 18:30:38,"A veces la U me ha hecho querer morir, y despues me doy cuenta de que no soy la unica persona en sentirse asi, a veces no se si vale la pena someterse a niveles tan altos de estrés",,🏛️ San Joaquín
12/4/2026 18:39:25,"La confesion 2515 no tiene ningun sentido y por pensamientos como este la izquierda esta perdiendo cada vez mas público. 
Tener un pefil de votante especifico que se da por hecho que deberia apoyar al partido, limita la persepcion general del votante promedio, que no se ve incluído en  este grupo, lo que hace que el apoyo se vaya disipando.
Por logicas como esta se perdieron las votaciones anteriores. Hay que aceptar que todos tienen su propia manera de pensar. No hay que encasillar al votante promedio, si no que enfocar la lucha en las realidades que vive la mayor parte del pais y no dejar que regale su voto por las mismas inseguridades que demuestra el partido. ¡¡Esta lucha aun no esta perdida!!",,🚢 Casa Central
12/4/2026 18:42:46,"vendo parches personalizados a 2000 y los 2x3500 cualquier wea yo el @toilet_snot
también chapitas a 500 las chicas y luca por 3 y weas grandes a 600 y 2x1100 🚽🚽🚽🚽🚽
eso 🚽🚽🚽🚽(imágen de mi chaqueta para que vean las weas que hago)",https://drive.google.com/open?id=1BH3m8LK8QQKPFIl9XBI6msYEakQYwSeL,🏖️ Viña del Mar
12/4/2026 18:45:17,@casinousm.sv deja de usar IA para promocionar los platos!!,,🏖️ Viña del Mar
12/4/2026 18:49:32,"En mi paralelo de EFI100 hay un tipo que huele muy mal, está pasado a mierda wn. No se qué le cuesta tener algo de amor y asearse por favor...",,🚢 Casa Central
12/4/2026 18:49:55,Aguante little ceasars,,🏫 Vitacura
12/4/2026 18:58:14,"Desde que esta pagina culia empezo a meter politica empezo a valer callampa, no soy de los que voto x el sacowea de kast, tampoco kaiser, pero weon dejense de wear parecen cabros chicos con juzgar a los que votaron por el kast, si a fin de cuentas el viejo culiao gano por mayoria (y no poca), dejen de llorar por la caga de voto de otros si 1.- no es como si solo por el voto de esa persona fue que gano kast, 2.- no es como que si hubiese salido la weona de jara Chile hubiese avanzado a ser el mejor país del mundo. Veintitanto años las criaturitas y aun hacen pataleta porque no salio el candidato culiao caca que querian.",,🚢 Casa Central
12/4/2026 19:01:21,"Para ser la usm, siento que faltan femboys y trabas. Las mejores mujeres nacen hombres",,🏛️ San Joaquín
12/4/2026 19:04:54,Hay lesbianas en sj plan común?,,🏛️ San Joaquín
12/4/2026 19:06:47,El otro día cagué terrible hediondo en el baño del m y habían unos wns cortándose el pelo ,,🚢 Casa Central
12/4/2026 19:08:54,"Realmente siento que el dep de mec no podía hacer MÁS fome el ramo ""proyecto inicial de mecánica""  literalmente estaremos durante el 90% del semestre puro leyendo textos para aplicar pensamiento critico y como ser líder y cuestiones así, la wea parece más ingeniería industrial dios mío, mientras otras carreras en sus proyectos iniciales ven TEMAS DE SU CARRERA aquí uno esta leyendo un texto resumen del cambio climático que ni si quiera esta traducido por completo y pensando en la ética del ingeniero. La única wea de mecánica que haremos será a fin de semestre que puto asco.",https://drive.google.com/open?id=14BFoEHMDc4jWIN7zMEb-CFdJER_jORxS,🏛️ San Joaquín
12/4/2026 19:09:02,"Los votantes de jara se creen la mea wea y tienen el mismo iq negativo que los votantes de kast, la misma mierda de distinto lado",,🏖️ Viña del Mar
12/4/2026 19:09:26,Vámonos a paro nacional noma!!! ,,🏖️ Viña del Mar
12/4/2026 19:17:42,"Pal 2595, al sonic casi lo crucifican por otras cosas, no porque sea autista xd",,🏛️ San Joaquín
12/4/2026 19:19:54,"recomienden un spot para hacerme cagar drogándome, me siento del hoyo y necesito escapar de mis problemas fácilmente 🙏",,🏛️ San Joaquín
12/4/2026 19:23:33,"baneen al profe Ruggiero de taller de cálculo wn, de verda no se le puede preguntar nada y el kuliao te trata pal pico, loco ma encima tiene pinta de rehabilitao ",,🏛️ San Joaquín
12/4/2026 19:24:54,"Pregunta, alguien sabe si nuestra u aplica a esta wea? ",https://drive.google.com/open?id=1Rsvz2TpyaCGzHuT317thp5dwR-ALHyn8,🏛️ San Joaquín
12/4/2026 19:33:41,"Para los que se quejan de la administración:
Si tienes un problema (especial económico, por algún ramo o tema administrativo) tienes que saber moverte, la vida no se va a resolver con un correo. No sé que confe era que se quejaba de que solo querían sacar plata y en parte si, en parte no. Todos quieren ganar, pero no harás la diferencia con tus 311k o lo que sea. La U es re preocupada por situaciones económicas, acceder a las becas internas tampoco es difícil, es literalmente ponerle voluntad a resolver los problemas propios y no esperar que un correo haga magia.
Repito: aprendan a moverse, ya no vendrá el apoderado a pedir situaciones especiales por cada uno",,🚢 Casa Central
12/4/2026 19:35:56,Para el de la 26:65,https://drive.google.com/open?id=1sMdJxEdcaBXfoU9SXC5cPxTRbAjQPrTj,anon
12/4/2026 19:51:54,#2655 Muera de viejo no de sapo oe 🐸🐸🐸🐸🐸,,🏛️ San Joaquín
12/4/2026 19:53:20,Por qué todas las minas bonitas son de 🏳️‍⚧️? Y por qué no me están escribiendo a mi DM en este mismo instante?,,🚢 Casa Central
12/4/2026 20:07:30,Ya pero el mechón de informática con pelo de librito😳😳😳,,🚢 Casa Central
12/4/2026 20:08:04,"El otro dia estaba estudiando en el p en las salas con computadores porque estaban llenas las salas de estudio y llegaron como 7 minas a prender como 20 computadores pa comprar entradas pa BTS, y les resultó, asi que saludo a las cabras bts",,🚢 Casa Central
12/4/2026 20:16:17,Queremos la cabeza de Juan NetanYuz,,🚢 Casa Central
12/4/2026 20:16:45,"La otra vez vi a un wn chupandosela a otro en los baños del M en el cuarto piso, pasen tips para borrar recuerdos 🗿 ",,🚢 Casa Central
12/4/2026 20:20:21,"Me da risa como de cualquier tema al que le tiran mierda suben y suben confesiones hasta que no de más la wea, pero le tiran a su pobre carlisho y de una el loco salta a decir ""se acaba el tema porque esto no es para andar tirando tanta mierda"" como se nota que trae comiendo de la mano a los admins. Digan la wea que quieran de ese loco, bacán que haya hecho sus grupitos y la wea pero son unos grupos kuliaos nomas cualquiera puede hacer eso, y si van a salir cn la wea de ""y porque no lo haci tu"", no sean weone tampoco po, si es obvio que si alguien sale a tratar de hacer lo mismo que ese weon del carlisho nadie lo va a pescar porque ya todos tienen endiosado a ese otro weon y todo lo que hizo, asique busquense otra excusa kulia para tratar de defenderlo. yo x mi parte no le compro niuna wea mas a ese weon, nunca me voy a olvidar carlisho kl cuando andabas borrando los links de los cabros que mandaban puestos bajos para tratar de ayudar a otros en la toma de ramos este 2026-1 aún cuando lo hubiesen mandado hace 1minuto, ni perdón ni olvidooo",,pa todas las sedes klas
12/4/2026 20:21:51,"Soy hombre y por qué me gusta el pop piensan q soy huekereke, 🥀🥀",,🚢 Casa Central
12/4/2026 20:24:35,"Derroquen a carlisho está puro dando jugo, que se vaya a wear a otra parte ",,🏛️ San Joaquín
12/4/2026 20:36:43,"m carga kmo enseñan fis100 en la U weón, tngo ke sacarme la materia del hoyo pke no dan nda d material y parece ke la mayoría d profes no saben ni explicar ",,🚢 Casa Central
12/4/2026 20:40:38,"Wnnnn porque los hombres no se bañan, wnnn hay algo llamado desodorante por si no lo saben ☠️",,🚢 Casa Central
12/4/2026 20:58:29,"Para el 2642:
El wn que usa el sofá completo como cama ser como:",,🏛️ San Joaquín
12/4/2026 21:02:10,"Para el 26:46 de la sede de viña del mar, Wn te gano por goleada porque tengo 26 estoy igual que tú XD. Pero ya enserio, wn no le di importancia a eso, céntrate en tú familia, en los amigos y por supuesto en el estudio, porque eso es lo que no debes perder. Ya que, el paso del tiempo y U no perdonan hermano. Si te sirve de consuelo wn, no estas solo, UNO teni amigos, disfruta con ellos y sale wear, DOS, demas que tienes familia, convive más con ellos, TRES, hay weones que no hemos tenido polola al igual que tú y no nos hemos muerto y + CUATRO, estas soltero y no solo, aprovecha la libertad que tienes. Y como dijo un meme culiao que me encontré ""La vida es como el POKER o tenis pareja o tenis buena mano"" CHAO CHAO LOS PASTORES anónimo de Central.",,🚢 Casa Central
12/4/2026 21:02:39,"Pasen ig de la rubia que parece europea porfavor, es para una tarea.",,🚢 Casa Central
12/4/2026 21:07:48,"Encuentro muy fome que la federación de sj se haya movido tan poco con respecto al no pago de ayudantías
Sé que se hizo una encuesta para saber la cantidad de gente que no le han pagado pero hicieron eso y nada más:/",,🏛️ San Joaquín
12/4/2026 21:17:15,oe a la 25:97 vo seguro servi watona kla,,🚢 Casa Central
12/4/2026 21:23:57,"Me cae tan mal el viejo de la biblioteca el del 3er piso, uno va re piola a pedir prestado un libro y el wn te mira con una cara de sapo qlo de seguro vai a leer",,🚢 Casa Central
12/4/2026 21:25:57,Hay un tipo de mochila gigante de barba y lentes es muy hermoso y bello creo que se llama Jorge o algo asi,,🏛️ San Joaquín
12/4/2026 21:33:15,"Juan Ignacio Yuz Eissmann
10521059-0 SV WV 93 Toyota
Jj Latorre 135 C/4 Recreo Agua Santa
Resistir, rebelarse, reconstruir ",,🚢 Casa Central
12/4/2026 21:33:25,el veneko ctm loji del tu en informatica es entero pederasta ma encima el sacowea se cree amigo de medio mundo y lo quieren puro patear AWANTE EL PELAO DE FISICA ,,🏖️ Viña del Mar
12/4/2026 21:34:58,Carlisho es el heroe de esta generación carlisho dios 😭😭,,🏛️ San Joaquín
12/4/2026 21:40:36,"Soy mechóna y las primeras semanas fui a la biblio a pedir un libro.
Cuando llegué pregunté si me tenía que inscribir o algo porque en la página de la biblioteca me pedía un usuario para reservar libros.
Resulta que el usuario es tu correo institucional y yo no tenía idea, pero los señores que están en el 3r piso me trataron como si fuera weona xddd
Ma encima después les pregunté cuanto tiempo me podía llevar el libro q pedí (pq a veces es una y a veces dos semanas) y me rodaron los ojos, me pasaron uno de los folletos de la biblioteca y me dijeron ""Lea"".
Pa que estai en atención al cliente si vai a ser tan pesadooooo.",,🚢 Casa Central
12/4/2026 22:07:43,"Porfa cabros bañense en las mañanas que dejan las salas pasa a rodilla, o por último desodorante ",,🏖️ Viña del Mar
12/4/2026 22:26:27,Voy por el camino del 26:59🥀,,🚢 Casa Central
12/4/2026 22:33:07,"Cuando chucha van a arreglar las luces del noac titilan y pta que son molestas, quejense en los qr que hay q los manda a un wasap para que cambien esas luces. Más fácil pusieron cargadores de autos eléctricos antes que arreglar las fokin luces

Saludos :3",,🏛️ San Joaquín
12/4/2026 22:42:03,"Si votas derecha bacán si votas izquierda también, ¿cuál es el problema tan grande por ser de un lado o del otro?, pero lamentablemente y por lo que he visto a todo aquel que piense diferente y haya votado por ejemplo por kast, lo insultan y de todo. Amigo es normal no estar de acuerdo pero la otra persona no tiene porque pensar igual que tú. Es democracia y en democracia se vota lo que cada uno quiere, imponer por quien votar es antidemocrático o ¿solo se usa esa palabra para momentos convenientes?",,🏫 Vitacura
12/4/2026 23:08:55,"Trato de no juzgar a mi polola por haber votado por Kaiser, porque en el fondo pienso que a alguien no lo define el candidato que elige, ni lo hace mejor o peor persona. Pero igual, de repente se me viene a la cabeza y me da como vergüenza… y ahí me siento medio hipócrita, la verdad
",,🚢 Casa Central
12/4/2026 23:09:32,"Hay un chico que va al gym con buzo y una polera usm, lo veo poco pero lo encuentro muy varonil, hace ejercicios raros y por eso comencé a mirarlo cuando me lo topo. Tiene el pelo ondulado, usa lentes y usa la polera dentro del buzo. ",,🏛️ San Joaquín
12/4/2026 23:12:09,"Ya pero cuando vamos a hablar de las mafias de ayudantes que se forman en cada ramo de carrera de química, donde se eligen a dedo y blanquean sus weas. Comportamientos como los de los Martínez, no es caso aislado, cae dentro de la normalidad que los ayudantes del departamento tengan un trato poco profesional con los ayudados. Surreal es que la mejor forma de conseguir material o consejos del ramo es tener una amistad que un ayudante se quiera jotear.",,🚢 Casa Central
12/4/2026 23:23:09,"Que onda de cuando en esta u hay tanto facho y para peor la mayoría desclasados, si esperan ansiosos a inicio de mes para que les recarguen la Junaeb y estudian con gratuidad…",,🏛️ San Joaquín
12/4/2026 23:38:07,"La otra vez en los baños del M habían 4 mechones qls sin polera cortando pelo 
Lawea ctm jfkskskdjfjd mechones de mierda los odio ",,🚢 Casa Central
12/4/2026 23:43:55,"Hay una mina alta de civil en minas q se quiere pelar con un wn de la misma carrera q tiene novia , el otro día un wn la molesto con eso y se enojo así brigido , q opina la gente ? ",,🏛️ San Joaquín
12/4/2026 23:54:46,"Alguno se acuerda de un tal diego que reaccionaba con puros gif, o como de un wn esquizofrénico que reclamaba por un chuk morris o algo así?? Que vuelvan esos personajes porfa, y había un loco incógnito de acá que decia puras weas basadas, no recuerdo su nombre pero pta que era basado ese csm, vuelvan esos personajes ",,Confesador antiguo 
13/4/2026 0:32:24,"quiero confesar que el ayudante de electricidad del profe rodrigo esta muy lindo, aparte de que enseña bienn tiene una mirada y unos ojos que me matan ojala me hiciera clases particulares para ver si lo puedo enamorar 😍😍😍😍😍",,🏖️ Viña del Mar
13/4/2026 0:56:54,"Sucede que tengo un amigo que su polola lo groomeo hace unos años (Le saca 4 años, cuando tenia 16 empezaron a salir) y se lo cago en Santiago, sin mencionar que la weona la trata como el pico puteandolo y tratandolo como la mierda cuando anda inseguro por lo sucedido anteriormente, la wea es que ya me tiene chato y quiero puro hacerla cagar a la qla difundiendo toda su info y contando todo lo que hizo y le hace a el, me tiene chato ver como esta weona ni se disculpo con el y pa mas cuea la qla lo llevo con el wn que se lo cago a su facultad, el sabiendo quien era. La weona tiene la salud mental de mi amigo en la mierda y siento que es injusto que ande tan impune como si na la qla, yo se que no tengo na que pintar ahi, pero es desesperante verlo sufrir por una maraca qla.",,🚢 Casa Central
13/4/2026 1:48:59,"En vola flasheo pero ya toi aburrio de andar soltero y no es como q wuaja la kiero poner yiayia sino q nunca tuve una relacion tan duradera como mgustaria haber tenido, o si no, lakage con potenciales parejas por pensar ""no creo q le guste"". No creo estar chopped o ser fome o emocionalmente inmaduro, solo q nunca tuve mucha autoestima en cuanto a la percepcion de los demas sobre mi. A veces soy mi peor enemigo",,🏛️ San Joaquín
13/4/2026 1:53:21,"Es increíble como hay un sansano en todas partes, literalmente me encontré alguien de mi carrera y sede en un server de GTA San Andreas roleplay",,🏖️ Viña del Mar
13/4/2026 7:07:04,"Hay un tipo de mi u (creo que es mechón) que me gustó desde que lo vi, siempre anda con una mochila del colo y lo único que sé es que se llama Vicente pero no sé su ig 😔",,🏫 Vitacura
13/4/2026 7:07:50,"Olí, a mí me gustó una chiquilla en el bis a principio de semestre pero luego me enteré q tenía pareja así q ni el ig le terminé pidiendo porq uno respeta😞",,🏖️ Viña del Mar
13/4/2026 7:12:05,"al weon q quería la u mas politizada, porque no mejor se fue para la usach, si tanto le molesta que en la u no hay tanta importancia en lo política no webeen y váyanse ",,🏫 Vitacura
13/4/2026 7:17:48," Buenas ¿tienen algún consejo o tip cuando quieren explicarle una materia a un amig@? Pasa q yo entiendo la materia de 1er semestre (soy mechón), pero conozco caleta de gente que le cuestan los temas más ""fáciles"" y me gustaría poder ayudarlos con eso, pero a la hora de explicar soy pésimo y termino haciendo que mis amigos se pierdan más aún con la materia :/. Los casos más notables son con temas de 060 y 070.",,🚢 Casa Central
13/4/2026 7:38:47,Es demasiado prestigio ,https://drive.google.com/open?id=1AO4am4bEF6vLqysxN4cneD-Rl44MPVPy,🚢 Casa Central
13/4/2026 8:16:12,¿Existe gente de derecha en esta universidad?,,..
13/4/2026 8:35:12,"Los almuerzos de la u son las weas más ricas que hay, nose si tengo el estándar muy bajo, o son simplemente perfectas, porfa tías del casino rajese con dos panes que queo con ganas",,🚢 Casa Central
13/4/2026 9:05:25,el matías de arqui es hermoso ,,🚢 Casa Central
13/4/2026 9:08:41,Cuanto peluche en la cc 🤩🤩🤩,,🚢 Casa Central
13/4/2026 9:30:03,hay un mechon llamado Gonzalo que es experto en excel y es pro player de brawl stars y me tiene toda loca,,🏛️ San Joaquín
13/4/2026 9:32:54,Los wns que escriben weas quejandose de la toxicidad son parte del problema xd,,🚢 Casa Central
13/4/2026 9:41:24,"Ya pero nos vamos a paro o no?
Estoy indignada con la universidad la verdad cada vez nos quitan más beneficios más cosas, a los de biotec nos hacen ir a la sede de viña y ni bus nos pusieron.
Me tienen chata ya no doy más, quiero puro descansar y los malditos nos tienen una sola semana de salud mental.
Extraño ver a mi familia o leer algo piola, no me he hechado ningún ramo a costa de mi salud mental es esto posible? 
Y ya se que todos dicen bueno tocó hacerlo no más bueno tocó darle duro bueno tocó no más y ya
Pero oigan reclamen, de verdad les gusta vivir así? De verdad nos merecemos esto?",,🚢 Casa Central
13/4/2026 10:50:22,"ODIOOO a la gente q en el piso 6 de la biblioteca usa los cubículos para dejar sus cosas cargando más de 1 hora y se van, mínimo q te quedes sentado no se pero usarlos solo para dejar las cosas es tan inconciente",,🚢 Casa Central
13/4/2026 10:53:43,hay un wn en comercial que usa lentes y anda con mochila roja que es entero aweonao no se calla nunca ,,🚢 Casa Central
13/4/2026 11:07:10,"weon es verdad las confesiones sobre la biblioteca, tiene todo el espacio para conversar afuera de la biblioteca y los retardados de mierda se viene a conversar, reír y generar ruido EN EL PISO DONDE SE PIDE SILENCIO, por lo menos pidanse una sala o esten en los pisos con mesas para harta gente,  pero justo aquí?. de verdad, tienen aire en el cerebro? para venir JUSTO EN EL PISO DONDE SE PIDE MÁS SILENCIO y los weones hablando sendas mierdas, ojalá se echen el ramo y repitan el año. ",,🚢 Casa Central
13/4/2026 11:07:32,Loco porfavor donde están las lesbianas de SJ 😩😩 soy mechona y todas las mechonas que conozco tienen pololo ,,🏛️ San Joaquín
13/4/2026 11:11:56,"Hay una correlación directa entre ser ingeniero de esta u y ser mas incel q la cresta, edgy, pelao o pedofilo. Les faltó harto que de chico les sacaran la cresta al menos una puta vez o les colocaran los pies en la tierra, disociados qliaos que no saben como funciona el mundo.

Att: Un mechon con mas criterio que """"personas"""" que estan por titularse ",,🚢 Casa Central
13/4/2026 11:21:38,"Al wn qué no le gusta que se suba política, amarillo qlo, las confes son pa mandar lo que uno quiera, si te molesta por x motivo no veas la wea",https://drive.google.com/open?id=1nB5mpCMyJ329x0vjJUIV_8zgSGGU51An,🏖️ Viña del Mar
13/4/2026 11:33:52,Que no se note que el admin de la cuenta es de izquierda,,🚢 Casa Central
13/4/2026 11:40:33,"Hola esto no es confesión, se me perdieron una tarjeta Bip! y 5 lukas juntas en la U😭😭😭 creo q fué en un baño d mujeres, no estoy segura. Algn las habrá encontrado? Fué como el 8 o 9 de abril☹️ la tarjeta hasta tiene nombre x detrás",,🏛️ San Joaquín
13/4/2026 11:46:14,Quiero una polola que tenga aura,,🏛️ San Joaquín
13/4/2026 12:24:40,ase unos días pille al Benjamin de minería en el baño agarrando mojones con la mano y se los llevaba enla mochila alerta ,,🏖️ Viña del Mar
13/4/2026 12:44:56,"Joaquin Aguilera paga la pension de alimentos, se que vez esto ",,🏛️ San Joaquín
13/4/2026 12:46:33,"Para el de la 2641, acá foto del menú con ia, antes era mejor, le sacaban foto al cartel ",https://drive.google.com/open?id=1fQCShfkW1k_NlVehLGNn1PJy-IpXDYnC,🏖️ Viña del Mar
13/4/2026 13:20:38,el vicente kiere experimentar con hombres pero le da pena,,🏛️ San Joaquín
13/4/2026 13:35:35,Don carter,,🌳 Concepción
13/4/2026 13:36:12,Vengo a desfunar al JB es un angelito el pobre men :) por que todo lo hace bien 👍🏽 ,,🌳 Concepción
13/4/2026 14:04:52,"De que sigo esta cuenta culia mi vida es mas infeliz wn, pense que veria weas chistosas, no puros weones creyendose los iluminaos y  quejandose de hasta como respiran los demas. Se juran vios y son enteros odiosos, dejen vivir y viviran mejor.",,🚢 Casa Central
13/4/2026 14:07:05,Hoy (13/4) vi a un tipo con un oufit muy lindo pero me dio vergüenza decirle 😞 pero persona que vino con pantalon animal print y polera roja con blanco en las mangas me gusto mucho tu oufit eso bye ,,🏛️ San Joaquín
13/4/2026 14:07:19,"Ser imbecil es ser como : “si tu opinion es media controlada, ay eres tibio” pedazo de imbeciles",,🏛️ San Joaquín
13/4/2026 14:17:38,"Esa gente q dice q no le importa pintarse las patas, si quiera piensan lo que están declarando? Piensa que no solo te estás exponiendo como alguien que está dispuesto a comprometer la felicidad ajena por tu propio placer si no que además insultas la integridad de esa misma pareja al asumir que son tan cualquiera, tan fáciles que se van a ir por alguien de tu calaña, algo más de respeto por favor, si te gusta alguien que ya tiene pareja y ves que se quieren mucho, que la pasan bien y que no tienen ningún interés en incluir a nadie no seas tan rastrero como para ir y joderles el buen rato y si por otro lado tú cómo pareja permites que eso ocurra sabiendo que dentro de tu relación acordaron que no estás dentro del mismo saco que el tipo de energúmeno anterior.",,
13/4/2026 14:28:14,Prefiero que un amigo me diga sansano a que un sansano me diga amigo.,https://drive.google.com/open?id=1F6MVUmsldYFQhbQdoF8deSgXTFffU-A6,🚢 Casa Central
13/4/2026 14:44:08,"Ya no lele pancha (piso 3 del p, baño de hombres)",https://drive.google.com/open?id=1DeVXc0QcxLSCPD42C0msTdt0tcVtynio,🚢 Casa Central
13/4/2026 14:45:10,"Busco polola, soy medio weko si",,🚢 Casa Central
13/4/2026 15:00:00,la gente de izquierda es muy weona,,🏖️ Viña del Mar
13/4/2026 15:01:49,"Soy una persona muy tímida, y no tengo muchos amigos, así que en mi tiempo libre me gusta shipear personas, para la semana de la recepción mechona, vi a unos chicos, 2 rubios, uno negro, uno con lentes, y uno muy alto y musculoso, creo que el que los guiaba (igual alto y musculoso)le dicen Ruso, y bueno, sentí mucha tensión sexual entre estos 2 muchachos altos y varoniles, hace poco me enteré que el alto mechon entro a casa central, creo que ssu apellido es güerner, espero que algún día se encuentren de nuevo y se hagan pareja, para poder dibujar yaoi de ellos",,🏛️ San Joaquín
13/4/2026 15:13:42,para la de la 26.14 posibilidades para alguien que está aburrida de los hombres ,,🚢 Casa Central
13/4/2026 15:23:49,La pedofilia es una sexualidad ,,🚢 Casa Central
13/4/2026 16:14:51,"Imagina ser tan perdedor culiao como el admin y el weon zurdo llorando poraue los gays votaron kast y Oh sorpresa se puede ser gay sin estar afiliado a la rama politiga de los lgbtq+ ademas de ser una rama movida por el odio, apoya abiertamente a los wnes que se identifican como pendejos de 10 años que son pedofilos. Asi que novedad para los saco weas que creen que kast eliminando la wea de lgbt va a eliminar a los gays, ahorrense el discurso de victimismo y ponganse a leer alguna wea o informense x medios oficiales y no por fuentes de tiktok como el admin kl que se la echa a cada rato con el ego ql por los aires, echando mierda a confes anonimas que tienen cierto sector politico y oh sorpresa tambien vo pobre y triste ql que te tienen de perkin subiendo confes tambien estay en el anonimato asi que hacete un favor y deja de dispararte en la lata ql perdedor XD. Adjunto foto de referencia de vo",https://drive.google.com/open?id=1yKqP0IByVTjcB2jqpzXO3CRyYyCEvjvn,🌳 Concepción
13/4/2026 16:21:12,"Loco callense un rato wn te creo cuando son mechones pero ramos de 4to año si quieren cagarse de la risa qudense afuera, te creo una vez pero toda la clase kl como mrd mano por ultimo piola",,🚢 Casa Central
13/4/2026 16:24:15,"Hola soy mechoon creo me está empezando a gustar un chico de mi paralelo de álgebra nunca había sentido esto por alguien, que me guste un hombre va encontra de los ideales de mi familia no sé qué hacer ",,🏛️ San Joaquín
13/4/2026 16:33:25,Pensé que había dejado de ser migajera hasta que volví a apelar puntos ,,🚢 Casa Central
13/4/2026 16:42:06,"Hoy a eso de las 3:50 en los baños cerca del M (13 de abril por si suben tarde mi confe) habían 3 wns adentro del baño de minas Po wn más encima con 3 minas, mínimo si van a culiar haganla piola y en otro lado Po wn, de paso un aweonao dejo la mochila afuera se salvaron de la sapea pq estaba que me cagaba y no puedo cagar en los baños de la u pq mi ano desconoce el water, a lo que iba no culeen en la u degenerados re culiaos y respeten los baños, la otra vez tuve que ir a la chucha del mundo porque unos weones se encerraron en los baños giles kls hay un motel al lado de la u mínimo ni pa eso tienen los tontos kls gracias ",,🏖️ Viña del Mar
13/4/2026 17:14:16,Hay una mechona de minas q se anda haciendo la cariñosa con uno de la misma carrera  con novia y al wn parece aceptar esos coqueteos,,🏛️ San Joaquín
13/4/2026 18:07:49,Carlisho eres el mejor nose que hariamos sin ti!!! saludos desde tel aviv🇮🇱,,🚢 Casa Central
13/4/2026 18:13:41,soy terrible weon y no me meti al optativo de ingles antes de entrar y ahora nose que  se hace realmente,,🏛️ San Joaquín
13/4/2026 18:15:33,como?,https://drive.google.com/open?id=1ZbUWdxkZV4pZeKXYVFr5vT6WekEDvtzv,🚢 Casa Central
13/4/2026 18:44:27,"Kast esta salvando al pais. Con Jara estarian haciendo fila en los super.
Pobres rotos resentidos sociales dejen de hacer "" manifestaciones"" y agarren la pala sacos de wea",,🏫 Vitacura
13/4/2026 19:24:16,"Ratones muertos en casa central, bajando hacia el edificio T. Indignante...",https://drive.google.com/open?id=1VwMn8eh8i4XuE4yvRZR7ErgE8giFpGtu,🚢 Casa Central
13/4/2026 20:01:49,"hay una pelirroja con chasquilla q he visto en el lds y a veces me la cruzo pero nunca esta sola como pa hablarle, pasen ig (me da miedo hablarle) ",,🏛️ San Joaquín
13/4/2026 20:36:10,"Wn tanto webeo pa puro estudiar con descuentos, me tienen hinchaos los cocos desde el año pasado con la wea del fuas, de la juna, del cae, no puedo pasar ni un puto día sin escuchar estas weas y que más encima se tardan más que caracol culiando en anunciar los resultados estos ctm",,🚢 Casa Central
13/4/2026 20:44:37,"Quienes son los hijos de la mierda que cagan todo el baño en las K, vayan a cagarse a su casa. Tienen diarrea explosiva y no tiran ni la cadena ",,🏛️ San Joaquín
13/4/2026 20:45:07,Quien fue el aweonao que rayó la pizarra de la C231 con plumón permanente 🤌🤌,https://drive.google.com/open?id=1RQgKgOg4jQfAuXDiEQxHmFPsAcXK4jhP,🚢 Casa Central
13/4/2026 21:14:17,"Mi equipo busca portero de civil industrial, cualquier wea háblenme @tomasvcu",,🚢 Casa Central
13/4/2026 21:42:55,"hay un chico con el que tengo lab de fisica
Es moreno y flaquito, se que era de idp y se cambio a mecanica
Necesito su ig",,🏛️ San Joaquín
13/4/2026 21:44:32,"Que alguien saque ideas para conocer gente, no conozco a nadie en este tiempo que llevo de u. Como se le hace para conocer gente? O pa jugar a la pelota o no se cualquier cosa. No se a donde ir. Ayuda.",,🚢 Casa Central
13/4/2026 21:55:02,"soy de la sede de viña y quisiera que me integren a algún grupo de mechones, que le guste el anime, la ciencia, me gusta dr.stone (es un anime), no soy bueno para los deportes pero converso mucho",,🏖️ Viña del Mar
13/4/2026 21:59:24,Oye los qliaos que usan los urinales no pueden ser mas indecentes csm como que cada vez que voy a mear en uno la wea esta lleno de pendejos por la re chucha. El otro dia en el m habia uno que parecía selva csm. Aprendan a rasurarse aunque no culeen enfermitos! Ya me aburrieron de ahora en adelante voy al baño inclusivo y yera.,,🚢 Casa Central
13/4/2026 22:13:46,"Es verdad que los profes (algunos) suelen tener favoritismo o ser más simpáticos con los estudiantes de su mismo departamento? He escuchado, pero la vdd dudo q sea tan verdad ",,🏛️ San Joaquín
13/4/2026 22:17:42,Por que xuxa no tiran la cadena wn como si fuera tan agradable ver el miao del wn que fue antes oe si son 4 segundos de tu puto tiempo coxinos ctm,,🏖️ Viña del Mar
13/4/2026 22:20:55,"hermano los del paralelo 215 del taller de álgebra… pueden callarse un poco, el profe intenta explicar los ejercicios y ustedes no cierran el hocico ☺️, si quieren hablar mínimo susurren. ",,🏛️ San Joaquín
13/4/2026 22:31:18,mis amigos estan coordinando para xuparse el pico entre 3 (se supone q son hetero),,🚢 Casa Central
13/4/2026 22:32:31,hola buscamos 2pa2 mechon 😛 que sale,,🏛️ San Joaquín
13/4/2026 22:33:26,"hola porfavor hagamos algo, necesitamos un castaño minimo en sj, el negocio del patio de lamparas apenas y te dejan usar la juna y los carritos no son suficientes 😓",,🏛️ San Joaquín
13/4/2026 22:40:48,Dejen de imprimir mechones csm,,🌳 Concepción
13/4/2026 22:44:12,"oe hermano, aquí entre todos, la izquierda y la derecha fueron creados por los ricos para hacer pelear a los pobres loco, ustedes creen que la idea ajena es la equivocada, tu estas equivocado porque crees que eres superior por tener poco sentido común, ser de izquierda y pagar la matrícula entera y tener plata pa comer o ser de derecha y tener junaeb y gratuidad da lo mismo, la wea es putear al otro, espero que aquellos que me insulten y me digan tibio o cobarde sean felices besando sus cadenas 😉🖤",,🏖️ Viña del Mar
13/4/2026 22:45:14,Pa cuando regresan los carretes a la u?,,🏛️ San Joaquín
13/4/2026 22:49:05,"Aprovechando que ya vi unos cuantos post sobre derecha e izquierda me gustaria dar la opinión de que tanto Jara como Kast a nivel político son una broma y ni hablar de lo que es el Artes o el Kaiser que recordemos este grupo se contradecía a cada rato y en puras tonteras donde en muchas ocasiones ni siquiera tenian una pizca de respeto por el otro candidato. En resumidas cuentas la clase política actual es un chiste sin importar el sector donde ahora se nota la diferencia de lo que fueron Piñera y Bachelet que si bien no fueron los mejores al menos tenian la desencia de hacer cumplir su palabra, mostrar respeto por el ""rival"" y mantener en un buen margen económico tirando a números verdes lo que era Chile y por último solo decir que Chile no avanzará si jugamos al empate o enemistad donde el trabajo de construir un Chile mejor es de nosotros mismos sin importar si eres Derecha, izquierda, centro o independiente.
Espero se entienda esta cosa. 🐦‍⬛",,🏖️ Viña del Mar
13/4/2026 22:50:18,Ya pero el loco que pasa con la mochila de bomberos literal cada dia está mas rota,,🏖️ Viña del Mar
13/4/2026 22:52:40,Los conchetumare zurdos y de derecha se estan echando todos los ramos y andan llorando y weiando x politica jjajajajajajajjajajajajajakajajajajajjajsjajajsj,,🏛️ San Joaquín
13/4/2026 22:56:53,"""Dia re culiao voy a domir a la sala pasta un rato""
Unas criaturas de 20 añitos:",https://drive.google.com/open?id=1fy7TUj3NZF6KFxh7b3038vRW3dsw1SgC,🏛️ San Joaquín
13/4/2026 22:59:25,"Gente, como recomendación: no le hagan caso al tontito del franco_vulpi

En otra página de confesiones de la USM que había antes, ese wn igual comentaba pura mierda y al final todos nos cagabamos de la risa de él hasta que se aburrió... Pero veo que vino para acá a joder también.

Cómo les digo, solo ignorenlo, porque al final es como el típico loquito del centro pero versión USM.",,🚢 Casa Central
13/4/2026 23:02:13,"Si no eres capaz de argumentar a favor/contra de la izquierda/derecha eres de la misma calaña que se informa por tiktok. Y no, decir “amarillo y weko” o poner un gif culiao no te hace alguien mas inteligente o con mejor vision social, solo eri un weon que repite.",,🚢 Casa Central
13/4/2026 23:09:55,"Más q le dan color cn la política, hagamos día sansano donde nos besamos todos",,🏖️ Viña del Mar
13/4/2026 23:11:57,La rectoría nos fue prometida hace 3000 años,https://drive.google.com/open?id=1i4biRLJRdMBmH6v0RVBCWXXycsDnx7O4,🚢 Casa Central
13/4/2026 23:12:57,"Oye admin, eres hombre o mujer?

Bueno, da igual, siéntate en mi cara porfa",,🚢 Casa Central
13/4/2026 23:14:14,Puros weones tibios los del colegio qlo feo ese de Vitacura. ,,🏖️ Viña del Mar
13/4/2026 23:15:22,El ayudante de proyecto inicial de ICQ esta entero lindo.,,🚢 Casa Central
13/4/2026 23:18:12,"Quiero aclarar que no todos en vita somos perkines, algunos si tenemos conciencia política. Se puede ser privilegiado y apoyar por que todo sea más equitativo ",,🏫 Vitacura
13/4/2026 23:18:23,"He conocido a mucha gente que son mejores que los weones malos que estan en la selección de futbol, que se han ido a probar y no quedan
Por eso la usm en fútbol casi siempre pierden y dan la cacha, seleccion de amistades y apitutaos, poca seriedad",,🏛️ San Joaquín
13/4/2026 23:20:25,"me da rabia y risa al mismo tiempo que los wnes se enojen porq ""meten política"" y cuando meten política ""todo caga"", siendo que la vida en si misma es un acto político. Que tu vida gire entorno y se base 100% en tu posición política lo encuentro ya un poco mucho, pero me parece un chiste que la gente piense que la ideología que uno tiene no está o que no debería afectar en estas conversaciones, después de todo las decisiones que uno toma y la ideología que sigue va ligada a los valores, y si tienes unos valores de mierda y te sientes atacado cuando la gente webea lo que ""defiendes"" o sigues ps lol reflexiona tantito 😇",,🏫 Vitacura
13/4/2026 23:21:32,"Todo el dia estan los mismos wnes en la mesa de ping pong, no le dan break, parece que vienen a la u a puro jugar en vez de entrar a las clases. que la uni se raje con otra mesa o la federación (tampoco tan care raja, una colecta o no se)
",,🚢 Casa Central
13/4/2026 23:35:04,"A quien CHUCHA SE LE OCURRE PONER LA HORA DE ACTUALIZACIÓN DE LA PLATAFORMA A LAS 6:30 AM PA PEDIR HORA AL GYM, QUE LES CUESTA PONERLO A LAS 9 DEL DIA ANTERIOR O UNA WEA ASI DEJEN DORMIR CARAJO",,🏛️ San Joaquín
13/4/2026 23:35:55,"Que triste que Chile se haya separado tanto por la política, obvio que es importante, pero desde que se radicalizo que todo es odio, entiendo que cada uno tenga su ideología, y diganme amarillo y weko, pero que triste que ahora todos se odian entre todos por eso, a fin de cuentas era centro izquierda y centro derecha, desde que entraron ambos extremos que todos tiran mierda hacia todos, devuelvan el 2015 donde todos tabamos unidos como chilenos, independiente del lado politico que uno tuviera, aca ta alexis, alexis y la copa america, alexis, le pegoooooo chile campeon, chile campeon, chile campeon, chile campeon de copa america, en un partido dramatico, en una tarde sufrida, no podia ser de otra forma, dejamos atras 100 años de lagrimas, dejamos atras 100 años de derrota, dejamos atras 100 años de robos arbitrales, dejamos atras los años de perdedores, para consagrarnos en ñuñoa, para danzar una danza frenetica, para celebrar de arica a punta arenas…",,🏛️ San Joaquín
13/4/2026 23:38:16,"Pe Imagínate ser ese wn patético enamorado por una mina q ni vola te da, solo amistad xd",,...
13/4/2026 23:44:53,hay una loquita muy bonita que tiene el pelo negro y chaquilla y la he visto jugar brawl me la topo en varios ramos pero no se si es de industrial o de comercial,,🏫 Vitacura
13/4/2026 23:46:02,"Me siento tan tonto en esta U. Hago puras preguntas tontas como si x compañera tiene polol@. Ando viendole la cara a las minas y catalogándolas entre lindas y feas sabiendo perfectamente que de no ser porque tuve solo una relación en serio en mi vida no tendría el ego que tengo. Quiero hacer otras cosas aparte de estudiar, quiero volver a hacer deporte, quiero volver a caer en los brazos de la persona que amo. Pienso en esa relación y lo único que consigo es sentirme mal. Quiero enfocarme en mi pero también extraño dedicarle tiempo a alguien. Ahora mismo que escribo esta confe me siento idiota por no enfocarme en lo que realmente importa. Quieran a sus parejas cabros antes de que se arrepientan por no haber compartido lo suficiente. Si la wea no funcionó denle el luto que se merece, reconozcan sus errores y lloren lo que tengan que llorar, pero la vida sigue adelante. Me gustaría ahondar mucho más en esto pero lo haré en otra confe supongo. Tengan linda noche jóvenes.",,🏛️ San Joaquín
13/4/2026 23:49:17,todos los q usan ia pa los trabajos o pa la wea que sea son terribles weones toy ni ahí salu2,,🏛️ San Joaquín
13/4/2026 23:50:08,"Hola, estoy ofreciendo clases de Japones básico, basados en clases que tuve en Japón-
Presencial en San Joaquin u Online
Contenidos: todo lo necesario para ser Nivel N5 (nivel mas básico)
150 kanjis, hiragana, katakana y mas de 1000 palabras de vocabulario
Basado en Libro Genki 1
15.000 pesos la hora individual
10.000 si es grupal desde dos personas
cualquier cosa me hablan 
@alfonso.maker
読んでくれてありがとうございました。",,🏛️ San Joaquín
13/4/2026 23:50:29,"COMO ES POSIBLE QUE LA MITAD DE LA U SE LLAME IGNACIO Y QUE LA MITAD DE ESA MITAD IGNACIO SEA EL SEGUNDO NOMBRE, TANTO HOMBRES COMO MUJERES Q WEAAA JAKSJAKA",https://drive.google.com/open?id=1u_9ybrW605omVo2GGmYTbuzXASxOU_vd,🏛️ San Joaquín
13/4/2026 23:50:58,"Había un chuncho qlo raja en el piso 6, mechones qls perkines ",,🚢 Casa Central
13/4/2026 23:52:31,"Mechones reculiaos alusinaos pasaos pa la punta del pico ojala se hechen todos los ramos y se vallan rapidito y asi dejan de contaminar con su mera presencia bulliciosa, irrespetuosa y retardada, no estamos na en el liceo sanganos reculiaos. hola",,🚢 Casa Central
14/4/2026 0:26:44,Acabo de cachar que el profe Ruggiero es como el Skinny Pete de Breaking Bad pero pelao XD,https://drive.google.com/open?id=1dZEg4xElhY7t6NPoZdUngJS9x-r8TuvX,🏛️ San Joaquín
14/4/2026 0:29:00,"Si tuviera una moneda por cada vez que he escuchado a gente cog*r en los baños del K tendria 2 monedas, lo cual no es mucho pero es raro que haya pasado 2 veces.",,🏛️ San Joaquín
14/4/2026 0:33:34,El otro día vi al mafioso de inf peleando en el metro Ñuble xd,,🏛️ San Joaquín
14/4/2026 1:00:13,Wn vivo en un departamento cerca de la u y hay unos perkines kl y la ctm que no cierran el puto hocico en la noche.  me tienen chatos cállense Porfavor se los suplico😭( si lees esto cállate chuchatumare). Porfa( igual va para los de la biblioteca que va a webiar al piso 6),,🚢 Casa Central
14/4/2026 1:19:09,"Te quiero, nunca te dejé de amar, sigo siendo tuya, no te quiero soltar, no quiero ser tu ex, te extraño",,🚢 Casa Central
14/4/2026 1:22:11,Si todos fueran tan sigma y tuvieran tanta aura como yo el mundo sería un lugar mejor yerii,,🏛️ San Joaquín
14/4/2026 1:31:35,"Y si nos vamos a los baños y me besas toda? y me aprietas la cintura como te gusta, y me muerdes y me pones toda caliente, y volvemos al principio, a cuando pensaba que eras un caliente porque cuando me abrazabas y me besabas te la sentía dura? Pero no, no eras un caliente así.. era sin querer.. quiero sentirte de nuevo, extraño eso.. volvería al -1 del p cuando me abrazaste mientras me dabas besos y te alejé porque me dio cosa sentirtela toda dura",,🚢 Casa Central
14/4/2026 1:50:08,"Universidad qla estoy tan arrepentido de haberme metido a esta wea, y no lo digo por la dificultad, si no por su ambiente tan fome, mechones que se hacen tres amigos y ese es su grupo para todo el año, ayudantes buena tela y otros que se creen el hoyo del queque, como si ganaran más que el rector. Administrativos pencas, centro de alumnos que no junta ni 20 weones para marchar, Hasta la U más penca al sur de Chile tiene más ambiente que esta wea, y para que hablar de los de tercer año para arriba, egocéntricos a cagar como si fueran la mejor wea del mundo, pero les evalúas sus habilidades blandas y se cagan enteros. Salgan de su zona de confort y hagan que la U no pierda el brillo que tenía antes, que por último den ganas de estar en la U después de clases.",,🚢 Casa Central
14/4/2026 2:02:12,A mi me encanta él su forma de ser siempre me hace reir y me encantan sus ojitos... pero me da miedo arriesgarme jajaj no quiero que me rompan el corazón ,,🏛️ San Joaquín
14/4/2026 2:02:25,#2746 Tu vieja está más rica,,🚢 Casa Central
14/4/2026 2:05:26,Le resultó bien a la MOSSAD la estrategia de tener a todos los chilenos peleando entre ellos mientras ellos se apoderan de la Patagonia.,,🚢 Casa Central
14/4/2026 2:11:09,"No entiendo lo malo de que una persona de derecha use beneficios sociales tales como gratuidad, Junaeb, etc si al fin y al cabo estan echos para usarse y no porque seas de derecha significa que estas en contra de estos o eres facho, uno debería respetar cada opinión aunque no le guste y no discriminar a la otra persona por su situación económica debido a su orientación politica ",,🏖️ Viña del Mar
14/4/2026 2:12:17,"Los admins siguen estudiando, en que sede van, en que año y como ctm les da el tiempo? ",,🚢 Casa Central
14/4/2026 2:38:29,"Por qué no se hacen protestas o reclamos para mejorar la universidad?,",,🚢 Casa Central
14/4/2026 2:39:49,"Hola estoy buscando algún tel que se haya ido de doble título al imt, quiero postular y tengo muchas dudas respecto al proceso y como es la vida en francia. no sé nada ayuda 😅",,🚢 Casa Central
14/4/2026 4:24:56,"hay una mina en mate25 de lentes que anda todo el rato con un mino flaco blanco de ojos azules, suéltalo un rato wna nadie te lo va a quitar",,🚢 Casa Central
14/4/2026 5:24:48,"Deberian dejar tomar copete dentro de la u, si al final a la u les importa importa una tula la salud mental, minimo que dejen relajarse piola",,🚢 Casa Central
14/4/2026 5:43:34,Oye callen am ctm del franco_ nose cuantito. sea de derecha o izq me tiene las weas llenas comentando todas las publicaciones de política ta rallao con la wea es como un taldo,,🏛️ San Joaquín
14/4/2026 6:47:52,sabes que la wea está seria cuando hasta los qls de derecha quieren irse a paro,,🏖️ Viña del Mar
14/4/2026 6:57:45,Un parito pls,,🏛️ San Joaquín
14/4/2026 7:18:46,"como mierda van a estar los mismos weones todo el dia en el ping pong, a la unica wea que van a la u es a esa wea. Mas encima si uno logra encontrar un rato que este libre la mesa para jugar con amigos llegan los wns siempre y pasaos a caca empiezan a ganar a todos pq siempre estan jugando. Vayan a estudiar mejor cabros.",,🏛️ San Joaquín
14/4/2026 7:36:23,"estoy cansado de fingir wn, tengo que ser muy honesto, ME ENCANTAN LAS WATONCITAS 😋😋😋😋😋😋😋😝😝😝😝😝😝😝😝😝😝😝😝😝",,🏛️ San Joaquín
14/4/2026 7:40:14,"Los que no quieren ver política en la U encuentro que están súper desconectados de la realidad. Ya no estamos en el liceo, estamos en otra etapa, y la política forma parte del día a día, nos guste o no.
También me carga la gente que se cree superior por su postura política, parece q fueran huevito rey po cn ese aire de superioridad intelectual po ctm. Al final terminan defendiendo a políticos que ni los mean. Ese fanatismo es una basura venga del sector que venga.
Y ejemplos sobran. Cómo puede llegar alguien como Johannes Kaiser a ser diputado?????. Ahí ya no es solo un tema de discurso o promesas, es algo más básico: lo humano.
Más allá de ideologías, lo mínimo debería ser eso: cómo tratas al resto, la empatía, no cosificar a la mujer, el respeto, incluso hacia los animales. Cuando ni eso está, ya no es un tema de política, es un tema de valores.
Tenemos q empezar a preguntarnos, como personas así pudieron llegar a ser un puesto que nos ""representa""?  Como personas tan desconectadas con el como se vive en el pais toman las decisiones sobre nosotros??
Debemos, como estudiantes y personas, tener un mejor diálogo, ser muchísimo más críticos con las decisiones y palabras que ellos y nosotros tomamos.
",,🌳 Concepción
14/4/2026 7:49:57,"No soy de esta u(soy de otra)pero me divierte leer las confes de acá,me acompañan en cada viaje",,Pucv
14/4/2026 8:24:52,"Toy cachando que varios de la jmc deberian pasar por unas maracas, saludos",,🏖️ Viña del Mar
14/4/2026 9:03:21,"Así como se manifestaron por el no pago a los ayudantes, se hubieran manifestado en contra del proyecto +USM, un proyecto que afecta a todos la comunidad xd, Fede y ccaa así estaban 🫢🫢🤫, preocupadxs de puras weas (cómo siempre xd)",,🚢 Casa Central
14/4/2026 9:11:56,"La razón por la que estamos ""radicalizados"" y porque nos enojamos con la realidad política de este país es porque somos idealistas weon. Me carga que haya ganado Kast porque ese viejo qlio va en contra de todas mis convicciones y creencias, activamente respalda a gente que torturó a mi familia, es apoyado por empresarios que lo único que buscan es llenar sus bolsillos aún más a costa de la gente que tiene menos, y la lista qlia sigue y sigue. Cómo esperai que me quede tranquilo weon? Cómo esperai que no me queje? Sí, el weon ganó por amplia mayoría Y ESO ME DA AÚN MÁS RABIA. Porque un montón de gente le creyó a ese populista qlio cuando dijo que iba a trabajar por ellos. Sí, soy un llorón qlio. Soy un wn que va a defender sus ideas hasta las últimas y que me voy a emocionar por las victorias y derrotas. Porque este país siempre ha estado polarizado, pero somos expertos en ignorarlo. Así que váyanse a la chucha con su amarillismo.",,🏛️ San Joaquín
14/4/2026 9:15:36,"Me gustaría confesar que no entiendo por completo a la gente que le molesta hablar de política (no a quien no quiera hablar de ella).
La política es algo que siempre va a afectar nuestra vida, quien lo quiera o no, es un tema relevante del cual hablar, lo que creo que deberían destacar es la falta de respeto que se da al hablar de la misma.
Al ser una cuenta de confesiones veo normal los comentarios políticos, uno puede decir su opinión sin que lo ataquen, en especial si son de algún extremo. 
Mi confesión sería, odio ambos extremos, y en el caso de estas elecciones, si uno veía a los candidatos y su actuar, había uno que claramente se la pasó mintiendo y tirando fake news. 
El ataque no va a la derecha, va al candidato que no representa lo bueno de su sector, si no únicamente lo malo.",,🚢 Casa Central
14/4/2026 9:19:46,Q wea se creen los ingecos qliaos,,🚢 Casa Central
14/4/2026 9:20:16,"Ig del admin, te amo ",,🚢 Casa Central
14/4/2026 9:43:06,"Los mechones hablan como si llevaran años en la U,  fantasmas qls",,🏖️ Viña del Mar
14/4/2026 10:01:00,"Pal aweonao del M que estuvo como 20 minutos pegándole a la máquina expendedora, deja de meter bulla, si ya cago la luca compañero",,🚢 Casa Central
14/4/2026 10:14:13,Le pueden decir lo que quieran al furro facho weko pero dice lo que muchos callan y sin esconderse en una anónima,,🚢 Casa Central
14/4/2026 10:38:53,Hay un grupo de mechones medio grande donde uno de ellos es un ped0fI/lo asqueroso que lo echaron de su anterior liceo por usar las fotos de niñas de su mismo liceo con IA para crear videos e imágenes p0rn0. Su grupo ni debe saber y que asco que gente así tenga amigos (es uno muy moreno). Nose si decir la carrera o el nombre ¿Q opinan?,,🚢 Casa Central
14/4/2026 10:40:54,"Una pregunta, los weones q les va bien, con cuantos dias o semanas de anticipación estudian?",,🚢 Casa Central
14/4/2026 10:49:54,Abajo del casino habían unos locos cortando el pelo sbdhshsh unos vios estaban re piolita q pasen precios ,,🏖️ Viña del Mar
14/4/2026 10:51:19,hay un loquito de astrofisica de 2do año q encuentro super lindo tiene el pelo largo y es alto y tiene la media diuca y se llama alex🤫,,🏛️ San Joaquín
14/4/2026 10:52:28,Amo a los wnes que dejan la puerta abierta al entrar en el piso -1 del edificio k para cagarse de frío ,,🏛️ San Joaquín
14/4/2026 10:56:21,"Que ricas son las chicas trans, he visto a algunas por la u pero me miedo hablarles 
Consejos para acercarse ",,🏛️ San Joaquín
14/4/2026 11:06:15,"Está muy tensa la u, relájense un poco weon. No cuesta na llevar las cosas por la paz ",,🏫 Vitacura
14/4/2026 11:07:25,Alguien sabe qué pasó con la gente que se ponía a vender cosas en el hall del c?,,🚢 Casa Central
14/4/2026 12:21:57,alguien de copiapo en la u?,,🏫 Vitacura
14/4/2026 12:34:07,"Pregunta seria que es mejor una rubia tóxica o una gótica tóxica

Team rubia 📢 ",,🏛️ San Joaquín
14/4/2026 12:50:30,como te la echai por un ramo challa 2723,,🚢 Casa Central
14/4/2026 12:54:54,"Me sorprende que en persona en la u solo encuentro gente de derecha pero en redes sociales y acá en confesiones solo hay gente de izquierda, seria interesante que todo el mundo respete opiniones ajenas y simplemente compartir formas de pensar y así enriquecer al sansano, lastima que en general la gente prefiere solo creer que ella esta en lo correcto",,🚢 Casa Central
14/4/2026 12:57:07,que vuelva el spike ball,,🏫 Vitacura
14/4/2026 13:06:00,"Uno puede burlarse de ing comercial, arqui e industrial? Sino, ta bien. Un saludo",,🚢 Casa Central
14/4/2026 14:28:12,"Weón, por qué de repente hay tantas confesiones sobre Israel?

Los goyim de esta universidad están tomando conciencia.",,🚢 Casa Central
14/4/2026 14:30:44,"Para los que andan de políticos y moralmente superiores en las confes..
Juran que la wea es derecha vs izquierda y por eso Chile está tan dividido, Capitalismo americano y Comunismo son la misma caca teñida de colores distintos pero ambos de un origen en común (masones talmudicos). Ambos sectores han provocado masacres en su nombre. Ojo que no soy centrista nicagando, solo abran sus ojos y vean que se trata del Chileno contra la élite política. Si te crees superior por ser de derecha o izquierda entonces estás más manipulado de lo que crees. VIVA CHILE, VIVA LA INGENIERÍA PARA EL PUEBLO CHILENO",,🏛️ San Joaquín
14/4/2026 14:30:46,"Wn dejense de hablar de politica, como si con jara fueran a estar mejor. Si la mayoría de uds van a ser gerentes, no proletariado.",,🏫 Vitacura
14/4/2026 14:31:30,"Hermano ya no se puede mear tranquilo en el p. Habia un weon en la esquina puro haciendose la manfinfla. (Se escuchaba brijido)
",,🚢 Casa Central
14/4/2026 14:32:07,"Soy mechona de industrial y me gusta uno de comercial creo q se llama Matias, no se como hablarle ademas siempre esta con sus amigos que hago? ",,🏫 Vitacura
14/4/2026 14:44:59,Pasen el ig del ayudante corrector de proyecto inicial de mecánica🙏🏻 dejo imagen de referencia:,https://drive.google.com/open?id=1LTEoPO3ZcsPFm1UK1xVdRpno9CERJPrv,🚢 Casa Central
14/4/2026 14:45:33,Cabras ya tiene dueña sorry,https://drive.google.com/open?id=1de3lB0wbY8I_DV2YuZywFRZIT0WZvtbm,🚢 Casa Central
14/4/2026 14:48:38,El ayudante de Mec141(grafica)ta entero mino 🫦🫦🫦🫦:,https://drive.google.com/open?id=1M1t3tFfNmPmDGMOFCPoF9-OS4XscQyzW,🚢 Casa Central
14/4/2026 14:52:27,"No es confesión, pero necesito profe particular para MAT-070. Si alguien tiene algún dato porfis que lo comparta 🙏. 
",,🚢 Casa Central
14/4/2026 15:02:08,"soy mechón y hay un loko que no sé si sea bi o gay pero me atrae caleta, se que se llama máximo y está en las cátedras de hirch en los primeros bloques .
pasen ig ",,🏛️ San Joaquín
14/4/2026 15:28:52,"me gusta Vicho jiménez de comercial 1er año , siento q también me coquetea harto pero me da vergüenza dar el siguiente paso",,🏫 Vitacura
14/4/2026 15:32:00,"Kn xuxa es Franco Vulpi y pk responde todas las confes creyendose el hoyo del queque cuando nadie lo funa sjjsjaja. Facho y furro, Dios si castiga 2 veces",,🚢 Casa Central
14/4/2026 15:53:00,"Hoy martes 14 fui a la sala pasta a dormir como siempre hago para derrepente despertar xq decidieron usar la sala completa pa ver un partido de futbol, no metan ruido si la sala es pa dormir",,🏛️ San Joaquín
14/4/2026 16:02:56,"A las ayudantes que estuvieron en la sala grande del certamen de quimica de procesos, le pagan mas por ser unas pesaas culias o que??",,🏫 Vitacura
14/4/2026 16:20:38,Time skip hasta la semana de receso xfa 🗣️,,🚢 Casa Central
14/4/2026 16:28:13,pa cuando bombardeamos el inacap de al frente?,,🏛️ San Joaquín
14/4/2026 17:08:33,"Miguel Rodriguez, el weon me acoso y me violo, por lo que he oído no soy la única a la que le a hecho eso, tengan cuidado chicas",,🏫 Vitacura
14/4/2026 17:41:16,"Hago un llamado, a todos los sansanos, a traer de vuelta, a los antiguos quienes comentaban cada publicación de esta cuenta, el diego gifs, el que comentaba al ronald morris, la jota avalos (creo que así se llamaba) y al wn incógnito basado, quien tenía un nombre que no me acuerdo como era que se llamaba, pero siempre confesaba una wea basada, siempre se iba al formulario y bum, wea basada",,Confesor antiguo 
14/4/2026 18:18:48,"No se socializar... Pero quiero amigos que le guste la F1 o Pokémon, cualquiera de los dos 👍👍 ",,🚢 Casa Central
14/4/2026 18:20:01,al hermes d 1mero civil industrial le chuparía el pene en al baño a ese negro rico,,🚢 Casa Central
14/4/2026 19:12:44,Pa cuando prende cerrito???,,🏛️ San Joaquín
14/4/2026 19:18:40,ya no lele pancha,https://drive.google.com/open?id=11UvBHq4LBhOzyXfZZKRfV-X4yGp27yuy,🏫 Vitacura
14/4/2026 19:26:15,"TODOS WEONES La manera mas efectiva de controlar a la población es a través de la disputa :v 
El debate no es q partido tiene la razón, si llegas y segmentas a todo un grupo con ciertas cualidades es pq vo eri el imbecil xd
¿Es mas down el kkast o el merluzo? AMBOS WEON, NOS PASAN POR EL PICO IGUAL. pero tu te poní a defender y a idealizar, son todos malos y tu partido todo lo bueno jsjdjjd 5 añitos la criatura.

Analicen las situaciones fuera de su espectro político hmno, y esto lo digo tanto pa derecha como izquierda, últimamente cada vez q hablo de política me siento re aburrida pq solo veo un copypaste de ideas q sacaron de ig, :p",,🏛️ San Joaquín
14/4/2026 19:31:19,"Hay una weona de 2do año en laboratorio de electrónica, que nunca se calla, siempre interrumpe las clases, en los certamenes no se calla nunca... Tienes chata a todas las generaciones, callate un rato, hasta los profesores la mandan a callar. No entiendo para que meterse a estudiar y actuar como niña. Eres una adulta Deja de actuar como niña y deja a los demás concentrarse!",,🌳 Concepción
14/4/2026 19:41:58,"wn, hoy tuve mi primer certamen, ayer k tuve clases de ese ramo decidí no ir a clase pa quedarme estudiando por mi cuenta pq el profe qliao no explica nada wn y dice ""pa k lo voy a hacer si esta en la ppt"" (EXPLICA KLIO PA ESO DAI LA CATEDRA KLIA), asi k estoy pensando en simplemente saltarme sus clases (q ni asistencia tienen) y estudiar sus weas de ppt por mi cuenta pq siento 100% k estoy perdiendo valioso tiempo yendo a sus *""""clases""""*, ¿creen k es una bna idea?",,🏛️ San Joaquín
14/4/2026 20:05:11,Revivan el Horny USM 🗣️,,🚢 Casa Central
14/4/2026 20:09:48,"Me gusta un chico y bueno igual otra chiquilla lo encuentra lindo así que me da cosa hacer algo por el. Prefiero quedarme con la duda y no arriesgar, aunque creo que el igual me ha dado señales intermitentes, he decidido ignorarlo y dejar los sentimientos pasar. Mis amigos me han sugerido que tome la iniciativa pero me aterra el rechazo.",,🏛️ San Joaquín
14/4/2026 20:15:35,"Hava naguila, hava naguila, hava nagila venishmecha.
Hava naguila, hava naguila, hava nagila venishmecha.
Hava neranena, hava neranena, hava neranena venishmecha.
Hava neranena, hava neranena, hava neranena venishmecha.
Uru, uru achim, uru achim belev sameach, uru achim belev sameach.
Uru achim belev sameach, uru achim belev sameach.
Uru achiiiiiim, uru achiiiiiim, belev sameeeeaaaaach.

Hava naguila, hava naguila, hava nagila venishmecha.
Hava naguila, hava naguila, hava nagila venishmecha.
Hava neranena, hava neranena, hava neranena venishmecha.
Hava neranena, hava neranena, hava neranena venishmecha.
Uru, uru achim, uru achim belev sameach, uru achim belev sameach.
Uru achim belev sameach, uru achim belev sameach.
Uru achiiiiiim, uru achiiiiiim, belev sameeeeaaaaach.",,🚢 Casa Central
14/4/2026 20:18:13,no podi ser tan aweonao XD,https://drive.google.com/open?id=1fbt11giYPz8oqV785pPeDaEVe3CZIvhH,🏛️ San Joaquín
14/4/2026 20:47:04,Por que los weones de san Joaquín y Vitacura tienen opiniones tan aweonadas? Es como que son full la caricatura del cuico ql que te manda a esforzarte más y el weon no es ni capaz de parar una micro,,🚢 Casa Central
14/4/2026 20:54:38,hay un mechon q es powerlifter q esta entero rikoo,,🚢 Casa Central
14/4/2026 20:54:53,"hay una mina que me llama la atencion siempre la veo sola es alta y flaca, ocupa una mochila negra con una cosa verde, aveces ocupa un poleron morado con un diseño blanco en la espalda pero los ultimos dias la e visto con un weon alto, saben si esta con el   ",,🚢 Casa Central
14/4/2026 20:59:10,"Wn si conocen a alguien que próximamente entrará a la u eviten qué se metan a esta mierda y más si esta inestable emocionalmente ya que yo entre acá el año pasado estando mal pensando que esto me iba a ayudar un poco, pero me equivoque, estoy valiendo más verga de lo que valía antes y llegué al punto de creer que no terminaré el año, me metí al taller de música para ver si lograba contrarrestarlo pero no se pudo.
Así que como dije al inicio, eviten qué las nuevas generaciones entren a esta cagada de u porque no te ayuda cuando estas mal",,🌳 Concepción
14/4/2026 21:04:04,"puro weon/a caliente en esta universidad
van a la u a puro wear y despues se quejan d que se hechan los ramos, he visto a varios de persona en persona en menos de una semana",,🚢 Casa Central
14/4/2026 21:14:25,confieso ke folle en los baños del c,,🚢 Casa Central
14/4/2026 21:53:56,por que a los de vitacura nos odian tanto? 😢,,🏫 Vitacura
14/4/2026 22:01:15,Ese mechón llamado alberto de civil informatica esta todo delicioso 🤤🤤🤤🤤 top 2 de SJ porque top 1 siempre será ñuble man,,🏛️ San Joaquín
14/4/2026 22:01:36,Digan lugares pa comer rico con la juna,,🚢 Casa Central
14/4/2026 22:03:32,"Confesiones culias, yo antes era feliz y no sé como terminé peleando con sacoweas en los comentarios de esta cuenta",,🚢 Casa Central
14/4/2026 22:22:21,"Hay gente weona y esta el franco vulpi. Las cosas claras, el weon todo post politico que ve dice ""este wn es zurdito"" independientemente del contenido. Una wea es ser full ""vamos compañeres, hay tomarse la U"" y otra es decir ""cabros, igual hablar de politica se puede hacer de manera piola""

Se sabe que como sansanos tenemos mala comprensión lectora, pero este weon directamente no lee wn, como que el qlio ve letras y enseguida se le para la tuglita diciendo ""Uhhh ete wn es zurdito, ohh voy a comentar weas""

Ya igual ta bien que exprese su opinion pero igual si queri hablar de politica en una pagina relacionada a una U con origenes sembrados en apoyar a hijos de obreros, igual te serviria aprender a argumentar más alla de los ad hominem

Loco, si quieres criticar a la izquierda extrema con sus ideas politicas es tan simple como empezar la linea de pensamiento de ""El ser humano no se puede separar de su codicia""
Si quieres criticar que los politicos de izquierda han hecho weas estupidas, puta igual dificil considerando las figuras de derecha actuales pero de má encontrai

Pero esa wea de ""es q las dictaduras de izquierda han matado mucha gente"" es tan weon como argumento. Primero, vives en un pais donde hace 50 años tuvimos una dictadura en la cual irte del país en exilio politico era hasta un privilegio si mencionabas cualquier cosa en contra del Pichiket, la otra opción era caer muerto sin que nadie sepa que te paso. Segundo, a lo largo de la historia tienes millones de ejemplos de paises de ""derecha"" causando masacres; Japón, USA, Israel, Inglaterra...

Pero pa no ser tan pesao con el wn: Manito, armese argumentos solidos, o hable con gente que opine distinto pero de manera calmada, que créame que esa wea de descartar opiniones por qué ""es que opinan distinto de mi"" es algo que uno deberia dejar en la básica.

Mucho texto, exito en los certámenes a todos.",,🚢 Casa Central
14/4/2026 22:27:47,"Mi ayudante de 100 es muy bonita wn, es de mechitas y estudia física. En una la mina estaba explicando y se le vio un tatuaje que tiene en el abdomen era como un perro rojo. Pero parece que ta pololeando :(",,🏛️ San Joaquín
14/4/2026 23:02:37,"Extraño tanto a mi ex. Se cambió de U y llevamos meses sin vernos ni hablarlos, lo peor es que  YO le terminé  y fue por weas y cagasos míos. ",,🏛️ San Joaquín
15/4/2026 0:31:02,"Mi mejor amiga era de derecha y no tuve problemas hasta la elección pasada, en que ella votó por Kast. Ahí dejó de ser mi mejor amiga, corto vínculos con gente que no tiene conciencia social, no logro entender la poca empatia hacia el prójimo. 
La extraño mucho, pero me sentía hipócrita y falsa estando a su lado.",,🚢 Casa Central
15/4/2026 4:32:41,"Necesito ayuda
Un ayudante me puso un 0 porque no entregué una tarea en un día FERIADO (la entregué un día después)
Le mandé un correo preguntando qué onda y me mandó a la chucha, qué puedo hacer?
De verdad me frustra mucho :(",,🚢 Casa Central
15/4/2026 8:12:32,"puras weas mandan aquí, sáquense confesiones wenas, algún cahuin weno, miren que andar peleando por política y puras weas son más fomes",,🏖️ Viña del Mar
15/4/2026 8:34:42,"Me ayudan a denunciar a alguien por fis?
Me estafó con más de un millón en entradas de conciertos. Le bajaron la cuenta y se la volvieron a abrir. Es un estafador.
Se llama @dannnnigomez
Por favor 🙏",,🚢 Casa Central
15/4/2026 8:39:25,"Me uno a la confe 26:69, no existen de esos en vita ",,🏫 Vitacura
15/4/2026 9:01:46,"Los matemáticos son unos egocentricoa culiaos

Att: Un egocentrico culiao",,🚢 Casa Central
15/4/2026 9:08:47,Extraño Steel ball Run 🥀,,🚢 Casa Central
15/4/2026 9:20:13,"No se si les pasa pero cada vez que voy a la biblioteca nose si es la señal o si hay muchos conectados pero el internet va horrible , si tengo que hacer un excel o ver aula  y me demora 40 minutos porque viene se va  , aparte que se a estado callendo a cada rato últimamente y mas encima ni llegan datos por la estructura , ademas  que uno por mejor va a la biblioteca porque ahí uno está más cómodo aparte que depende de cada persona donde le conviene estudiar y da una lata tener que ir a otro lado por eso, entiendo que chuta la u no ta obligada al internet pero si lo tiene es como xd que si la biblioteca está vacía vaya así, entonces no me puedo confiar de algo que tiene la u pero q va ahí nomas como el jabón xd.",,🚢 Casa Central
15/4/2026 9:41:05,"sj vale callampa, el unico kiosco oficial no da abasto a todas las personas d la u, y para que hablar de los precios de los carritos...",,🏛️ San Joaquín
15/4/2026 9:57:45,"Hola, esto más que confección es un desahogo. 
Desde que empezo el año he sentido que voy 3 pasos atrás en el tiempo, que no igualó a mis compañeros en las entregas, controles, ideas, nada, siento que la carrera me está dejando sin vida, literalmente, me quedo dormida en todas las clases, trato de entender la materia pero al llegar a la casa me vuelvo a perder, trato de entregar todo pero siempre se me escapa algo. He pasado muchos días sin dormir y aún así no me alcanza el tiempo, me da importancia por mi porque el año pasado solía irme mejor y ahora me siento mediocre. Tengo muchas ganas de poder descansar almenos un día entero y no pensar en que tengo que entregar algo para taller, estudiar para algún control o certamen, y simplemente relajarme por un segundo. Talvez a muchos les pase esto pero además de la carga académica, es tener la carga económica que si no fuera por las ayudantías y becas no tendría plata ni para comida ni para materiales, a veces creo que mi pasión por lo que estudio ya se perdió y debería dejarlo.",,🚢 Casa Central
15/4/2026 10:30:40,Hola quería decir que el que desfuno a JB el no sabe lo que a hecho JB a Mi me a tocado manociado muchas veces pero yo lo dejo porque JB todo lo hace rico 🥵🥵🥵,,🌳 Concepción
15/4/2026 10:46:04,Hay un loco q siempre anda bolao fumando en los pastos ojala sea gay igual le doy parece q le dicen cubo,,🏛️ San Joaquín
15/4/2026 10:53:54,ayer unos wnes en el area de fumadores se fumaron un canuto kliao gigante y el guardia los fue a pakiar y los weones de sicosiaron caleta djsjsj,,🏖️ Viña del Mar
15/4/2026 11:58:05,"Amigo Brandom Fuentes Verdejo anda a buscar tu TNE a la biblioteca, la dejaste botada en las bancas fuera del R",,🚢 Casa Central
15/4/2026 12:39:33,Que vuelvan las fiestas de los viernes xd,,🏛️ San Joaquín
15/4/2026 12:58:09,"Me cago en dios tío como que hecharon al profe juan felipe espinosa cristina, den el contexto tío gilipollas ostias ",,🚢 Casa Central
15/4/2026 14:00:54,Aprendan a cuidar las weas de mesas pa jugar (taca taca o ping pong) weones q se la viven y rompen las weas 🖕🏻🖕🏻🖕🏻 ma encima son malos los xuxetumare ,,🌳 Concepción
15/4/2026 14:05:24,"Admin eres la primera persona que me dice te amo en el año, te voy a encontrar y me voy a casar contigo",,🚢 Casa Central
15/4/2026 14:47:23,"Quería confesar, que es súper fome que en teoría te alinden el aprendizaje con que ""hay que iterar una y otra vez y que la cosa es ensayo y error"". Pero cuando estás en los laboratorios, prácticamente no se aceptan errores.... Y ni hablar de hacer preguntas para aclarar tus dudas y hacerlo mejor. Quedas como tonto por preguntar y por no preguntar también.",,🏖️ Viña del Mar
15/4/2026 14:49:39,Jubilen al 🎹,,🚢 Casa Central
15/4/2026 14:59:35,Hola,,🌳 Concepción
15/4/2026 15:01:41,"en el baño de discapacitados de hombres que está cerca del lab de informatica siempre entran dos weones a comerse, se llama joaquin y el otro nose como se llama
",,🌳 Concepción
15/4/2026 15:14:24,"El otro día vi un femboy en el patio, cerca del cajero en sede viña, tenía falda, medias largas, sus accesorios y todo, se veía muy lindo, pero me dio wiwi hablarle o pedirle el ig😞 (soy hombre) ",,🏖️ Viña del Mar
15/4/2026 15:22:59,Un dia me acerce a un wn y olia a reineta recien filetiada el cochino hijo de puta,,🌳 Concepción
15/4/2026 15:33:22,"chicas tengan cuidado con sus cositas, traten de no dejar nada encima, pq andan robando hasta en los baños ",,🏫 Vitacura
15/4/2026 15:44:22,"weon como chucha pueden cagan tanto y dejar los baños todos cagados, todos los dias q voy a los baños de m o del a me los encuentro con tremendo churrete, o en el p ni el agua tiran y dejan el meado ahi floreciendo",,🚢 Casa Central
15/4/2026 15:56:01,"Weon, entiendo que sean fanáticos de un deporte y la wea, pero no podi gritar en una cafetería, es una cafetería y no porque tenga tele la hace un bar, tienen más de 18 años wn, comportense como personas y no como animales porque uno ya a la tarde va a comer después la fatiga de las clases, con la cabeza ya reventada a comer algo pa poder irse a descansar o seguir estudiando, no pa escucharlos gritar, weones imprudentes, no tengo atao que griten y festejen si la wea los pone felices, pero la cafetería de la universidad no es el lugar indicado, se llama respeto. ",,🚢 Casa Central
15/4/2026 16:21:47,"Hoy (miércoles 15 de abril) se me perdió mi poleron más o menos a la hora del almuerzo, es un poleron negro con letras de color naranjo de la marca zooyork. Está desgastado en las mangas (si sé que está roñoso pero hace frío y hay que taparse con algo)
Quién lo haya visto porfa que avise o lo deje en objetos perdidos porfa ",,🏛️ San Joaquín
15/4/2026 16:39:14,Creo que informatica me esta haciendo lentamente femboy,,🚢 Casa Central
15/4/2026 16:45:59,Ser ing ambiental y fan de Taylor Swift es una contradicción hasta biológica ,,🚢 Casa Central
15/4/2026 16:48:04,"Hola queria saber si en la comunidad hay gente gay o bi para experimentar, soy pasivo y tengo poco aguanté eso si les dejo mi numero porque el ig lo tengo botado +569 4657 1880",,🚢 Casa Central
15/4/2026 16:50:10,Impresionante cmo van a cagar el baño y dejan todo el pino plantado pa q el siguiente lo vea ☺️☺️☺️🤤🤤,,🚢 Casa Central
15/4/2026 16:52:59,"Baneen a los monos qls gritando en el noac, tienen todo el resto del campus para ver sus partidos de mierda, el noac es para estudiar",,🏛️ San Joaquín
15/4/2026 17:21:03,"Porfa diganme quien vende mota en cc wn veo a todo el mundo fumar pero nadie sabe quien los tieneeee, es como si el dealer supremo de la usm estuviera escondido entre las sombras noseeee. Sansanx ayuda a otrx Sansanx ctmm 🙏🏼😭",,🚢 Casa Central
15/4/2026 17:26:22,"Se quejan mucho de las guatonas pero no saben na que los perros comen hueso y los leones comen carne, afírmese pariente, watonsitas ricas al dm pa meterle unos cabesasos como el bambam zamorano en el real madrid club de fútbol.",,🚢 Casa Central
15/4/2026 17:48:43,"Se q soy de primer año, pero nadie parece querer salir a tomar o siquiera tomar, hermano na tan caro, latón en la calle. Uno termina paseándose solito con la chela, algún wn q apañe si medio litro de cerveza aprox sale 2 lukas, igual ta bien",,🚢 Casa Central
15/4/2026 17:53:27,Yorel de electro ta entero rico,,🏖️ Viña del Mar
15/4/2026 17:58:34,Disculpar mi ignorancia pero ya fue con el paro o sigue en proceso? ,,🚢 Casa Central
15/4/2026 18:24:33,siento q aveces las lesbianas se comportan mucho peor que los hombres heteros,,🚢 Casa Central
15/4/2026 19:02:31,Tengo un amigo Comercial que tiene VPH y ha estado en la ultimas semanas con dos compañeras de carrera de manera sexual sin protección y ellas no saben que tiene VPH activo. ,,🏫 Vitacura
15/4/2026 19:27:40,"hace como 3 semans vi a 2 mechone en lo ultimos pisos del k chupandole la teta a la mina
ellos ni cacharon que lo vi y lo peor es que al tipo lo e visto pk tenemo algebra juntos",,🏛️ San Joaquín
15/4/2026 20:44:23,"wn en que baño cortan pelo? tengo miedo de estar cagando de lo mas chill y que hayan wns afuera todo el rato perturbando mi paz (pregunto para cagar en otro baño, no tengo nada en contra)",https://drive.google.com/open?id=16lz5rUrSUkXort8XBs_NWNCx5q4j4LY5,🚢 Casa Central
15/4/2026 20:59:28,"wn alguien sabe donde consigo un grupo de estudio? soy mechón de ing plan común y quiero un grupo pa estudiar wnn, no tengo a tanta gente como me gustaría.

Den tips pa acercarme a los estudiosos. Me da miedo que piensen que soy un porro kl que quiere aprovecharse de ellos, pero todo lo contrario wn, si igual cacho la materia pero siempre es mejor estudiar con pares 

(mido 2.80 y escucho kayne west) nos vemos???? 💪🏼💪🏼💪🏼 ",,🚢 Casa Central
15/4/2026 21:41:17,Arreglen los seguros de los baños del A ,,🚢 Casa Central
15/4/2026 21:56:29,"Cada dia sueño con que un femboy como el Gustavo me haga el amor y me diga cuanto me ama, pero no pasara porque tengo miedo que descubra mi amor por el ¿Y si le confieso mi amor? Pero si me rechaza seria raro y dañaría nuestra amistad, me encantaría y excitaria que el y yo fueramos como Boku no pico
Que opinan chat?",,🚢 Casa Central
15/4/2026 21:59:07,"Soy informático y no le tengo miedo a las mujeres, hagan sus preguntas",,🚢 Casa Central
15/4/2026 22:23:06,"Gente, será muy penoso si mando a un amigo a pedirle ig a un chiquillla 🥺?(tengo miedo)",,🏫 Vitacura
15/4/2026 22:25:42,"Hagamos tradicion llorar en el testamento para la buena suerte, corte muro de los lamentos",,Guayaquil
15/4/2026 22:47:49,alguien podría decirle a la florencia ricci (de cuma) queee es tan weona🤣🤣 se esmera en gustarle a los compañeros e inventar cahuines... me tiene xatoo🫩🫩 ojala se valla luego de la u🥱,,sj y vita
15/4/2026 23:46:38,el vicente anda buscando el ig de una francesa de primer año,,🚢 Casa Central
15/4/2026 23:55:00,"Hoy me pasaron estos audífonos que se quedaron en el r101. Eso, ojalá el/la cabr@ responda pa comunicarme con la persona para devolverle lo suyo",https://drive.google.com/open?id=18n6Jch6sklQ1sft4A_RqPODe3vdPp_CF,🏖️ Viña del Mar
15/4/2026 23:55:21,"Que chucha que los profes de mat10 y intro a la economía no nos dejen usar calculadora para los certámenes de ICOM vespertino ,todo arcaico ,entre trabajo y estudio no hay tregua una ayudada con eso por lo menos que atroz",,🚢 Casa Central
15/4/2026 23:55:33,La otra foto,https://drive.google.com/open?id=1bQfq4mQEd1vK7to427H1FqbK4OdKRSCd,🏖️ Viña del Mar
16/4/2026 0:26:38,"confieso que la malaya qla del rodolfo vera es puro weon, le voy a sacar la xuxa cuando lo
vea 


",,🏫 Vitacura
16/4/2026 0:51:40,"DAGOBERTO CABRERA ME IMPORTA UN PICO QUE HAYAN PASADO 5 AÑOS, YO NUNCA TE VOY A PERDONAR EL MEO 0 EN PROGRA VIEJO QL. YO SE QUE TE LLEGO LA CAGA DE CORREO CON MI CERTAMEN.",,🏖️ Viña del Mar
16/4/2026 8:09:18,Los weones del 3er piso de la biblio t tratan Cmo el ñato ,,🚢 Casa Central
16/4/2026 8:22:05,hermano que alguien haga algo con esos árboles con olor a mierda que hay en la entrada yendo al k y frente a arqui 😢,https://drive.google.com/open?id=1b7lI8fclSGutm075AA_J7n9LKslxRiXC,🏛️ San Joaquín
16/4/2026 10:13:11,Chistozo como le piden respeto al furro cuando toa la panda de weones llega a tirarle mierda de una si el loco piensa eso es wea de él y no es una opinión tan impopular ,,🚢 Casa Central
16/4/2026 10:30:49,"PAL aweonao q está en mi paralelo que pasa burlándose de todos los q no entienden igual de rápido q el y dice en voz alto q es de aweonao no saber ""eso"" amigo es más aweonao saber que te pidan ayuda y no ayudar como vo hiciste con un wn q estaba al lado tuyo a creerte vio por saber algo 🫤",,🚢 Casa Central
16/4/2026 11:20:23,"Gente culia asquerosa weon, no les enseñaron acaso en sus casas del mínimo de decencia? Como puede ser posible que los baños del las k estén todos meados, que chucha de verdad que asco. Toda la wea meada ordinarios de mierda",https://drive.google.com/open?id=1po4B--r-iEhAHiNinVt0hJ6y1UzVtlpu,🏛️ San Joaquín
16/4/2026 11:43:41,"Hay una cultura de odio muy grande en esta comunidad, sinceramente creo que tiene dos causas:

1) Proviene de familias disfuncionales y expulsan las porquerías que llevan dentro de cada uno.
 
2) Son gente ociosa con vidas sencillas que no están listas para afrontar la realidad.",,🏫 Vitacura
16/4/2026 11:46:23,"oye pa los q tuvieron lab de quimica en la semana del 16 de abril, no es como super peligroso trabajar con acido cloridrico concentrado sin ni siquiera una mascarilla???(siendo q casi todos los de ahi nos ardio respirar la wea) le pregunte el PH a la profe y la loca me dijo que menos de 1💀.
No es por cagarme a las profes q me caen rebien pero lo encontre super raro.",,🚢 Casa Central
16/4/2026 11:47:09,Jamás pensé que me haría amigo de alguien de Calama,,🚢 Casa Central
16/4/2026 12:25:34,"No entiendo a los que están detras de la cuenta de voz sansana, reclaman puras weas probablemente estan metidos los loquitos de la JJCC que se estan dando un color terrible metiéndose en una wea que no tiene pito que tocar, todo es politico pero no es de tu partido muchachos, no entienden que no estan ni ahí con ellos, perdieron por el 60% péguense la cacha ",,🚢 Casa Central
16/4/2026 12:44:45,Sigan subiedo chismes po,,🚢 Casa Central
16/4/2026 13:58:03,Cómo le hacen para cagar en la u :(,,🚢 Casa Central
16/4/2026 14:30:15,Oigan gente ya leyeron la respuesta a la carta que se mando? Puras soluciones parche vámonos a paro,,🚢 Casa Central
16/4/2026 14:30:58,"Puros players desafiantes como marth o cloud en smash Bro ultimate, pero me los papeo con Sonic o Roy 🚬🦣 ",,🏖️ Viña del Mar
16/4/2026 16:29:14,"Hay que tener cuidado con los wns que venden comida en la u. Por ejemplo yo soy de vitacura y le compre mani al wn con mochila y me creció 10cm el pene. Un amigo también le compro y se le alargo el miembro.
Tengan cuidado cabros. ",,🏫 Vitacura
16/4/2026 16:52:01,"No tomen ICS70325 (Adm. y sostenibilidad organizacional) con Patricio Flores:
1. Casi siempre llega tarde, el viejo pedante ni siquiera avisaba al principio. Incluso te saca en cara que uno llegue tarde, ofreciéndote hasta salir de la sala.
2. No responde correos, según el, no tiene tiempo (maneja 1000 empresas que representan el 90% del poder empresarial chileno). Por lo que tiene delegados/sirvientes que avisan por el, via grupos de WhatsApp (?) y de todas formas no llega a decirlo todo el tiempo incluso por ese canal.
3. Su metodologia como profesor, como cualquier otro empieza de manera expositiva y de ahí todo bien, se pone mierdon cuando empieza a preguntar de manera aleatoria sobre lo que esta hablando, donde tienes la opción de responder bien o ser papeado/humillado por el anciano. Ademas en lo que va materia, ha pasado lo mismo por 3 o mas semanas, ningún avance. Ni hablar de desconcentrarse, cerrar los ojos mas de 5 segundos o ver el celular, porque ahí te humilla y mea encima.
4. Incuestionable, hubo una ocasión donde una compañera le pidio si por favor podría dejar de golpear su plumón en contra de la mesa, a lo que el profe como es sordo la compa le tuvo que decir 2 veces seguidas que si por favor podia parar, a lo que el profe le dice ""Mira tu cuando tengas tu propia clase me dices lo que tengo que hacer como profesor""😭😭. Viejo culiao ni una pizca de empatia, y eso es solo un ejemplo, porque mas de una vez le han sacado weas en cara y el viejo se pica a choro con sus 900 años de prestigio que según el tiene, y que basicamente cualquier reclamo le importaba 3 hectareas de pico.
5. Sus ""ayudantes"", si el viejo trata como pico a sus alumnos, la regla se repite para sus ayudantes, y hay mas de un testigo pa esa wea, el viejo llama gente de limpieza hasta para borrarle la pizarra😭. 

Esto es ya mas personal, pero la plasta es la representación de todo lo malo a lo que puede llegar un Ingeco. Corrupto por la plata, engreído, viejo y wataca.",,🏛️ San Joaquín
16/4/2026 16:58:54,Curioso lo que se encuentra en el P400 ,https://drive.google.com/open?id=1Aw3KqE8ad1Vu2CWMz-wHzglyCXEtpcfs,🚢 Casa Central
16/4/2026 17:23:50,Uyy el felipe de 4to de telematica me tiene loca 😍😍😍,,🏛️ San Joaquín
16/4/2026 17:30:50,La profe del paralelo n1 de mat 011 explica raro y además se saca los números del hoyo ,,🚢 Casa Central
16/4/2026 17:47:46,"Deberían normalizar cagar en la u, porque aprieto todo el día para poder cagar en mi casa ",,Anonimo
16/4/2026 17:55:49,Entre todas las weas q le pudo haber gritado a la ministra le grita migajera po wn ,,🚢 Casa Central
16/4/2026 18:02:06,El T. Villavicencio de comercial es terrible infiel el Ctm andaba como con 10 el año pasado ,,🚢 Casa Central
16/4/2026 18:05:15,"Funen al t.v de comercial, se cagaba a su polola de ese entonces con una compañera y ahora está con la compañera jjsjsjs patas negras ",,🚢 Casa Central
16/4/2026 18:14:19,"Cabros, bloqueen al enfermo mental que anda puro tirando hate en los comentarios.

Así comenta y nadie lo pesca igual que en su vida real.",,🚢 Casa Central
16/4/2026 18:35:38,"Una pregunta, realmente esta prohibido para los estudiantes ir al Bosque de la Sede de viña del mar? O es puro cuenteo de los guardias?",,🏖️ Viña del Mar
16/4/2026 18:40:04,den dato de donde culiar piola en la u,,🏫 Vitacura
16/4/2026 18:41:59,"Pasen el ig de las mechonas rajonas sipo, puro top global este año",,🏫 Vitacura
16/4/2026 21:08:23,"[16/04/2026] 
La de pelo rosado que bailo en la Ceremonia Reconocimiento a la Excelencia Deportiva 2024, que buen estilo de pelo tienes, no has pensado en tintar algunas partes de blanco creo que combinarian bien",,Casa Central / Viña del Mar
16/4/2026 22:05:09,Enamorao de las minas de ambiental,,🚢 Casa Central
16/4/2026 22:13:54,El mes pasado vimos a unos de los que ayuda ( nacho mella creo que se llama ) con una menor de edad y para rematar la mina iba en un colegio judío ‼️sosssss ,,🚢 Casa Central
16/4/2026 22:22:54,"Es normal sentir asco por tu pareja?
Verlo hablar con otras minas no me da celos ni me enoja, me da asco y no se si es normal",,.
16/4/2026 23:00:59,"pasen el ig de la loca vi caminando a patio central, tenia las medias gomas",,🚢 Casa Central
16/4/2026 23:03:55,baño mujeres vitacura 💀💀💀💀 ya no lele panchita parece ,https://drive.google.com/open?id=1_rudMrIMDdkwOpz1MSLtH8O-pr7Mm3uL,🏫 Vitacura
17/4/2026 0:23:35,"Ojala nos hubiéramos conocido mucho antes, la verdad es que me caes muy bien y eres muy gracioso, me gustaria salir contigo algún dia Andrés 😊",,🏛️ San Joaquín
17/4/2026 1:37:17,"Para los que reclaman sobre politica en la U, lean primero el testamento de don Fede y digan que no tiene tintes políticos, wns estúpidos ",,🚢 Casa Central
17/4/2026 8:25:53,pasen nombre y rut del perkin que le gritó a la ministra,,🚢 Casa Central
17/4/2026 9:21:53,Soy el único que piensa que la de dirección estudiantil atiende como las weas la que está en recepción ,,🏛️ San Joaquín
